»’∆Џ,ЇЋ–ƒєЎЉьі ,ѕаєЎЋ—Ћчі ,Ћ—Ћч»Ћ∆ш,Ћ—Ћч»Ћ∆шїЈ±»,µгїч¬ ,µгїч¬ їЈ±»,÷ІЄґ„™їѓ¬ ,÷ІЄґ„™їѓ¬ їЈ±»,÷ІЄґ¬тЉ“ э,÷ІЄґ¬тЉ“ эїЈ±»,–и«ує©Єш±»,–и«ує©Єш±»їЈ±»,‘§єјЋ—Ћч»Ћ∆ш,‘§єјµгїч»Ћ э,‘§єј÷ІЄґ„™їѓ¬ ,‘§єјєЇ¬т»Ћ э
2026/08/09,„ш±г∆ч,„ш±г∆чЋ—Ћчі ,2500 ~ 5000,0.05,0.62,0.033,15% ~ 20%,0.35,100 ~ 250,0.45,0.05,0,3750,2325,0.175,406.875
2026/08/09,„ш±г∆ч,¬нЌ∞„ш±г∆чґщЌѓ,1200 ~ 2500,0.15,0.93,0.045,25% ~ 30%,0.15,100 ~ 250,0.25,0.22,0.158,1850,1720.5,0.275,473.1375
2026/08/09,„ш±г∆ч,„ш±г∆чјѕ»Ћ“∆ґѓ¬нЌ∞,600 ~ 1200,0.1,0.79,-0.048,15% ~ 20%,0.15,100 ~ 250,0.25,0.24,0.043,900,711,0.175,124.425
2026/08/09,„ш±г∆ч,¬нЌ∞ґщЌѓ„ш±г∆ч,600 ~ 1200,0.15,0.98,0,25% ~ 30%,0.2,100 ~ 250,0.4,0.14,0.167,900,882,0.275,242.55
2026/08/09,„ш±г∆ч,јѕ»Ћ„ш±г∆ч,600 ~ 1200,-0.05,0.85,-0.076,15% ~ 20%,-0.25,50 ~ 100,-0.25,0.09,0,900,765,0.175,133.875
2026/08/09,„ш±г∆ч,„ш±г∆ч¬нЌ∞,600 ~ 1200,0.05,0.71,0.145,5% ~ 7.5%,-0.25,10 ~ 50,-0.2,0.01,0,900,639,0.062,39.618
2026/08/09,„ш±г∆ч,јѕ»Ћ“∆ґѓ¬нЌ∞„ш±г∆ч,600 ~ 1200,0.1,0.78,-0.049,15% ~ 20%,-0.15,50 ~ 100,-0.1,0.15,0.071,900,702,0.175,122.85
2026/08/09,„ш±г∆ч,„ш±г∆ч¬нЌ∞Љ“”√,600 ~ 1200,0.1,0.61,-0.076,5% ~ 7.5%,-0.15,10 ~ 50,-0.05,0.03,0,900,549,0.062,34.038
2026/08/09,„ш±г∆ч,¬нЌ∞„ш±г∆чЉ“”√,600 ~ 1200,0.15,0.64,-0.03,7.5% ~ 10%,0.05,10 ~ 50,0.1,0.03,0,900,576,0.087,50.112
2026/08/09,„ш±г∆ч,ґщЌѓ„ш±г∆ч,300 ~ 600,-0.05,0.99,0.179,20% ~ 25%,0.05,50 ~ 100,0.05,0.08,0,450,445.5,0.225,100.2375
2026/08/09,„ш±г∆ч,¬нЌ∞„ш±г∆ч“∆ґѓјѕ»Ћ,300 ~ 600,0.05,0.69,-0.138,15% ~ 20%,0.1,50 ~ 100,0.05,0.12,0.091,450,310.5,0.175,54.3375
2026/08/09,„ш±г∆ч,„ш±г∆ч≈дЉюіу»Ђ,300 ~ 600,0.1,0.68,0.062,25% ~ 30%,0.25,50 ~ 100,0.4,0.37,0.088,450,306,0.275,84.15
2026/08/09,„ш±г∆ч,‘–ЄЊ„ш±г∆ч,300 ~ 600,-0.05,0.94,-0.05,25% ~ 30%,0.45,50 ~ 100,0.4,0.06,0,450,423,0.275,116.325
2026/08/09,„ш±г∆ч,„ш±г∆чґ„њ”…с∆ч,300 ~ 600,0.2,0.8,0.053,20% ~ 25%,-0.15,10 ~ 50,0.1,0.11,0.222,450,360,0.225,81
2026/08/09,„ш±г∆ч,ґщЌѓ¬нЌ∞„ш±г∆ч≈Ѓ±¶±¶,300 ~ 600,0.05,0.91,-0.071,25% ~ 30%,0.45,50 ~ 100,0.5,0.22,0.048,450,409.5,0.275,112.6125
2026/08/09,„ш±г∆ч,јѕ»Ћ“∆ґѓ„ш±г∆ч,300 ~ 600,-0.15,0.84,0.012,15% ~ 20%,-0.2,10 ~ 50,-0.35,0.06,-0.143,450,378,0.175,66.15
2026/08/09,„ш±г∆ч,јѕ»Ћ„ш±г∆ч¬нЌ∞“ќ„”Љ“”√,150 ~ 300,0.15,0.8,0.127,15% ~ 20%,-0.1,10 ~ 50,0.25,0.51,0.133,225,180,0.175,31.5
2026/08/09,„ш±г∆ч,јѕƒк»Ћ„ш±г∆ч“ќ„”,150 ~ 300,0.05,0.9,0.139,15% ~ 20%,-0.1,10 ~ 50,-0.1,0.68,0,225,202.5,0.175,35.4375
2026/08/09,„ш±г∆ч,±¶±¶„ш±г∆ч,150 ~ 300,0.05,0.97,0.128,20% ~ 25%,-0.05,10 ~ 50,0,0.05,0,225,218.25,0.225,49.1063
2026/08/09,„ш±г∆ч,÷«ƒ№¬нЌ∞„ш±г∆ч,150 ~ 300,0.35,0.56,0.244,1% ~ 2.5%,-0.55,2,-0.35,0.03,0.5,225,126,0.018,2.268
2026/08/09,„ш±г∆ч,¬нЌ∞‘–ЄЊ„ш±г∆ч,150 ~ 300,-0.1,0.85,0.012,10% ~ 15%,-0.15,10 ~ 50,-0.25,0.04,-0.2,225,191.25,0.125,23.9062
2026/08/09,„ш±г∆ч,јѕƒк»Ћ„ш±г∆ч“∆ґѓ¬нЌ∞,150 ~ 300,-0.1,0.74,0.088,15% ~ 20%,0.15,10 ~ 50,0,0.14,-0.067,225,166.5,0.175,29.1375
2026/08/09,„ш±г∆ч,ґщЌѓ¬нЌ∞„ш±г∆ч,150 ~ 300,0.15,0.78,-0.133,20% ~ 25%,0.05,10 ~ 50,0.15,0.04,0.333,225,175.5,0.225,39.4875
2026/08/09,„ш±г∆ч,ґщЌѓ¬нЌ∞„ш±г∆чƒ–Ќѓ,150 ~ 300,-0.1,0.92,0.058,35% ~ 40%,0.2,50 ~ 100,0.05,1.26,-0.1,225,207,0.375,77.625
2026/08/09,„ш±г∆ч,јѕ»Ћ„ш±г∆ч“∆ґѓ¬нЌ∞,150 ~ 300,0.2,0.92,0.227,20% ~ 25%,0.15,10 ~ 50,0.45,0.05,0.25,225,207,0.225,46.575
2026/08/09,„ш±г∆ч,≈©іеЇµ≤ё„ш±г∆ч,150 ~ 300,-0.2,0.69,-0.092,10% ~ 15%,0,10 ~ 50,-0.15,0.16,-0.158,225,155.25,0.125,19.4062
2026/08/09,„ш±г∆ч,“∆ґѓ¬нЌ∞„ш±г∆чјѕ»Ћ,150 ~ 300,-0.25,0.72,-0.077,10% ~ 15%,-0.2,10 ~ 50,-0.4,0.05,-0.167,225,162,0.125,20.25
2026/08/09,„ш±г∆ч,¬нЌ∞ґщЌѓ„ш±г∆ч3Ћк“‘…ѕ,150 ~ 300,0.1,1.01,-0.038,15% ~ 20%,-0.3,10 ~ 50,-0.25,8.36,0.057,225,227.25,0.175,39.7687
2026/08/09,„ш±г∆ч,±г–ѓ љ„ш±г∆ч,150 ~ 300,-0.05,0.73,0.043,20% ~ 25%,0.45,10 ~ 50,0.4,0.07,0,225,164.25,0.225,36.9563
2026/08/09,„ш±г∆ч,„ш±г∆чµж»¶,150 ~ 300,0.15,0.78,0.3,30% ~ 35%,0.15,10 ~ 50,0.45,0.05,0,225,175.5,0.325,57.0375
2026/08/09,„ш±г∆ч,јѕƒк»Ћ¬нЌ∞„ш±г∆чњ…“∆ґѓ,150 ~ 300,-0.15,0.79,0.162,10% ~ 15%,-0.25,10 ~ 50,-0.3,0.19,-0.095,225,177.75,0.125,22.2188
2026/08/09,„ш±г∆ч,„ш±г∆чґщЌѓ,150 ~ 300,0.15,0.98,-0.117,20% ~ 25%,-0.35,10 ~ 50,-0.15,0.02,0,225,220.5,0.225,49.6125
2026/08/09,„ш±г∆ч,јѕ»Ћ¬нЌ∞„ш±г∆чњ…“∆ґѓ,150 ~ 300,-0.3,0.84,0.183,20% ~ 25%,0.2,10 ~ 50,-0.25,0.07,-0.3,225,189,0.225,42.525
2026/08/09,„ш±г∆ч, јЉЌ±¶±і„ш±г∆ч,50 ~ 150,0.15,0.97,0.115,1% ~ 2.5%,0.7,2,1.05,0.59,0.113,100,97,0.018,1.746
2026/08/09,„ш±г∆ч,¬нЌ∞„ш±г∆ч,50 ~ 150,-0.2,0.61,0.089,1% ~ 2.5%,-0.75,1,-0.85,0,0,100,61,0.018,1.098
2026/08/09,„ш±г∆ч,≥…»Ћ„ш±г∆чЉ“”√,50 ~ 150,0.2,0.75,0.191,25% ~ 30%,0.05,10 ~ 50,0.3,0.08,0.143,100,75,0.275,20.625
2026/08/09,„ш±г∆ч,‘–ЄЊ¬нЌ∞„ш±г∆ч,50 ~ 150,0.3,0.9,0.071,20% ~ 25%,0.1,10 ~ 50,0.65,0.02,0,100,90,0.225,20.25
2026/08/09,„ш±г∆ч,Їµ≤ё„ш±г∆ч≈©іе,50 ~ 150,0.05,0.55,-0.113,10% ~ 15%,-0.05,8,-0.15,0.1,0,100,55,0.125,6.875
2026/08/09,„ш±г∆ч,ґ„њ”„ш±г∆ч,50 ~ 150,0.25,0.93,0.192,20% ~ 25%,-0.05,10 ~ 50,0.3,0.01,0,100,93,0.225,20.925
2026/08/09,„ш±г∆ч,„ш±г∆чЉ“”√,50 ~ 150,0.2,0.57,0.018,15% ~ 20%,0.9,10 ~ 50,1.25,0.01,0,100,57,0.175,9.975
2026/08/09,„ш±г∆ч,Љт“„„ш±г∆ч,50 ~ 150,-0.05,0.97,0.329,15% ~ 20%,-0.35,10 ~ 50,-0.3,0.09,0,100,97,0.175,16.975
2026/08/09,„ш±г∆ч,„ш±г∆ч‘–ЄЊ„®”√,50 ~ 150,-0.15,1,-0.16,20% ~ 25%,-0.1,10 ~ 50,-0.25,0.26,-0.133,100,100,0.225,22.5
2026/08/09,„ш±г∆ч,÷«ƒ№¬нЌ∞“їће љ»Ђ„‘ґѓ„ш±г∆ч≥еѕіЇжЄ…,50 ~ 150,-0.05,0.44,-0.333,1% ~ 2.5%,0,1,0,2.17,-0.031,100,44,0.018,0.792
2026/08/09,„ш±г∆ч,–¬њо„ш±г∆ч,50 ~ 150,0.1,0.75,-0.013,10% ~ 15%,0.1,6,0.25,0.04,0,100,75,0.125,9.375
2026/08/09,„ш±г∆ч,ќј…ъЉд„ш±г∆ч,50 ~ 150,0.2,0.68,0.015,7.5% ~ 10%,-0.35,4,-0.25,0.02,1,100,68,0.087,5.916
2026/08/09,„ш±г∆ч,–°ЇҐ¬нЌ∞„ш±г∆ч,50 ~ 150,0.1,1.01,0.312,25% ~ 30%,-0.05,10 ~ 50,-0.1,0.04,0,100,101,0.275,27.775
2026/08/09,„ш±г∆ч,‘–ЄЊ„ш±г∆чґ„њ”…с∆ч,50 ~ 150,0.1,0.96,0.129,20% ~ 25%,-0.1,10 ~ 50,0,0.05,0,100,96,0.225,21.6
2026/08/09,„ш±г∆ч,„ш±г∆чјѕ»Ћ„®”√,50 ~ 150,-0.05,0.69,-0.148,20% ~ 25%,0.1,10 ~ 50,0,0.11,-0.083,100,69,0.225,15.525
2026/08/09,„ш±г∆ч,„ш±г∆ч¬нЌ∞Є«,50 ~ 150,0.05,0.78,-0.049,30% ~ 35%,0.1,10 ~ 50,0.15,0.01,0,100,78,0.325,25.35
2026/08/09,„ш±г∆ч,„ш±г∆чЋЃѕд≈дЉю,50 ~ 150,0.15,0.67,-0.221,30% ~ 35%,0.25,10 ~ 50,0.15,0.02,0,100,67,0.325,21.775
2026/08/09,„ш±г∆ч,Љт“„¬нЌ∞„ш±г∆чјѕ»Ћ,50 ~ 150,0,0.66,-0.258,20% ~ 25%,0.45,10 ~ 50,0.35,0.14,0,100,66,0.225,14.85
2026/08/09,„ш±г∆ч,≤°»Ћ¬нЌ∞„ш±г∆ч,50 ~ 150,-0.2,0.59,-0.106,10% ~ 15%,-0.25,6,-0.45,0.03,0,100,59,0.125,7.375
2026/08/09,„ш±г∆ч,јѕ»Ћ„ш±г∆чµЏ“ї√ы,50 ~ 150,-0.15,0.74,-0.051,20% ~ 25%,-0.05,10 ~ 50,-0.2,0.01,0,100,74,0.225,16.65
2026/08/09,„ш±г∆ч,Љ“”√ љ„ш±г∆ч,50 ~ 150,1.6,1,0.852,10% ~ 15%,0.1,5,1.55,0.01,0,100,100,0.125,12.5
2026/08/09,„ш±г∆ч,„ш±г∆чЈц ÷Љ№јѕ»ЋЉ“”√,50 ~ 150,-0.1,0.93,0.329,10% ~ 15%,-0.45,6,-0.5,0.47,-0.078,100,93,0.125,11.625
2026/08/09,„ш±г∆ч,≥…»Ћ“∆ґѓ¬нЌ∞„ш±г∆ч,50 ~ 150,0.05,0.75,0,15% ~ 20%,-0.25,9,-0.15,0.06,0,100,75,0.175,13.125
2026/08/09,„ш±г∆ч,јѕ»Ћ„ш±г∆ч„ш±г“ќ,50 ~ 150,0.5,0.89,0.391,20% ~ 25%,0.5,10 ~ 50,1.45,0,-1,100,89,0.225,20.025
2026/08/09,„ш±г∆ч,±¶±¶„ш±г∆ч≈Ѓ±¶,50 ~ 150,0.1,1.16,0.275,20% ~ 25%,0.1,10 ~ 50,0.45,0,-1,100,116,0.225,26.1
2026/08/09,„ш±г∆ч,ґщЌѓ¬нЌ∞„ш±г∆чµж»¶,50 ~ 150,-0.15,0.96,-0.179,30% ~ 35%,0.35,10 ~ 50,0,0,-1,100,96,0.325,31.2
2026/08/09,„ш±г∆ч,≥…»Ћ“∆ґѓ¬нЌ∞„ш±г∆чіуЇ≈,50 ~ 150,0.15,0.86,0.623,20% ~ 25%,1,10 ~ 50,1.55,0,-1,100,86,0.225,19.35
2026/08/09,„ш±г∆ч,„ш±г∆ч…ѕіҐќпЉ№,50 ~ 150,0.2,0.96,0.524,10% ~ 15%,0.45,7,0.8,0,-1,100,96,0.125,12
2026/08/09,„ш±г∆ч,±¶±¶¬нЌ∞„ш±г∆ч≈Ѓ±¶,50 ~ 150,-0.05,1.19,0.017,20% ~ 25%,-0.1,10 ~ 50,-0.15,0,-1,100,119,0.225,26.775
2026/08/09,„ш±г∆ч,„ш±г∆чµ „”,50 ~ 150,0.1,0.71,0.076,25% ~ 30%,0.6,9,0.3,0,-1,100,71,0.275,19.525
2026/08/09,„ш±г∆ч,±¶±¶„ш±г∆чƒ–±¶,50 ~ 150,0.05,0.82,-0.255,15% ~ 20%,-0.5,10 ~ 50,-0.45,0,-1,100,82,0.175,14.35
2026/08/09,„ш±г∆ч,Їµ≤ё„ш±г∆ч,50 ~ 150,-0.05,0.64,-0.2,7.5% ~ 10%,0.25,3,0,0,-1,100,64,0.087,5.568
2026/08/09,„ш±г∆ч,„ш±г∆ч±¶±¶,50 ~ 150,-0.2,0.65,-0.235,10% ~ 15%,-0.4,7,-0.5,0,-1,100,65,0.125,8.125
2026/08/09,„ш±г∆ч,ґ„±г…ѕµƒ„ш±г∆ч,50 ~ 150,0.05,0.93,-0.123,15% ~ 20%,0.3,6,0.25,0,-1,100,93,0.175,16.275
2026/08/09,„ш±г∆ч,¬нЌ∞ѕыґЊ…±Њъ≈зќнќј…ъЉд„ш±г∆ч,50 ~ 150,0.1,0.87,0.145,40% ~ 45%,0.1,10 ~ 50,0.4,0,-1,100,87,0.425,36.975
2026/08/09,„ш±г∆ч,јѕ»Ћ„ш±г∆ч¬нЌ∞“ќ„”Љ“”√≈©іејќєћ–Ќ,50 ~ 150,0.15,0.77,-0.037,10% ~ 15%,-0.3,4,-0.25,0,-1,100,77,0.125,9.625
2026/08/09,„ш±г∆ч,ґщЌѓ¬нЌ∞„ш±г∆чƒ–±¶±¶„®”√,50 ~ 150,-0.1,1.04,0,15% ~ 20%,-0.4,8,-0.45,0,-1,100,104,0.175,18.2
2026/08/09,„ш±г∆ч,±¶±¶≤ёЋщ„ш±г∆ч,50 ~ 150,0.25,0.81,-0.236,25% ~ 30%,1,10 ~ 50,1.65,0,-1,100,81,0.275,22.275
2026/08/09,„ш±г∆ч,Ј≈‘Џ¬нЌ∞…ѕµƒґщЌѓ„ш±г∆ч,50 ~ 150,0.2,0.88,0,15% ~ 20%,-0.2,9,-0.15,0,-1,100,88,0.175,15.4
2026/08/09,„ш±г∆ч,“∆ґѓ„ш±г∆ч,50 ~ 150,0.1,0.7,-0.136,20% ~ 25%,0.7,9,0.85,0,-1,100,70,0.225,15.75
2026/08/09,„ш±г∆ч,„ш±г∆ч иЌ®…с∆ч,50 ~ 150,0.25,0.71,-0.418,30% ~ 35%,0.15,10 ~ 50,0,0,-1,100,71,0.325,23.075
2026/08/09,„ш±г∆ч,–°ЇҐ„ш±г∆ч,50 ~ 150,0.45,0.69,-0.115,10% ~ 15%,-0.65,5,-0.55,0,-1,100,69,0.125,8.625
2026/08/09,„ш±г∆ч,Љ“”√јѕ»Ћ„ш±г∆чњ…“∆ґѓ¬нЌ∞,50 ~ 150,0,0.82,0.281,15% ~ 20%,0.35,7,0.45,0,-1,100,82,0.175,14.35
2026/08/09,„ш±г∆ч,ґщЌѓ¬нЌ∞„ш±г∆ч6Ћк“‘…ѕ,50 ~ 150,0,0.78,-0.06,35% ~ 40%,1.3,10 ~ 50,1.35,0,-1,100,78,0.375,29.25
2026/08/09,„ш±г∆ч,Љт“„¬нЌ∞„ш±г∆ч,50 ~ 150,0.5,1.02,0.7,20% ~ 25%,0.3,8,0.65,0,-1,100,102,0.225,22.95
2026/08/09,„ш±г∆ч,јѕƒк»Ћ¬нЌ∞„ш±г∆чњ…“∆ґѓ±г–ѓ љ,50 ~ 150,0.1,0.8,-0.149,20% ~ 25%,0.25,6,-0.3,0,-1,100,80,0.225,18
2026/08/09,„ш±г∆ч,÷«ƒ№„ш±г∆ч,50 ~ 150,0.15,0.57,0.461,5% ~ 7.5%,0,1,0,0,-1,100,57,0.062,3.534
2026/08/09,„ш±г∆ч,Љт“„¬нЌ∞„ш±г∆ч,50 ~ 150,0.5,1.02,0.7,20% ~ 25%,0.3,8,0.65,0,-1,100,102,0.225,22.95
2026/08/09,„ш±г∆ч,Љ“”√¬нЌ∞„ш±г∆ч,50 ~ 150,-0.1,0.63,0.125,5% ~ 7.5%,-0.1,2,0,0,0,100,63,0.062,3.906
2026/08/09,„ш±г∆ч,Љ“”√„ш±г∆ч,50 ~ 150,0.15,0.86,0,7.5% ~ 10%,-0.75,3,-0.75,0,0,100,86,0.087,7.482
2026/08/09,„ш±г∆ч,¬÷“ќіш„ш±г∆ч,50 ~ 150,0.25,1.04,-0.111,10% ~ 15%,-0.65,4,-0.55,0,-1,100,104,0.125,13
2026/08/09,„ш±г∆ч,„ш±г∆ч Ѓіу∆Ј≈∆,50 ~ 150,-0.05,0.49,-0.039,0% ~ 1%,-1.05,0,-1.05,0,-1,100,49,0.005,0.245
2026/08/09,„ш±г∆ч,і≤…ѕ„ш±г∆ч,50 ~ 150,-0.1,0.53,-0.398,20% ~ 25%,-0.1,8,-0.15,0,-1,100,53,0.225,11.925
2026/08/09,„ш±г∆ч,ґщЌѓґ„њ”„ш±г∆ч,50 ~ 150,-0.15,1.04,0.651,30% ~ 35%,1.05,10 ~ 50,0.85,0,-1,100,104,0.325,33.8
2026/08/09,„ш±г∆ч,Ј≈¬нЌ∞…ѕµƒґщЌѓ„ш±г∆ч,50 ~ 150,0.35,0.81,-0.058,15% ~ 20%,-0.2,6,0.25,0,-1,100,81,0.175,14.175
2026/08/09,„ш±г∆ч,–°ЇҐ„”¬нЌ∞„ш±г∆ч,50 ~ 150,0,1.36,-0.014,30% ~ 35%,-0.2,10 ~ 50,-0.1,0,-1,100,136,0.325,44.2
2026/08/09,„ш±г∆ч,ґщЌѓ„ш±г∆ч≈ЃЇҐ,50 ~ 150,-0.3,0.83,-0.126,30% ~ 35%,0.15,10 ~ 50,-0.1,0,-1,100,83,0.325,26.975
2026/08/09,„ш±г∆ч,ґщЌѓ„ш±г∆ч≈ЃЇҐ,50 ~ 150,-0.3,0.83,-0.126,30% ~ 35%,0.15,10 ~ 50,-0.1,0,-1,100,83,0.325,26.975
2026/08/09,„ш±г∆ч,”§ґщ„ш±г∆ч,50 ~ 150,-0.2,0.96,0.263,25% ~ 30%,0.75,10 ~ 50,0.4,0,-1,100,96,0.275,26.4
2026/08/09,„ш±г∆ч,”§ґщ¬нЌ∞„ш±г∆ч≈Ѓ±¶±¶,50 ~ 150,0,0.69,-0.415,15% ~ 20%,-0.3,5,-0.3,0,-1,100,69,0.175,12.075
2026/08/09,„ш±г∆ч,±г–ѓ љ„ш±г∆чњ…’џµю,50 ~ 150,0.05,0.79,-0.037,15% ~ 20%,0.05,7,0.2,0,-1,100,79,0.175,13.825
2026/08/09,„ш±г∆ч,’џµю„ш±г∆ч,50 ~ 150,0.25,0.84,-0.056,10% ~ 15%,1.3,5,1.55,0,-1,100,84,0.125,10.5
2026/08/09,„ш±г∆ч,ґщЌѓ„ш±г∆ч¬нЌ∞»¶,20 ~ 50,-0.15,1.37,0.473,30% ~ 35%,0.65,9,0.15,0,-1,35,47.95,0.325,15.5838
2026/08/09,„ш±г∆ч,“їіќ–‘¬нЌ∞„ш±г∆ч,20 ~ 50,0.05,0.75,0.271,20% ~ 25%,-0.35,5,-0.2,0,-1,35,26.25,0.225,5.9062
2026/08/09,„ш±г∆ч,ґщЌѓ„ш±г∆чƒ–±¶,20 ~ 50,0.35,1.6,0.975,20% ~ 25%,-0.3,7,0,0,-1,35,56,0.225,12.6
2026/08/09,„ш±г∆ч,±¶±¶¬нЌ∞„ш±г∆ч¬•ћЁ,20 ~ 50,0.65,0.97,-0.312,20% ~ 25%,0.4,7,1.35,0,-1,35,33.95,0.225,7.6387
2026/08/09,„ш±г∆ч,јѕƒк»Ћ„®”√„ш±г∆чЉ”Єя…эЄя∞ж,20 ~ 50,0.4,0.82,0.281,20% ~ 25%,1.15,7,2.55,0,-1,35,28.7,0.225,6.4575
2026/08/09,„ш±г∆ч,±г≈и„ш±г∆ч,20 ~ 50,0.35,0.73,-0.076,7.5% ~ 10%,-0.55,2,-0.35,0,0,35,25.55,0.087,2.2228
2026/08/09,„ш±г∆ч,»Ђ„‘ґѓ÷«ƒ№„ш±г∆ч,20 ~ 50,0.15,0.55,-0.098,2.5% ~ 5%,0,1,0,0.02,1,35,19.25,0.037,0.7122
2026/08/09,„ш±г∆ч,јѕƒк»ЋЉ“”√„ш±г∆ч,20 ~ 50,0.05,1.27,0.067,25% ~ 30%,0.35,8,0.35,0.03,0.5,35,44.45,0.275,12.2238
2026/08/09,„ш±г∆ч,ґщЌѓ±г≈и„ш±г∆ч,20 ~ 50,0.25,0.82,-0.068,15% ~ 20%,-0.6,5,-0.55,0,0,35,28.7,0.175,5.0225
2026/08/09,„ш±г∆ч,јѕ»Ћґ„њ”„ш±г∆ч,20 ~ 50,0.65,0.85,0.149,10% ~ 15%,-0.6,3,-0.3,0.01,0,35,29.75,0.125,3.7188
2026/08/09,„ш±г∆ч,„ш±г∆чЈ®јЉ√№Јв»¶,20 ~ 50,-0.05,0.9,-0.032,30% ~ 35%,0.05,10 ~ 50,0,0.02,0,35,31.5,0.325,10.2375
2026/08/09,„ш±г∆ч,Ћ№Ѕѕ¬нЌ∞„ш±г∆ч≥…»Ћ,20 ~ 50,-0.15,0.92,-0.021,20% ~ 25%,-0.25,6,-0.3,0.24,-0.077,35,32.2,0.225,7.245
2026/08/09,„ш±г∆ч,јѕƒк»Ћ„ш±г∆ч,20 ~ 50,-0.15,0.62,-0.088,10% ~ 15%,-0.6,3,-0.6,0.01,-0.5,35,21.7,0.125,2.7125
2026/08/09,„ш±г∆ч,≈Ѓ њ„ш±г∆ч,20 ~ 50,0.35,0.74,0.298,20% ~ 25%,0.7,4,1.05,0.41,0.323,35,25.9,0.225,5.8275
2026/08/09,„ш±г∆ч,¬нЌ∞„ш±г∆чµ„≤њєћґ®љЇ,20 ~ 50,-0.15,0.75,-0.128,10% ~ 15%,-0.75,3,-0.75,0.16,-0.111,35,26.25,0.125,3.2812
2026/08/09,„ш±г∆ч,јѕƒк»Ћ„ш±г∆ч,20 ~ 50,-0.15,0.62,-0.088,10% ~ 15%,-0.6,3,-0.6,0.01,-0.5,35,21.7,0.125,2.7125
2026/08/09,„ш±г∆ч,¬нЌ∞„ш±г∆чµ„≤њєћґ®љЇ,20 ~ 50,-0.15,0.75,-0.128,10% ~ 15%,-0.75,3,-0.75,0.16,-0.111,35,26.25,0.125,3.2812
2026/08/09,„ш±г∆ч,„ш±г∆чµ„≤њ√№ЈвљЇ,20 ~ 50,-0.3,1.25,0.471,55% ~ 60%,1.6,10 ~ 50,0.7,0.07,-0.3,35,43.75,0.575,25.1562
2026/08/09,„ш±г∆ч,±¶±¶ј≠ Ї„ш±г∆ч,20 ~ 50,0.1,0.77,-0.013,30% ~ 35%,0.3,8,0.15,0.13,0.083,35,26.95,0.325,8.7588
2026/08/09,„ш±г∆ч,–°≈у”—¬нЌ∞„ш±г∆ч,20 ~ 50,0.15,0.79,0.295,15% ~ 20%,-0.15,6,0.55,0.88,0.143,35,27.65,0.175,4.8388
2026/08/09,„ш±г∆ч,ґ„≤ё„ш±г∆чґщЌѓ,20 ~ 50,0.2,0.83,-0.107,10% ~ 15%,0.45,4,1.05,0.04,0.333,35,29.05,0.125,3.6312
2026/08/09,„ш±г∆ч,–°ґщ¬нЌ∞„ш±г∆ч,20 ~ 50,0.65,0.87,-0.121,20% ~ 25%,0.1,6,0.55,0.68,0.619,35,30.45,0.225,6.8513
2026/08/09,„ш±г∆ч,ћµ”џ„ш±г∆ч,20 ~ 50,0,0.73,-0.255,7.5% ~ 10%,-0.75,2,-0.8,0.01,0,35,25.55,0.087,2.2228
2026/08/09,„ш±г∆ч,јѕ»Ћ„ш±г∆ч“∆ґѓ¬нЌ∞ѕі‘иЅљ”√,20 ~ 50,0.15,0.72,0.309,20% ~ 25%,-0.35,4,-0.25,0.52,0.106,35,25.2,0.225,5.67
2026/08/09,„ш±г∆ч,≤ёЋщґ„њ”„ш±г∆ч,20 ~ 50,-0.1,0.62,-0.114,20% ~ 25%,0.05,4,-0.25,0.01,0,35,21.7,0.225,4.8825
2026/08/09,„ш±г∆ч,Њ≈ƒЅ„ш±г∆ч,20 ~ 50,0.1,0.78,0.345,0% ~ 1%,-1.05,0,-1.05,0.01,0,35,27.3,0.005,0.1365
2026/08/09,„ш±г∆ч,≤ёЋщґ„њ”„ш±г∆ч,20 ~ 50,-0.1,0.62,-0.114,20% ~ 25%,0.05,4,-0.25,0.01,0,35,21.7,0.225,4.8825
2026/08/09,„ш±г∆ч,јѕ»Ћ„ш±г∆ч¬нЌ∞“ќ,20 ~ 50,-0.05,0.74,-0.039,15% ~ 20%,-0.35,4,-0.55,0.01,0,35,25.9,0.175,4.5325
2026/08/09,„ш±г∆ч,њ…“∆ґѓ¬нЌ∞јѕ»Ћ„ш±г∆ч,20 ~ 50,-0.2,1.16,1.148,15% ~ 20%,0,4,0,0.02,0,35,40.6,0.175,7.105
2026/08/09,„ш±г∆ч,‘–ЄЊµ „”„ш±г∆ч,20 ~ 50,0.2,1.16,0.036,25% ~ 30%,0.45,5,0.7,0.04,0.333,35,40.6,0.275,11.165
2026/08/09,„ш±г∆ч,Љ“”√ќј…ъЉд„ш±г∆ч,20 ~ 50,-0.1,0.54,-0.217,5% ~ 7.5%,-0.5,1,-0.55,0.01,-0.5,35,18.9,0.062,1.1718
2026/08/09,„ш±г∆ч,јѕ»Ћ„ш±г∆ч¬нЌ∞“∆ґѓ,20 ~ 50,0.35,0.68,-0.128,10% ~ 15%,0.1,3,0.55,0.01,0,35,23.8,0.125,2.975
2026/08/09,„ш±г∆ч,±¶±¶„ш±г∆ч¬нЌ∞»¶,20 ~ 50,-0.15,0.96,-0.094,20% ~ 25%,-0.5,5,-0.55,0.02,-0.333,35,33.6,0.225,7.56
2026/08/09,„ш±г∆ч,јѕ»Ћ”√„ш±г∆ч,20 ~ 50,-0.05,0.94,0.133,25% ~ 30%,0.3,7,0.45,0.01,0,35,32.9,0.275,9.0475
2026/08/09,„ш±г∆ч,≤ёЋщ„ш±г∆ч,20 ~ 50,-0.3,0.74,0.423,35% ~ 40%,1.95,7,1.35,0,0,35,25.9,0.375,9.7125
2026/08/09,„ш±г∆ч, јЉЌ±¶±іЈ¬’ж„ш±г∆ч,20 ~ 50,0.2,0.94,-0.309,0% ~ 1%,0,0,0,2.57,0.163,35,32.9,0.005,0.1645
2026/08/09,„ш±г∆ч,¬нЌ∞„ш±г∆чѕі∆®є…,20 ~ 50,-0.05,0.72,0.385,10% ~ 15%,-0.65,3,-0.55,0.16,-0.059,35,25.2,0.125,3.15
2026/08/09,„ш±г∆ч,і≤±я„ш±г∆ч,20 ~ 50,0.2,0.85,0.771,15% ~ 20%,0.4,3,0.55,0.08,0.143,35,29.75,0.175,5.2062
2026/08/09,„ш±г∆ч,÷«ƒ№„ш±г∆ч¬нЌ∞Є«,20 ~ 50,1.55,0.8,1.424,15% ~ 20%,0,3,0,0.01,0,35,28,0.175,4.9
2026/08/09,„ш±г∆ч,јѕƒк»Ћі≤±я„ш±г∆ч,20 ~ 50,-0.25,1.07,0.486,25% ~ 30%,0.65,5,0.3,0.15,-0.211,35,37.45,0.275,10.2988
2026/08/09,„ш±г∆ч,јѕƒк»Ћ¬нЌ∞„ш±г∆чњ…“∆ґѓіуЇ≈,20 ~ 50,-0.15,0.75,-0.211,20% ~ 25%,0.1,3,0,35,-0.103,35,26.25,0.225,5.9062
2026/08/09,„ш±г∆ч,„ш±г∆чћ„,20 ~ 50,0.8,0.87,-0.011,35% ~ 40%,0.15,6,0.55,0.01,0,35,30.45,0.375,11.4187
2026/08/09,„ш±г∆ч,¬нЌ∞„ш±г∆чґщЌѓ¬•ћЁ љ,20 ~ 50,0.35,1.16,-0.079,25% ~ 30%,0.45,7,1.35,0.1,0.429,35,40.6,0.275,11.165
2026/08/09,„ш±г∆ч,„ш±г∆чµж„”,20 ~ 50,0.35,0.59,-0.427,45% ~ 50%,0.3,6,0.55,0.02,1,35,20.65,0.475,9.8087
2026/08/09,„ш±г∆ч,„ш±г∆ч‘х√іЄƒ≥…ґ„±г∆ч,20 ~ 50,-0.1,0.41,0.025,0% ~ 1%,-1.05,0,-1.05,0,0,35,14.35,0.005,0.0717
2026/08/09,„ш±г∆ч,„ш±г∆ч‘х√іЄƒ≥…ґ„±г∆ч,20 ~ 50,-0.1,0.41,0.025,0% ~ 1%,-1.05,0,-1.05,0,0,35,14.35,0.005,0.0717
2026/08/09,„ш±г∆ч,„ш±г∆чµж„”,20 ~ 50,0.35,0.59,-0.427,45% ~ 50%,0.3,6,0.55,0.02,1,35,20.65,0.475,9.8087
2026/08/09,„ш±г∆ч,Ѕў ±„ш±г∆ч,20 ~ 50,0,0.37,-0.393,10% ~ 15%,-0.6,1,-0.85,0.06,0,35,12.95,0.125,1.6187
2026/08/09,„ш±г∆ч,∆’Ќ®„ш±г∆ч,20 ~ 50,0.5,0.7,1.5,5% ~ 7.5%,0,1,0,0.03,0.5,35,24.5,0.062,1.519
2026/08/09,„ш±г∆ч,≤–Љ≤»Ћ¬нЌ∞„ш±г∆ч,20 ~ 50,0.35,0.63,-0.016,15% ~ 20%,-0.7,3,-0.55,0.01,0,35,22.05,0.175,3.8587
2026/08/09,„ш±г∆ч,ґ„њ”„ш±г∆чґщЌѓ,20 ~ 50,0.45,0.65,-0.286,5% ~ 7.5%,-0.75,1,-0.8,0.02,0,35,22.75,0.062,1.4105
2026/08/09,„ш±г∆ч,„ш±г∆чљ≈≤»µ ,20 ~ 50,0.25,0.79,0.113,15% ~ 20%,-0.3,4,0,0.04,0.333,35,27.65,0.175,4.8388
2026/08/09,„ш±г∆ч,ґщЌѓ¬нЌ∞„ш±г∆ч–°ЇҐ„®”√≤ёЋщ,20 ~ 50,2.45,0.95,-0.34,20% ~ 25%,0,5,0,0.07,2.5,35,33.25,0.225,7.4813
2026/08/09,„ш±г∆ч,ј≠ Ї„ш±г∆ч,20 ~ 50,-0.15,0.76,0,25% ~ 30%,0.45,4,0,0.03,0,35,26.6,0.275,7.315
2026/08/09,„ш±г∆ч,јѕ»Ћ„ш±г∆ч“∆ґѓ¬нЌ∞ЈјїђЈј≥ф,20 ~ 50,0.45,0.97,0.212,0% ~ 1%,-1.05,0,-1.05,0.46,0.438,35,33.95,0.005,0.1697
2026/08/09,„ш±г∆ч,јѕ»Ћ„ш±г∆ч“∆ґѓ¬нЌ∞ЈјїђЈј≥ф,20 ~ 50,0.45,0.97,0.212,0% ~ 1%,-1.05,0,-1.05,0,-1,35,33.95,0.005,0.1697
2026/08/09,„ш±г∆ч,¬÷“ќ„ш±г∆ч,20 ~ 50,-0.1,0.6,-0.417,5% ~ 7.5%,-0.5,1,-0.7,0,-1,35,21,0.062,1.302
2026/08/09,„ш±г∆ч,іш„ш±г∆чµƒ¬÷“ќ,20 ~ 50,-0.2,1.18,0.439,0% ~ 1%,-1.05,0,-1.05,0,-1,35,41.3,0.005,0.2065
2026/08/09,„ш±г∆ч,јѕƒк„ш±г∆ч,20 ~ 50,0.55,0.72,0.263,20% ~ 25%,0.35,4,1.05,0,0,35,25.2,0.225,5.67
2026/08/09,„ш±г∆ч,ґщЌѓ¬нЌ∞„ш±г∆ч”§”„ґщ„®”√,20 ~ 50,0.3,0.68,-0.327,35% ~ 40%,1.15,7,1.35,0,-1,35,23.8,0.375,8.925
2026/08/09,„ш±г∆ч,„ш±г∆ч≈Ѓ њ,20 ~ 50,0.45,0.35,-0.539,0% ~ 1%,-1.05,0,-1.05,0,-1,35,12.25,0.005,0.0612
2026/08/09,„ш±г∆ч,јѕƒк “ƒЏ„ш±г∆ч,20 ~ 50,0.25,0.98,-0.109,25% ~ 30%,1.05,4,1.05,0,-1,35,34.3,0.275,9.4325
2026/08/09,„ш±г∆ч,„ш±г∆чЈј≥фґ¬≥ф∆ч,20 ~ 50,-0.1,0.72,0.359,7.5% ~ 10%,0.1,1,0,0,-1,35,25.2,0.087,2.1924
2026/08/09,„ш±г∆ч,ґщЌѓ¬нЌ∞„ш±г∆ч6Ћк“‘…ѕЉ”іуЇ≈,20 ~ 50,-0.35,0.91,-0.157,7.5% ~ 10%,-0.65,1,-0.85,0,-1,35,31.85,0.087,2.771
2026/08/09,„ш±г∆ч,јѕ»Ћ„ш±г∆ч“∆ґѓ¬нЌ∞≤–Љ≤»Ћ„ш±г“ќ,20 ~ 50,-0.2,0.75,0.119,15% ~ 20%,1.85,2,1.05,0,-1,35,26.25,0.175,4.5938
2026/08/09,„ш±г∆ч, ÷ хЇу„ш±г∆ч,20 ~ 50,-0.3,0.49,-0.495,10% ~ 15%,0.3,2,0,0,-1,35,17.15,0.125,2.1437
2026/08/09,„ш±г∆ч,ґщЌѓј≠ Ї„ш±г∆ч,20 ~ 50,0.7,0.74,-0.026,35% ~ 40%,-0.35,4,-0.45,0,-1,35,25.9,0.375,9.7125
2026/08/09,„ш±г∆ч,ґщЌѓ¬нЌ∞„ш±г∆ч6Ћк“‘…ѕЉ”іуЇ≈,20 ~ 50,-0.35,0.91,-0.157,7.5% ~ 10%,-0.65,1,-0.85,0,-1,35,31.85,0.087,2.771
2026/08/09,„ш±г∆ч,¬нЌ∞ґщЌѓ„ш±г∆ч3Ћк“‘…ѕЉ”іу–ЌЇ≈,20 ~ 50,0.1,1.21,0.301,20% ~ 25%,-0.25,4,0,0,-1,35,42.35,0.225,9.5288
2026/08/09,„ш±г∆ч,јѕ»Ћ„ш±г∆чЈц ÷,20 ~ 50,-0.05,0.73,-0.263,0% ~ 1%,-1.05,0,-1.05,0,-1,35,25.55,0.005,0.1278
2026/08/09,„ш±г∆ч,Њ≈ƒЅєўЈљ∆мљҐµк„ш±г∆ч,20 ~ 50,0.2,0.75,0.923,0% ~ 1%,0,0,0,0,-1,35,26.25,0.005,0.1313
2026/08/09,„ш±г∆ч,„ш±г∆чЈц ÷,20 ~ 50,0.9,0.66,-0.224,15% ~ 20%,-0.5,4,0.35,0,-1,35,23.1,0.175,4.0425
2026/08/09,„ш±г∆ч,јѕƒк»Ћ¬нЌ∞„ш±г∆чњ…“∆ґѓ∆мљҐµк,20 ~ 50,0.4,1.45,1.197,40% ~ 45%,0.15,8,0.65,0,-1,35,50.75,0.425,21.5687
2026/08/09,„ш±г∆ч,„ш±г∆чµ„≤њ√№Јв»¶,20 ~ 50,0,0.56,-0.325,30% ~ 35%,0.1,5,0,0,-1,35,19.6,0.325,6.37
2026/08/09,„ш±г∆ч,„ш±г∆ч¬нЌ∞Љ“”√µжЋƒЉЊ,20 ~ 50,0.35,1.12,0.12,45% ~ 50%,0.1,10 ~ 50,0.3,0,-1,35,39.2,0.475,18.62
2026/08/09,„ш±г∆ч,„ш±г∆чљшЋЃЈІ,20 ~ 50,0.05,0.69,-0.028,30% ~ 35%,0.1,5,0,0,-1,35,24.15,0.325,7.8487
2026/08/09,„ш±г∆ч,–°ЇҐ¬нЌ∞„ш±г∆чƒ–±¶±¶,20 ~ 50,0,0.99,0.222,20% ~ 25%,-0.35,4,-0.35,0,-1,35,34.65,0.225,7.7962
2026/08/09,„ш±г∆ч,≈©іеЇµ≤ё„®”√„ш±г∆ч,20 ~ 50,0.35,0.47,-0.277,5% ~ 7.5%,-0.65,1,-0.55,0,-1,35,16.45,0.062,1.0199
2026/08/09,„ш±г∆ч,іу±г„ш±г∆ч,20 ~ 50,-0.25,0.85,0.735,35% ~ 40%,5.2,4,3.05,0,0,35,29.75,0.375,11.1562
2026/08/09,„ш±г∆ч,„ш±г∆ч«еѕі…с∆ч,20 ~ 50,0.05,0.39,-0.552,50% ~ 55%,-0.3,3,-0.3,0,-1,35,13.65,0.525,7.1663
2026/08/09,„ш±г∆ч,”§ґщ„ш±г∆ч≈Ѓ±¶±¶,20 ~ 50,0.1,1.47,0.47,25% ~ 30%,0.4,5,1.55,0,-1,35,51.45,0.275,14.1487
2026/08/09,„ш±г∆ч, јЉЌ±¶±іЈ¬’ж„ш±г∆чpvcњо,20 ~ 50,0.65,0.57,-0.529,0% ~ 1%,0,0,0,0,-1,35,19.95,0.005,0.0998
2026/08/09,„ш±г∆ч,„ш±г∆ч÷«ƒ№,20 ~ 50,1.7,0.48,0.655,0% ~ 1%,-1.05,0,-1.05,0,0,35,16.8,0.005,0.084
2026/08/09,„ш±г∆ч,¬нЌ∞‘цЄя„ш±г∆ч,20 ~ 50,0.1,0.85,0.024,15% ~ 20%,0.7,3,2.05,0,-1,35,29.75,0.175,5.2062
2026/08/09,„ш±г∆ч,„ш±г∆ч√№ЈвљЇ,20 ~ 50,0.65,0.69,-0.233,10% ~ 15%,-0.75,2,-0.65,0,-1,35,24.15,0.125,3.0187
2026/08/09,„ш±г∆ч,Їзќь љ„ш±г∆ч,20 ~ 50,0,1.03,0.144,10% ~ 15%,1.15,2,1.05,0,0,35,36.05,0.125,4.5063
2026/08/09,„ш±г∆ч,„ш±г∆ч≈дЉю,20 ~ 50,-0.2,0.67,0.425,15% ~ 20%,0,2,0,0,0,35,23.45,0.175,4.1038
2026/08/09,„ш±г∆ч,≤а≈≈¬нЌ∞„ш±г∆ч,20 ~ 50,0.15,0.49,-0.329,10% ~ 15%,0.75,2,1.05,0,-1,35,17.15,0.125,2.1437
2026/08/09,„ш±г∆ч,„ш±г∆ч“їіќ–‘ћ„,20 ~ 50,-0.3,0.88,-0.083,35% ~ 40%,-0.25,6,-0.5,0,-1,35,30.8,0.375,11.55
2026/08/09,„ш±г∆ч,„ш±г∆ч…ѕЋЃЈІ,20 ~ 50,0.7,0.68,0.133,0% ~ 1%,-1.05,0,-1.05,0,-1,35,23.8,0.005,0.119
2026/08/09,„ш±г∆ч,„щ“ќ љ„ш±г∆ч,20 ~ 50,-0.05,1.01,0.312,25% ~ 30%,-0.3,4,-0.35,0,-1,35,35.35,0.275,9.7213
2026/08/09,„ш±г∆ч,ґ„њ”Єƒ„ш±г∆ч,20 ~ 50,0.8,1.44,1.323,25% ~ 30%,0.3,4,1.05,0,0,35,50.4,0.275,13.86
2026/08/09,„ш±г∆ч,ќј…ъЉд„ш±г∆ч…ѕµƒ÷√ќпЉ№,20 ~ 50,-0.3,0.75,0.136,10% ~ 15%,0,2,0,0,-1,35,26.25,0.125,3.2812
2026/08/09,„ш±г∆ч,„ш±г∆чЈјЈіЋЃƒж÷єЈІ,20 ~ 50,-0.45,0.62,-0.34,7.5% ~ 10%,-0.45,1,-0.7,0,-1,35,21.7,0.087,1.8879
2026/08/09,„ш±г∆ч,Їу≈≈ љ¬нЌ∞„ш±г∆ч,20 ~ 50,-0.3,1.24,0.17,20% ~ 25%,1.15,3,0.55,0,-1,35,43.4,0.225,9.765
2026/08/09,„ш±г∆ч,„ш±г∆ч„шµж,20 ~ 50,0.15,1.04,0.182,40% ~ 45%,2.15,5,1.55,0,0,35,36.4,0.425,15.47
2026/08/09,„ш±г∆ч,„ш±г∆чЈјЈіЋЃƒж÷єЈІ,20 ~ 50,-0.45,0.62,-0.34,7.5% ~ 10%,-0.45,1,-0.7,0,-1,35,21.7,0.087,1.8879
2026/08/09,„ш±г∆ч,јѕ»Ћ„ш±г∆ч“∆ґѓ¬нЌ∞љб µ,20 ~ 50,0.15,1.31,0.819,35% ~ 40%,1.05,4,1.05,0,-1,35,45.85,0.375,17.1938
2026/08/09,„ш±г∆ч,’џµю љ„ш±г∆ч,20 ~ 50,0.1,1.03,0.493,20% ~ 25%,-0.65,2,-0.65,0,-1,35,36.05,0.225,8.1113
2026/08/09,„ш±г∆ч,Љ“”√јѕ»Ћі≤±я„ш±г∆ч,20 ~ 50,0.1,1.42,0.014,10% ~ 15%,0,2,0,0,-1,35,49.7,0.125,6.2125
2026/08/09,„ш±г∆ч,њ…’џµю„ш±г∆ч,20 ~ 50,0.15,1.25,0.506,40% ~ 45%,1.05,6,2.05,0,-1,35,43.75,0.425,18.5938
2026/08/09,„ш±г∆ч,”„ґщ¬нЌ∞„ш±г∆ч≈Ѓ,20 ~ 50,-0.4,1.01,1.061,30% ~ 35%,1.05,5,0.7,0,-1,35,35.35,0.325,11.4888
2026/08/09,„ш±г∆ч,ґщЌѓ¬нЌ∞„ш±г∆ч≈Ѓ±¶±¶2Ћк,20 ~ 50,0.2,1.35,0.588,35% ~ 40%,-0.35,6,0.55,0,-1,35,47.25,0.375,17.7188
2026/08/09,„ш±г∆ч,јѕƒк„ш±г∆чјѕ»ЋЉ“”√,20 ~ 50,0.1,0.8,0.081,15% ~ 20%,-0.2,3,0,0,-1,35,28,0.175,4.9
2026/08/09,„ш±г∆ч,Њ≈ƒЅ¬нЌ∞„ш±г∆чЉ“”√Їзќь љіу≥еЅ¶,20 ~ 50,0.7,0.8,-0.13,0% ~ 1%,0,0,0,0,-1,35,28,0.005,0.14
2026/08/09,„ш±г∆ч,јѕ»Ћ„ш±г∆ч“∆ґѓ¬нЌ∞љб µ,20 ~ 50,0.15,1.31,0.819,35% ~ 40%,1.05,4,1.05,0,-1,35,45.85,0.375,17.1938
2026/08/09,„ш±г∆ч,„ш±г∆чґ„њ”…с∆чњ…’џµю,20 ~ 50,-0.05,0.81,-0.289,10% ~ 15%,0,1,0,0,-1,35,28.35,0.125,3.5438
2026/08/09,„ш±г∆ч,„ш±г∆ч¬нЌ∞»¶,20 ~ 50,-0.2,0.84,-0.2,25% ~ 30%,0.65,4,1.05,0,0,35,29.4,0.275,8.085
2026/08/09,„ш±г∆ч,јѕ»Ћ¬нЌ∞„ш±г∆ч,20 ~ 50,-0.15,0.63,0.5,20% ~ 25%,0,2,0,0,0,35,22.05,0.225,4.9613
2026/08/09,„ш±г∆ч,њ…’џµю„ш±г∆ч,20 ~ 50,0.15,1.25,0.506,40% ~ 45%,1.05,6,2.05,0,-1,35,43.75,0.425,18.5938
2026/08/09,„ш±г∆ч,Љ“”√јѕ»Ћі≤±я„ш±г∆ч,20 ~ 50,0.1,1.42,0.014,10% ~ 15%,0,2,0,0,-1,35,49.7,0.125,6.2125
2026/08/09,„ш±г∆ч,–°ЇҐ¬нЌ∞„ш±г∆ч≈Ѓ±¶±¶,0 ~ 20,-0.25,0.68,0.214,20% ~ 25%,1.25,2,1.05,0,-1,10,6.8,0.225,1.53
2026/08/09,„ш±г∆ч,„ш±г∆ч“∆ќї∆ч,0 ~ 20,0.15,0.45,-0.082,0% ~ 1%,-1.05,0,-1.05,0,0,10,4.5,0.005,0.0225
2026/08/09,„ш±г∆ч,јѕ»ЋЉ“”√„ш±г∆ч,0 ~ 20,-0.1,0.72,0.946,7.5% ~ 10%,-0.1,1,0,0,0,10,7.2,0.087,0.6264
2026/08/09,„ш±г∆ч,„ш±г∆ч“їіќ–‘„шµж,0 ~ 20,0.6,0.62,0.148,40% ~ 45%,1.85,6,5.05,0,-1,10,6.2,0.425,2.635
2026/08/09,„ш±г∆ч,„ш±г∆ч“їіќ–‘„шµж,0 ~ 20,0.6,0.62,0.148,40% ~ 45%,1.85,6,5.05,0,-1,10,6.2,0.425,2.635
2026/08/09,„ш±г∆ч,јѕ»Ћ”√µƒ“∆ґѓ„ш±г∆ч,0 ~ 20,0.6,0.39,-0.049,10% ~ 15%,0,1,0,0,0,10,3.9,0.125,0.4875
2026/08/09,„ш±г∆ч,јѕ»Ћ„ш±г∆чіу±гµ ,0 ~ 20,0.15,0.9,0.429,50% ~ 55%,2.05,5,1.55,0,-1,10,9,0.525,4.725
2026/08/09,„ш±г∆ч,≈©іеЇµ≤ё„ш±г∆чЈј≥ф∆ч,0 ~ 20,0.5,0.48,0.067,0% ~ 1%,0,0,0,0,-1,10,4.8,0.005,0.024
2026/08/09,„ш±г∆ч,ґщЌѓ”√„ш±г∆ч,0 ~ 20,0.15,0.72,-0.234,35% ~ 40%,0.2,5,0.3,0,-1,10,7.2,0.375,2.7
2026/08/09,„ш±г∆ч,‘–ЄЊ±г–ѓ„ш±г∆ч,0 ~ 20,0.4,0.69,-0.582,30% ~ 35%,-0.15,3,-0.45,0,-1,10,6.9,0.325,2.2425
2026/08/09,„ш±г∆ч,–°ЇҐ¬нЌ∞„ш±г∆ч≈Ѓ±¶±¶,0 ~ 20,-0.25,0.68,0.214,20% ~ 25%,1.25,2,1.05,0,-1,10,6.8,0.225,1.53
2026/08/09,„ш±г∆ч,ґ„±гЄƒ„ш±г∆ч¬нЌ∞Љ“”√,0 ~ 20,0.2,0.96,-0.01,0% ~ 1%,0,0,0,0,-1,10,9.6,0.005,0.048
2026/08/09,„ш±г∆ч,„ш±г∆ч“∆ќї∆ч,0 ~ 20,0.15,0.45,-0.082,0% ~ 1%,-1.05,0,-1.05,0,0,10,4.5,0.005,0.0225
2026/08/09,„ш±г∆ч,јѕ»Ћі≤…ѕ„ш±г∆ч,0 ~ 20,0.4,0.4,-0.429,0% ~ 1%,-1.05,0,-1.05,0,-1,10,4,0.005,0.02
2026/08/09,„ш±г∆ч,”¶Љ±„ш±г∆ч,0 ~ 20,-0.3,0.55,0.774,0% ~ 1%,0,0,0,0,-1,10,5.5,0.005,0.0275
2026/08/09,„ш±г∆ч,„ш±г∆ч¬нЌ∞ЋҐ,0 ~ 20,0.25,2.04,0.557,50% ~ 55%,-0.2,7,-0.25,0,-1,10,20.4,0.525,10.71
2026/08/09,„ш±г∆ч,јѕƒк»Ћњ…“∆ґѓ„ш±г∆ч,0 ~ 20,1.3,0.93,-0.652,30% ~ 35%,-0.4,4,3.05,0,-1,10,9.3,0.325,3.0225
2026/08/09,„ш±г∆ч,≈©іе≤ёЋщ„ш±г∆ч,0 ~ 20,0.3,0.62,0.127,30% ~ 35%,0,3,0,0,-1,10,6.2,0.325,2.015
2026/08/09,„ш±г∆ч,„ш±г∆ч≥еЋЃЈІ≈дЉю,0 ~ 20,0,0.65,0,20% ~ 25%,0,2,0,0,0,10,6.5,0.225,1.4625
2026/08/09,„ш±г∆ч,„ш±г∆чњ…’џµю,0 ~ 20,0.25,0.75,0.293,40% ~ 45%,3.3,6,5.05,0,-1,10,7.5,0.425,3.1875
2026/08/09,„ш±г∆ч,ґ„њ”…ѕµƒ„ш±г∆ч,0 ~ 20,-0.15,1.06,-0.019,0% ~ 1%,0,0,0,0,-1,10,10.6,0.005,0.053
2026/08/09,„ш±г∆ч,ґ„Єƒ„ш±г∆ч,0 ~ 20,1.05,0.54,0.08,10% ~ 15%,-0.15,1,0,0,0,10,5.4,0.125,0.675
2026/08/09,„ш±г∆ч,≤–Љ≤»Ћ„®”√„ш±г∆ч,0 ~ 20,0,0.42,-0.323,15% ~ 20%,-0.55,2,-0.55,0,-1,10,4.2,0.175,0.735
2026/08/09,„ш±г∆ч,ґщЌѓ¬нЌ∞„ш±г∆ч10Ћк“‘…ѕ,0 ~ 20,0.35,1,0.02,10% ~ 15%,0,1,0,0,-1,10,10,0.125,1.25
2026/08/09,„ш±г∆ч,≤–Љ≤»Ћ„®”√„ш±г∆ч,0 ~ 20,0,0.42,-0.323,15% ~ 20%,-0.55,2,-0.55,0,-1,10,4.2,0.175,0.735
2026/08/09,„ш±г∆ч,Љ“”√јѕ»Ћ“∆ґѓ„ш±г∆ч,0 ~ 20,0,1.37,0,30% ~ 35%,0,3,0,0,0,10,13.7,0.325,4.4525
2026/08/09,„ш±г∆ч,Њ≈ƒЅ”≈—°ѕµЅ–Љ“”√¬нЌ∞ћ’і…≥йЋЃ∆’Ќ®„ш±г∆чЈјґ≥Јј≥ф„шЇзќь љіу≥еЅ¶,0 ~ 20,0,1.21,0,75% ~ 80%,0,10 ~ 50,0,0,0,10,12.1,0.775,9.3775
2026/08/09,„ш±г∆ч,„∞–ёЅў ±„ш±г∆ч,0 ~ 20,1.15,0.76,-0.156,20% ~ 25%,-0.55,2,0,0,-1,10,7.6,0.225,1.71
2026/08/09,„ш±г∆ч,ґ„≈и„ш±г∆ч,0 ~ 20,1.15,0.33,-0.4,30% ~ 35%,-0.35,2,0,0,-1,10,3.3,0.325,1.0725
2026/08/09,„ш±г∆ч,ґщЌѓґ„≤ё„ш±г∆ч,0 ~ 20,-0.35,0.95,-0.05,25% ~ 30%,0.3,3,0,0,-1,10,9.5,0.275,2.6125
2026/08/09,„ш±г∆ч,Љ”Єя„ш±г∆ч,0 ~ 20,0.35,0.69,-0.225,0% ~ 1%,-1.05,0,-1.05,0,-1,10,6.9,0.005,0.0345
2026/08/09,„ш±г∆ч,„ш±г∆чјѕ»Ћ,0 ~ 20,0.55,0.68,0.062,30% ~ 35%,1.7,3,2.05,0,0,10,6.8,0.325,2.21
2026/08/09,„ш±г∆ч,”Ґ ѕ–°Ї£ла„ш±г∆ч,0 ~ 20,0.25,0.92,-0.22,20% ~ 25%,1.55,3,2.05,0,-1,10,9.2,0.225,2.07
2026/08/09,„ш±г∆ч,„ш±г∆чјѕ»Ћ“∆ґѓ¬нЌ∞њ…’џµю,0 ~ 20,-0.25,0.84,-0.447,30% ~ 35%,-0.1,4,-0.25,0,-1,10,8.4,0.325,2.73
2026/08/09,„ш±г∆ч,„ш±г∆ч¬нЌ∞Є«ЅгЉю≈дЉю,0 ~ 20,-0.15,1.02,1.04,30% ~ 35%,0.55,3,0.55,0,-1,10,10.2,0.325,3.315
2026/08/09,„ш±г∆ч,Љ”Єя„ш±г∆ч,0 ~ 20,0.35,0.69,-0.225,0% ~ 1%,-1.05,0,-1.05,0,-1,10,6.9,0.005,0.0345
2026/08/09,„ш±г∆ч,≤–Љ≤»Ћ„®”√„ш±г∆ч,0 ~ 20,0,0.42,-0.323,15% ~ 20%,-0.55,2,-0.55,0,-1,10,4.2,0.175,0.735
2026/08/09,„ш±г∆ч,„ш±г∆ч–°їІ–Ќ,0 ~ 20,-0.3,0.4,-0.167,0% ~ 1%,0,0,0,0,-1,10,4,0.005,0.02
2026/08/09,„ш±г∆ч,Љ“”√јѕ»Ћ“∆ґѓ„ш±г∆ч,0 ~ 20,0,1.37,0,30% ~ 35%,0,3,0,0,0,10,13.7,0.325,4.4525
2026/08/09,„ш±г∆ч,Њ≈ƒЅ”≈—°ѕµЅ–Љ“”√¬нЌ∞ћ’і…≥йЋЃ∆’Ќ®„ш±г∆чЈјґ≥Јј≥ф„шЇзќь љіу≥еЅ¶,0 ~ 20,0,1.21,0,75% ~ 80%,0,10 ~ 50,0,0,0,10,12.1,0.775,9.3775
2026/08/09,„ш±г∆ч,≤°»Ћ”√µƒ„ш±г∆ч,0 ~ 20,0.25,0.37,-0.051,10% ~ 15%,0,1,0,0,0,10,3.7,0.125,0.4625
2026/08/09,„ш±г∆ч,„ш±г∆ч¬нЌ∞ЋҐќёЋјљ«,0 ~ 20,1.7,1.53,0.739,60% ~ 65%,1.5,8,7.05,0,0,10,15.3,0.625,9.5625
2026/08/09,„ш±г∆ч,÷ ЅњЇ√µƒјѕ»Ћ„ш±г∆ч,0 ~ 20,1.05,0.73,-0.552,0% ~ 1%,-1.05,0,-1.05,0,0,10,7.3,0.005,0.0365
2026/08/09,„ш±г∆ч,“∆ґѓ¬нЌ∞ЇЌ≥…»Ћ„ш±г∆ч‘х√і—°,0 ~ 20,0.35,1.05,0.458,10% ~ 15%,-0.75,1,-0.55,0,-1,10,10.5,0.125,1.3125
2026/08/09,„ш±г∆ч,Њ≈ƒЅ“їће÷«ƒ№„ш±г∆ч,0 ~ 20,-0.25,1.44,0.618,7.5% ~ 10%,0,1,0,0,-1,10,14.4,0.087,1.2528
2026/08/09,„ш±г∆ч,±Џє“ љ„ш±г∆ч,0 ~ 20,-0.15,0.68,0.511,0% ~ 1%,0,0,0,0,-1,10,6.8,0.005,0.034
2026/08/09,„ш±г∆ч,≥…»Ћ„ш±г∆ч,0 ~ 20,-0.25,0.96,1,20% ~ 25%,0,2,0,0,-1,10,9.6,0.225,2.16
2026/08/09,„ш±г∆ч,Њ≈ƒЅіу≥еЅ¶„ш±г∆ч,0 ~ 20,1.7,0.2,0.429,0% ~ 1%,0,0,0,0,-1,10,2,0.005,0.01
2026/08/09,„ш±г∆ч,„ш±г∆ч‘цЄяµж,0 ~ 20,-0.45,0.64,-0.19,20% ~ 25%,-0.5,2,-0.7,0,-1,10,6.4,0.225,1.44
2026/08/09,„ш±г∆ч,–°√„÷«ƒ№¬нЌ∞„ш±г∆ч»Ђ„‘ґѓ,0 ~ 20,0.15,0.88,-0.083,7.5% ~ 10%,-0.2,1,0,0,-1,10,8.8,0.087,0.7656
2026/08/09,„ш±г∆ч,„ш±г∆ч¬нЌ∞ЋҐќёЋјљ«,0 ~ 20,1.7,1.53,0.739,60% ~ 65%,1.5,8,7.05,0,0,10,15.3,0.625,9.5625
2026/08/09,„ш±г∆ч,Ј¬’ж„ш±г∆ч јЉЌ±¶±іbh149c,0 ~ 20,-0.4,1.33,0.147,0% ~ 1%,0,0,0,0,-1,10,13.3,0.005,0.0665
2026/08/09,„ш±г∆ч,јѕƒк»ЋЉ“Ќ•„ш±г∆чљб µƒЌ”√Јј≥ф,0 ~ 20,-0.2,1.04,1.364,25% ~ 30%,1.8,2,1.05,0,0,10,10.4,0.275,2.86
2026/08/09,„ш±г∆ч,јѕ»ЋЉт“„„ш±г∆ч,0 ~ 20,-0.3,0.63,0.189,30% ~ 35%,1.15,3,0.55,0,-1,10,6.3,0.325,2.0475
2026/08/09,„ш±г∆ч,Њ≈ƒЅіу≥еЅ¶„ш±г∆ч,0 ~ 20,1.7,0.2,0.429,0% ~ 1%,0,0,0,0,-1,10,2,0.005,0.01
2026/08/09,„ш±г∆ч,Њ≈ƒЅ“їће÷«ƒ№„ш±г∆ч,0 ~ 20,-0.25,1.44,0.618,7.5% ~ 10%,0,1,0,0,-1,10,14.4,0.087,1.2528
2026/08/09,„ш±г∆ч,÷ ЅњЇ√µƒјѕ»Ћ„ш±г∆ч,0 ~ 20,1.05,0.73,-0.552,0% ~ 1%,-1.05,0,-1.05,0,0,10,7.3,0.005,0.0365
2026/08/09,„ш±г∆ч,¬ьЅъ„ш±г∆ч,0 ~ 20,0.9,0.24,0.714,0% ~ 1%,0,0,0,0,-1,10,2.4,0.005,0.012
2026/08/09,„ш±г∆ч,¬нЌ∞µ„≤њ√№ЈвљЇ ¬нЌ∞µ„≤њ√№ЈвљЇЈјЋЃЈј√є„ш±г∆чµ„≤њєћґ®љЇќј…ъЉд„®”√±я‘µћоЈмљЇ,0 ~ 20,0,0.57,0,100% ~ 105%,0,10 ~ 50,0,0,0,10,5.7,1.025,5.8425
2026/08/09,„ш±г∆ч,¬ьЅъґщЌѓ¬нЌ∞„ш±г∆ч,0 ~ 20,0.55,0.39,0.345,20% ~ 25%,0,2,0,0,-1,10,3.9,0.225,0.8775
2026/08/09,„ш±г∆ч,¬нЌ∞„ш±г∆чЄ«„”єћґ®≈дЉю,0 ~ 20,-0.15,0.8,0.27,20% ~ 25%,0.25,2,0,0,-1,10,8,0.225,1.8
2026/08/09,„ш±г∆ч,”§ґщ„ш±г∆чƒ–±¶±¶,0 ~ 20,-0.1,0.92,-0.148,30% ~ 35%,3.7,3,2.05,0,-1,10,9.2,0.325,2.99
2026/08/09,„ш±г∆ч,„ш±г∆чљшЋЃє№,0 ~ 20,1.15,1.11,2.964,25% ~ 30%,-0.15,2,1.05,0,-1,10,11.1,0.275,3.0525
2026/08/09,„ш±г∆ч,±¶±¶±г≈и„ш±г∆ч,0 ~ 20,0,1.47,-0.087,35% ~ 40%,2.1,5,4.05,0,0,10,14.7,0.375,5.5125
2026/08/09,„ш±г∆ч,Ћ№Ѕѕ„ш±г∆ч,0 ~ 20,-0.2,0.62,-0.271,25% ~ 30%,0.05,2,-0.35,0,-1,10,6.2,0.275,1.705
2026/08/09,„ш±г∆ч,¬ьЅъ„ш±г∆ч,0 ~ 20,0.9,0.24,0.714,0% ~ 1%,0,0,0,0,-1,10,2.4,0.005,0.012
2026/08/09,„ш±г∆ч,јѕƒк»Ћґ„њ”„ш±г∆ч,0 ~ 20,-0.3,0.4,-0.048,0% ~ 1%,-1.05,0,-1.05,0,-1,10,4,0.005,0.02
2026/08/09,„ш±г∆ч,µ „”„ш±г∆ч,0 ~ 20,0.1,0.38,-0.156,0% ~ 1%,-1.05,0,-1.05,0,-1,10,3.8,0.005,0.019
2026/08/09,„ш±г∆ч,¬÷“ќћ±їЊјѕ»Ћ„®”√іш„ш±г∆чњ…ѕі‘и,0 ~ 20,-0.35,0.79,-0.336,10% ~ 15%,-0.2,1,-0.55,0,-1,10,7.9,0.125,0.9875
2026/08/09,„ш±г∆ч,¬нЌ∞ґщЌѓ„ш±г∆чƒ–ЇҐ,0 ~ 20,-0.15,1.41,-0.273,25% ~ 30%,-0.15,3,-0.3,0,-1,10,14.1,0.275,3.8775
2026/08/09,„ш±г∆ч,¬нЌ∞„ш±г∆чЄ«„”єћґ®≈дЉю,0 ~ 20,-0.15,0.8,0.27,20% ~ 25%,0.25,2,0,0,-1,10,8,0.225,1.8
2026/08/09,„ш±г∆ч,Ї√ЌёЌё„ш±г∆ч,0 ~ 20,0.9,0.5,-0.123,0% ~ 1%,0,0,0,0,-1,10,5,0.005,0.025
2026/08/09,„ш±г∆ч,”§ґщ„ш±г∆чƒ–±¶±¶,0 ~ 20,-0.1,0.92,-0.148,30% ~ 35%,3.7,3,2.05,0,-1,10,9.2,0.325,2.99
2026/08/09,„ш±г∆ч,„ш±г∆чљшЋЃє№,0 ~ 20,1.15,1.11,2.964,25% ~ 30%,-0.15,2,1.05,0,-1,10,11.1,0.275,3.0525
2026/08/09,„ш±г∆ч,Њ≈ƒЅ„ш±г∆ч¬нЌ∞,0 ~ 20,0,0.39,0.393,0% ~ 1%,-1.05,0,-1.05,0,-1,10,3.9,0.005,0.0195
2026/08/09,„ш±г∆ч,„ш±г∆чњ…µчљЏЄяґ»,0 ~ 20,0.8,1,-0.145,15% ~ 20%,-0.55,2,0,0,-1,10,10,0.175,1.75
2026/08/09,„ш±г∆ч,„ш±г∆ч√№Јв»¶,0 ~ 20,0,0.47,-0.466,40% ~ 45%,2.25,2,1.05,0,-1,10,4.7,0.425,1.9975
2026/08/09,„ш±г∆ч,јѕƒк»Ћ¬÷“ќіш„ш±г∆ч,0 ~ 20,0.1,1.12,-0.206,15% ~ 20%,0.5,2,1.05,0,-1,10,11.2,0.175,1.96
2026/08/09,„ш±г∆ч,Ќ®¬нЌ∞…с∆ч“ї≈ЏЌ®„ш±г∆ч„®”√,0 ~ 20,-0.2,0.6,-0.474,20% ~ 25%,1.45,1,0,0,-1,10,6,0.225,1.35
2026/08/09,„ш±г∆ч,јѕ»Ћ„ш±г∆ч“∆ґѓ¬нЌ∞јђїшіь,0 ~ 20,-0.2,0.61,-0.218,40% ~ 45%,1.3,5,1.55,0,-1,10,6.1,0.425,2.5925
2026/08/09,„ш±г∆ч,ƒ–±¶±¶„ш±г∆ч,0 ~ 20,-0.4,0.93,0.208,20% ~ 25%,-0.4,2,-0.65,0,-1,10,9.3,0.225,2.0925
2026/08/09,„ш±г∆ч,њ…“∆ґѓјѕƒк„ш±г∆ч,0 ~ 20,0.2,0.9,1.045,30% ~ 35%,0.7,2,1.05,0,-1,10,9,0.325,2.925
2026/08/09,„ш±г∆ч,¬нЌ∞„ш±г∆чѕыґЊ…±Њъ ™љн,0 ~ 20,-0.4,0.8,-0.13,40% ~ 45%,4.25,4,3.05,0,-1,10,8,0.425,3.4
2026/08/09,„ш±г∆ч,±¶±¶ґ„њ”„ш±г∆ч,0 ~ 20,0.3,1.15,0.438,35% ~ 40%,0.5,4,1.05,0,-1,10,11.5,0.375,4.3125
2026/08/09,„ш±г∆ч,≥µ‘Ў„ш±г∆ч,0 ~ 20,0.2,1.03,1.239,7.5% ~ 10%,0,1,0,0,-1,10,10.3,0.087,0.8961
2026/08/09,„ш±г∆ч,„ш±г∆чЋЃѕд≈дЉюіу»Ђ,0 ~ 20,0.2,0.18,-0.705,0% ~ 1%,0,0,0,0,-1,10,1.8,0.005,0.009
2026/08/09,„ш±г∆ч,јѕƒк»Ћ¬÷“ќіш„ш±г∆ч,0 ~ 20,0.1,1.12,-0.206,15% ~ 20%,0.5,2,1.05,0,-1,10,11.2,0.175,1.96
2026/08/09,„ш±г∆ч,Њ≈ƒЅ„ш±г∆ч¬нЌ∞,0 ~ 20,0,0.39,0.393,0% ~ 1%,-1.05,0,-1.05,0,-1,10,3.9,0.005,0.0195
2026/08/09,„ш±г∆ч,¬нЌ∞„ш±г∆чѕыґЊ…±Њъ ™љн,0 ~ 20,-0.4,0.8,-0.13,40% ~ 45%,4.25,4,3.05,0,-1,10,8,0.425,3.4
2026/08/09,„ш±г∆ч,±¶±¶ґ„њ”„ш±г∆ч,0 ~ 20,0.3,1.15,0.438,35% ~ 40%,0.5,4,1.05,0,-1,10,11.5,0.375,4.3125
2026/08/09,„ш±г∆ч,„ш±г∆чњ…µчљЏЄяґ»,0 ~ 20,0.8,1,-0.145,15% ~ 20%,-0.55,2,0,0,-1,10,10,0.175,1.75
2026/08/09,„ш±г∆ч,„ш±г∆ч√№Јв»¶,0 ~ 20,0,0.47,-0.466,40% ~ 45%,2.25,2,1.05,0,-1,10,4.7,0.425,1.9975
2026/08/09,„ш±г∆ч,Ќ®¬нЌ∞…с∆ч“ї≈ЏЌ®„ш±г∆ч„®”√,0 ~ 20,-0.2,0.6,-0.474,20% ~ 25%,1.45,1,0,0,-1,10,6,0.225,1.35
2026/08/09,„ш±г∆ч, јЉЌ±¶±іґщЌѓ„ш±г∆ч,0 ~ 20,-0.2,0.78,0.238,0% ~ 1%,0,0,0,0,-1,10,7.8,0.005,0.039
2026/08/09,„ш±г∆ч,ƒ–Ќѓ„ш±г∆ч,0 ~ 20,0,0.87,0,7.5% ~ 10%,0,1,0,0,0,10,8.7,0.087,0.7569
2026/08/09,„ш±г∆ч,јѕ»Ћ„ш±г∆ч“∆ґѓ¬нЌ∞Љ”Єя50cm,0 ~ 20,0.2,0.84,0.75,20% ~ 25%,0,2,0,0,-1,10,8.4,0.225,1.89
2026/08/09,„ш±г∆ч,2026–¬њо¬нЌ∞µжЋƒЉЊЌ®”√√вѕіЈјЋЃ„ш±г∆ч¬нЌ∞µж»¶’≥ћщ љѕƒЉЊ„шµж„”,0 ~ 20,0,0.79,0.04,90% ~ 95%,-0.1,10 ~ 50,-0.1,0,-1,10,7.9,0.925,7.3075
2026/08/09,„ш±г∆ч,≈©іе”√„ш±г∆ч,0 ~ 20,0.2,0.53,-0.448,10% ~ 15%,0,1,0,0,-1,10,5.3,0.125,0.6625
2026/08/09,„ш±г∆ч,≤а≈≈ љ¬нЌ∞„ш±г∆ч,0 ~ 20,-0.25,0.18,-0.5,0% ~ 1%,0,0,0,0,-1,10,1.8,0.005,0.009
2026/08/09,„ш±г∆ч,„ш±г∆чЋЃѕд≈≈ЋЃЈІ,0 ~ 20,-0.1,0.8,0.096,20% ~ 25%,0,2,0,0,-1,10,8,0.225,1.8
2026/08/09,„ш±г∆ч,їоґѓ¬нЌ∞Љ“”√„ш±г∆ч,0 ~ 20,0.65,0.68,-0.2,0% ~ 1%,0,0,0,0,-1,10,6.8,0.005,0.034
2026/08/09,„ш±г∆ч,ґ„≤ёЄƒ„ш±г∆ч,0 ~ 20,-0.35,1.1,-0.185,10% ~ 15%,-0.45,1,-0.55,0,0,10,11,0.125,1.375
2026/08/09,„ш±г∆ч,»Ђ„‘ґѓ„ш±г∆ч,0 ~ 20,0.1,0.51,0.821,10% ~ 15%,0,1,0,0,0,10,5.1,0.125,0.6375
2026/08/09,„ш±г∆ч,”§”„ґщ„ш±г∆ч,0 ~ 20,-0.35,1.13,-0.081,25% ~ 30%,1.2,3,0.55,0,-1,10,11.3,0.275,3.1075
2026/08/09,„ш±г∆ч,≤а≈≈ љ¬нЌ∞„ш±г∆ч,0 ~ 20,-0.25,0.18,-0.5,0% ~ 1%,0,0,0,0,-1,10,1.8,0.005,0.009
2026/08/09,„ш±г∆ч,їоґѓ¬нЌ∞Љ“”√„ш±г∆ч,0 ~ 20,0.65,0.68,-0.2,0% ~ 1%,0,0,0,0,-1,10,6.8,0.005,0.034
2026/08/09,„ш±г∆ч,Ј≈¬нЌ∞…ѕµƒ„ш±г∆ч,0 ~ 20,0.2,0.68,0.193,20% ~ 25%,0,2,0,0,-1,10,6.8,0.225,1.53
2026/08/09,„ш±г∆ч,¬нЌ∞„ш±г∆чґщЌѓ»эЇѕ“ї,0 ~ 20,0.45,0.5,-0.701,10% ~ 15%,-0.7,1,-0.55,0,-1,10,5,0.125,0.625
2026/08/09,„ш±г∆ч,„ш±г∆ч¬нЌ∞Є«≈дЉюЌ®”√,0 ~ 20,0.35,0.93,0.24,0% ~ 1%,-1.05,0,-1.05,0,0,10,9.3,0.005,0.0465
2026/08/09,„ш±г∆ч,јѕ»Ћ„ш±г∆ч“∆ґѓ¬нЌ∞Љ”Єя50cm,0 ~ 20,0.2,0.84,0.75,20% ~ 25%,0,2,0,0,-1,10,8.4,0.225,1.89
2026/08/09,„ш±г∆ч,”§”„ґщ„ш±г∆ч,0 ~ 20,-0.35,1.13,-0.081,25% ~ 30%,1.2,3,0.55,0,-1,10,11.3,0.275,3.1075
2026/08/09,„ш±г∆ч,„ш±г∆ч≈≈ЋЃЈІ≈дЉю,0 ~ 20,-0.1,0.56,0,15% ~ 20%,0.35,1,0,0,-1,10,5.6,0.175,0.98
2026/08/09,„ш±г∆ч,»Ђ„‘ґѓ„ш±г∆ч,0 ~ 20,0.1,0.51,0.821,10% ~ 15%,0,1,0,0,0,10,5.1,0.125,0.6375
2026/08/09,„ш±г∆ч,≈©іе”√„ш±г∆ч,0 ~ 20,0.2,0.53,-0.448,10% ~ 15%,0,1,0,0,-1,10,5.3,0.125,0.6625
2026/08/09,„ш±г∆ч,–°±¶±¶„ш±г∆ч,0 ~ 20,0.65,0.68,-0.277,30% ~ 35%,0,3,0,0,0,10,6.8,0.325,2.21
2026/08/09,„ш±г∆ч,≈©іејѕ»ЋЇµ≤ё„ш±г∆ч,0 ~ 20,0,0.67,-0.407,0% ~ 1%,0,0,0,0,-1,10,6.7,0.005,0.0335
2026/08/09,„ш±г∆ч,„ш±г∆ч≥еѕі∆ч,0 ~ 20,-0.2,0.53,0.514,0% ~ 1%,0,0,0,0,-1,10,5.3,0.005,0.0265
2026/08/09,„ш±г∆ч,¬нЌ∞„ш±г∆чґщЌѓ»эЇѕ“ї,0 ~ 20,0.45,0.5,-0.701,10% ~ 15%,-0.7,1,-0.55,0,-1,10,5,0.125,0.625
2026/08/09,„ш±г∆ч,”§”„ґщ¬нЌ∞„ш±г∆ч,0 ~ 20,0.9,0.89,1.282,20% ~ 25%,0,2,0,0,0,10,8.9,0.225,2.0025
2026/08/09,„ш±г∆ч,ґщЌѓ¬нЌ∞„ш±г∆ч«ељаіь,0 ~ 20,0.65,0.95,0.25,60% ~ 65%,0.9,5,1.55,0,-1,10,9.5,0.625,5.9375
2026/08/09,„ш±г∆ч,Њ≈ƒЅЌх„ш±г∆ч,0 ~ 20,-0.55,1.37,1.537,0% ~ 1%,0,0,0,0,-1,10,13.7,0.005,0.0685
2026/08/09,„ш±г∆ч,”§”„ґщ„ш±г∆ч,0 ~ 20,-0.35,1.13,-0.081,25% ~ 30%,1.2,3,0.55,0,-1,10,11.3,0.275,3.1075
2026/08/09,„ш±г∆ч,ч≈єЎљЏ÷√її хЇу„ш±г∆ч,0 ~ 20,-0.25,0.55,0.1,0% ~ 1%,0,0,0,0,-1,10,5.5,0.005,0.0275
2026/08/09,„ш±г∆ч,„ш±г∆ч≈≈ЋЃЈІ≈дЉю,0 ~ 20,-0.1,0.56,0,15% ~ 20%,0.35,1,0,0,0,10,5.6,0.175,0.98
2026/08/09,„ш±г∆ч,≈©іе”√„ш±г∆ч,0 ~ 20,0.2,0.53,-0.448,10% ~ 15%,0,1,0,0,-1,10,5.3,0.125,0.6625
2026/08/09,„ш±г∆ч,ќёЋЃ„ш±г∆ч,0 ~ 20,0,0.43,-0.14,0% ~ 1%,-1.05,0,-1.05,0,-1,10,4.3,0.005,0.0215
2026/08/09,„ш±г∆ч,≤а≈≈ љ¬нЌ∞„ш±г∆ч,0 ~ 20,-0.25,0.18,-0.5,0% ~ 1%,0,0,0,0,-1,10,1.8,0.005,0.009
2026/08/09,„ш±г∆ч,Ј≈¬нЌ∞…ѕµƒ„ш±г∆ч,0 ~ 20,0.2,0.68,0.193,20% ~ 25%,0,2,0,0,-1,10,6.8,0.225,1.53
2026/08/09,„ш±г∆ч,„ш±г∆чЄ«∞е,0 ~ 20,0,2.51,0.859,25% ~ 30%,0,6,0.55,0,0,10,25.1,0.275,6.9025
2026/08/09,„ш±г∆ч,¬нЌ∞‘–ЄЊ„ш±г∆чљб µƒЌ”√,0 ~ 20,0.55,1.58,0.17,50% ~ 55%,1.05,3,2.05,0,-1,10,15.8,0.525,8.295
2026/08/09,„ш±г∆ч,Ќ®”√Љ“”√„ш±г∆чЄ«∞е,0 ~ 20,0,0.54,0,35% ~ 40%,0,3,0,0,0,10,5.4,0.375,2.025
2026/08/09,„ш±г∆ч,–°±¶±¶¬нЌ∞„ш±г∆ч,0 ~ 20,-0.35,0.55,-0.583,0% ~ 1%,-1.05,0,-1.05,0,-1,10,5.5,0.005,0.0275
2026/08/09,„ш±г∆ч,„ш±г∆чјѕ»Ћ“∆ґѓ¬нЌ∞≈дЉю,0 ~ 20,-0.3,0.68,0.283,10% ~ 15%,-0.15,1,0,0,-1,10,6.8,0.125,0.85
2026/08/09,„ш±г∆ч,≥…»Ћ“∆ґѓ„ш±г∆ч,0 ~ 20,-0.3,0.87,0.298,0% ~ 1%,-1.05,0,-1.05,0,-1,10,8.7,0.005,0.0435
2026/08/09,„ш±г∆ч,≥…»Ћ“∆ґѓ„ш±г∆ч,0 ~ 20,-0.3,0.87,0.298,0% ~ 1%,-1.05,0,-1.05,0,-1,10,8.7,0.005,0.0435
2026/08/09,„ш±г∆ч,Љ“”√јѕ»Ћ„ш±г∆чњ…“∆ґѓ¬нЌ∞ “ƒЏ±г–ѓ љ,0 ~ 20,0.75,0.76,0.357,0% ~ 1%,0,0,0,0,-1,10,7.6,0.005,0.038
2026/08/09,„ш±г∆ч,±¶±¶„ш±г∆ч≈Ѓ±¶”„ґщ„®”√,0 ~ 20,0.25,1.18,-0.289,30% ~ 35%,0,3,0.55,0,-1,10,11.8,0.325,3.835
2026/08/09,„ш±г∆ч,„‘ґѓ„ш±г∆ч,0 ~ 20,-0.3,0.43,-0.085,0% ~ 1%,0,0,0,0,0,10,4.3,0.005,0.0215
2026/08/09,„ш±г∆ч,”Ґ ѕґщЌѓ„ш±г∆ч,0 ~ 20,-0.3,0.82,-0.317,55% ~ 60%,0,4,0,0,-1,10,8.2,0.575,4.715
2026/08/09,„ш±г∆ч,„ш±г∆ч«ељаіь,0 ~ 20,0.55,1.58,2.362,35% ~ 40%,-0.4,3,0,0,-1,10,15.8,0.375,5.925
2026/08/09,„ш±г∆ч,јѕ»Ћ„ш±г∆ч“∆ґѓ¬нЌ∞¬÷“ќ,0 ~ 20,-0.3,0.46,-0.378,10% ~ 15%,0,1,0,0,-1,10,4.6,0.125,0.575
2026/08/09,„ш±г∆ч,„ш±г∆ч≥эєЄЉЅ,0 ~ 20,-0.15,0.96,0.455,10% ~ 15%,-0.65,1,-0.7,0,-1,10,9.6,0.125,1.2
2026/08/09,„ш±г∆ч,Ј≈‘Џ¬нЌ∞…ѕµƒ„ш±г∆ч,0 ~ 20,-0.15,0.1,-0.841,0% ~ 1%,-1.05,0,-1.05,0,-1,10,1,0.005,0.005
2026/08/09,„ш±г∆ч,≤ї–вЄ÷¬нЌ∞„ш±г∆ч,0 ~ 20,0,0.51,3.25,0% ~ 1%,0,0,0,0,-1,10,5.1,0.005,0.0255
2026/08/09,„ш±г∆ч,„ш±г∆чЄ«„”,0 ~ 20,0,1.2,1.182,40% ~ 45%,0,2,0,0,-1,10,12,0.425,5.1
2026/08/09,„ш±г∆ч,¬нЌ∞‘–ЄЊ„ш±г∆чљб µƒЌ”√,0 ~ 20,0.55,1.58,0.17,50% ~ 55%,1.05,3,2.05,0,-1,10,15.8,0.525,8.295
2026/08/09,„ш±г∆ч,Ј≈‘Џ¬нЌ∞…ѕµƒ„ш±г∆ч,0 ~ 20,-0.15,0.1,-0.841,0% ~ 1%,-1.05,0,-1.05,0,-1,10,1,0.005,0.005
2026/08/09,„ш±г∆ч,¬√––„ш±г∆ч,0 ~ 20,0,0.83,0,0% ~ 1%,0,0,0,0,0,10,8.3,0.005,0.0415
2026/08/09,„ш±г∆ч,јѕ»ЋЉ“„ш±г∆ч,0 ~ 20,0.55,0.71,0.268,10% ~ 15%,-0.55,1,0,0,-1,10,7.1,0.125,0.8875
2026/08/09,„ш±г∆ч,„‘ґѓ„ш±г∆ч,0 ~ 20,-0.3,0.43,-0.085,0% ~ 1%,0,0,0,0,0,10,4.3,0.005,0.0215
2026/08/09,„ш±г∆ч,ћµ”џ„ш±г∆чґщЌѓ,0 ~ 20,0.55,0.93,-0.097,10% ~ 15%,-0.8,1,-0.55,0,0,10,9.3,0.125,1.1625
2026/08/09,„ш±г∆ч,ґ„±г¬нЌ∞„ш±г∆ч,0 ~ 20,1.05,0.39,-0.291,0% ~ 1%,-1.05,0,-1.05,0,0,10,3.9,0.005,0.0195
2026/08/09,„ш±г∆ч,”Ґ ѕґщЌѓ„ш±г∆ч,0 ~ 20,-0.3,0.82,-0.317,55% ~ 60%,0,4,0,0,-1,10,8.2,0.575,4.715
2026/08/09,„ш±г∆ч,Љ“Ќ•„ш±г∆ч,0 ~ 20,0,0.53,0,15% ~ 20%,0,1,0,0,0,10,5.3,0.175,0.9275
2026/08/09,„ш±г∆ч,–°±¶±¶¬нЌ∞„ш±г∆ч,0 ~ 20,-0.35,0.55,-0.583,0% ~ 1%,-1.05,0,-1.05,0,-1,10,5.5,0.005,0.0275
2026/08/09,„ш±г∆ч,јѕ»ЋЉ“„ш±г∆ч,0 ~ 20,0.55,0.71,0.268,10% ~ 15%,-0.55,1,0,0,-1,10,7.1,0.125,0.8875
2026/08/09,„ш±г∆ч,≥…»Ћ“∆ґѓ„ш±г∆ч,0 ~ 20,-0.3,0.87,0.298,0% ~ 1%,-1.05,0,-1.05,0,-1,10,8.7,0.005,0.0435
2026/08/09,„ш±г∆ч,¬нЌ∞‘–ЄЊ„ш±г∆чљб µƒЌ”√,0 ~ 20,0.55,1.58,0.17,50% ~ 55%,1.05,3,2.05,0,-1,10,15.8,0.525,8.295
2026/08/09,„ш±г∆ч,“ќ„”„ш±г∆ч,0 ~ 20,-0.4,1.6,0.481,25% ~ 30%,0,2,0,0,-1,10,16,0.275,4.4
2026/08/09,„ш±г∆ч,“∆ґѓ љ„ш±г∆ч,0 ~ 20,0,0.8,0,0% ~ 1%,0,0,0,0,0,10,8,0.005,0.04
2026/08/09,„ш±г∆ч,„ш±г∆чЋЃѕд∞і≈•,0 ~ 20,-0.1,0.64,-0.39,25% ~ 30%,0.3,1,0,0,-1,10,6.4,0.275,1.76
2026/08/09,„ш±г∆ч,¬нЌ∞…±ЊъѕыґЊ≈зќн≤ёЋщ«ељаЉЅ„ш±г∆ч≥эЊъ,0 ~ 20,0,0.42,0,10% ~ 15%,0,1,0,0,0,10,4.2,0.125,0.525
2026/08/09,„ш±г∆ч,÷«ƒ№„ш±г∆ч≈дЉю,0 ~ 20,0,0.5,1.5,0% ~ 1%,0,0,0,0,-1,10,5,0.005,0.025
2026/08/09,„ш±г∆ч,‘–ЄЊ”√„ш±г∆ч,0 ~ 20,-0.2,1.46,0.738,40% ~ 45%,-0.3,3,-0.3,0,0,10,14.6,0.425,6.205
2026/08/09,„ш±г∆ч, јЉЌ±¶±іЈ¬’ж„ш±г∆чbh149c,0 ~ 20,-0.4,0.5,-0.537,0% ~ 1%,0,0,0,0,-1,10,5,0.005,0.025
2026/08/09,„ш±г∆ч,є«’џ≤°»Ћ„ш±г∆ч,0 ~ 20,0,0.2,0,0% ~ 1%,0,0,0,0,0,10,2,0.005,0.01
2026/08/09,„ш±г∆ч,јѕƒк»ЋЉт“„„ш±г∆ч,0 ~ 20,0.85,0.87,-0.379,10% ~ 15%,-0.85,1,-0.7,0,-1,10,8.7,0.125,1.0875
2026/08/09,„ш±г∆ч,„ш±г∆чЄƒґ„±г∆ч,0 ~ 20,0.15,0.48,-0.575,0% ~ 1%,-1.05,0,-1.05,0,0,10,4.8,0.005,0.024
2026/08/09,„ш±г∆ч,÷«ƒ№„ш±г∆ч≈дЉю,0 ~ 20,0,0.5,1.5,0% ~ 1%,0,0,0,0,-1,10,5,0.005,0.025
2026/08/09,„ш±г∆ч,‘–ЄЊ¬нЌ∞„ш±г∆чњ…“∆ґѓ,0 ~ 20,0.25,2.18,1.831,10% ~ 15%,0,1,0,0,0,10,21.8,0.125,2.725
2026/08/09,„ш±г∆ч,„ш±г∆чјђїшіь,0 ~ 20,-0.4,0.74,0.298,25% ~ 30%,-0.6,2,-0.65,0,-1,10,7.4,0.275,2.035
2026/08/09,„ш±г∆ч,ґ„±г∆чЄƒ„ш±г∆ч,0 ~ 20,0.25,0.54,-0.156,0% ~ 1%,0,0,0,0,0,10,5.4,0.005,0.027
2026/08/09,„ш±г∆ч,ґщЌѓ¬нЌ∞„ш±г∆ч»эЇѕ“ї,0 ~ 20,-0.4,1.72,1.15,25% ~ 30%,0.4,2,0,0,-1,10,17.2,0.275,4.73
2026/08/09,„ш±г∆ч,¬нЌ∞…±ЊъѕыґЊ≈зќн≤ёЋщ«ељаЉЅ„ш±г∆ч≥эЊъ,0 ~ 20,0,0.42,0,10% ~ 15%,0,1,0,0,0,10,4.2,0.125,0.525
2026/08/09,„ш±г∆ч,“їіќ–‘„ш±г∆чћ„ґјЅҐ∞ь„∞,0 ~ 20,-0.3,1.15,0.474,65% ~ 70%,0.65,6,0.25,0,-1,10,11.5,0.675,7.7625
2026/08/09,„ш±г∆ч,јѕ љ„ш±г∆ч≈дЉю,0 ~ 20,0,1.35,0,50% ~ 55%,0,4,0,0,0,10,13.5,0.525,7.0875
2026/08/09,„ш±г∆ч,„ш±г∆чјѕ»Ћ“∆ґѓ¬нЌ∞іуЇ≈,0 ~ 20,-0.5,0.79,0.215,15% ~ 20%,-0.45,1,-0.7,0,-1,10,7.9,0.175,1.3825
2026/08/09,„ш±г∆ч,≤°»Ћі≤…ѕ¬нЌ∞„ш±г∆ч,0 ~ 20,0.85,0.5,0.852,10% ~ 15%,0,1,0,0,-1,10,5,0.125,0.625
2026/08/09,„ш±г∆ч,ґщЌѓ„ш±г∆чґ„њ”,0 ~ 20,-0.2,0.94,0.843,20% ~ 25%,-0.15,2,0,0,-1,10,9.4,0.225,2.115
2026/08/09,„ш±г∆ч,„ш±г∆ч¬нЌ∞Љ“”√–°їІ–Ќ,0 ~ 20,0.25,0.49,-0.395,0% ~ 1%,0,0,0,0,0,10,4.9,0.005,0.0245
2026/08/09,„ш±г∆ч,є«’џ≤°»Ћ„ш±г∆ч,0 ~ 20,0,0.2,0,0% ~ 1%,0,0,0,0,0,10,2,0.005,0.01
2026/08/09,„ш±г∆ч,–°їІ–Ќ„ш±г∆ч,0 ~ 20,0.25,0.72,0.333,0% ~ 1%,0,0,0,0,0,10,7.2,0.005,0.036
2026/08/09,„ш±г∆ч,–°ЇҐ≤ёЋщ„ш±г∆ч,0 ~ 20,0.85,1.64,1.877,0% ~ 1%,0,0,0,0,-1,10,16.4,0.005,0.082
2026/08/09,„ш±г∆ч,“∆ґѓ љ„ш±г∆ч,0 ~ 20,0,0.8,0,0% ~ 1%,0,0,0,0,0,10,8,0.005,0.04
2026/08/09,„ш±г∆ч,„ш±г∆чЊ≈ƒЅ,0 ~ 20,0.4,0.4,-0.298,0% ~ 1%,0,0,0,0,0,10,4,0.005,0.02
2026/08/09,„ш±г∆ч,¬нЌ∞…±ЊъѕыґЊ≈зќн≤ёЋщ«ељаЉЅ„ш±г∆ч≥эЊъ,0 ~ 20,0,0.42,0,10% ~ 15%,0,1,0,0,0,10,4.2,0.125,0.525
2026/08/09,„ш±г∆ч,„ш±г∆чјѕ»Ћ“∆ґѓ¬нЌ∞іуЇ≈,0 ~ 20,-0.5,0.79,0.215,15% ~ 20%,-0.45,1,-0.7,0,-1,10,7.9,0.175,1.3825
2026/08/09,„ш±г∆ч,¬нЌ∞„ш±г∆чµж»¶,0 ~ 20,0.4,0.24,-0.111,0% ~ 1%,0,0,0,0,0,10,2.4,0.005,0.012
2026/08/09,„ш±г∆ч,‘–ЄЊ”√„ш±г∆ч,0 ~ 20,-0.2,1.46,0.738,40% ~ 45%,-0.3,3,-0.3,0,0,10,14.6,0.425,6.205
2026/08/09,„ш±г∆ч,„ш±г∆чјѕ»Ћ“∆ґѓ¬нЌ∞њ…≥еЋЃ,0 ~ 20,0,0.53,0,10% ~ 15%,0,1,0,0,0,10,5.3,0.125,0.6625
2026/08/09,„ш±г∆ч,toto„ш±г∆ч,0 ~ 20,-0.25,1.08,0.367,0% ~ 1%,0,0,0,0,0,10,10.8,0.005,0.054
2026/08/09,„ш±г∆ч,„ш±г∆чјђїшіь,0 ~ 20,-0.4,0.74,0.298,25% ~ 30%,-0.6,2,-0.65,0,-1,10,7.4,0.275,2.035
2026/08/09,„ш±г∆ч,јѕƒк»ЋЉт“„„ш±г∆ч,0 ~ 20,0.85,0.87,-0.379,10% ~ 15%,-0.85,1,-0.7,0,-1,10,8.7,0.125,1.0875
2026/08/09,„ш±г∆ч,µзґѓ¬÷“ќіш„ш±г∆ч,0 ~ 20,-0.2,0.79,0.234,15% ~ 20%,0,1,0,0,-1,10,7.9,0.175,1.3825
2026/08/09,„ш±г∆ч,„ш±г∆чјѕ»Ћ“∆ґѓ¬нЌ∞њ…≥еЋЃ,0 ~ 20,0,0.53,0,10% ~ 15%,0,1,0,0,0,10,5.3,0.125,0.6625
2026/08/09,„ш±г∆ч,јѕ љ„ш±г∆чЋЃѕд≈дЉю,0 ~ 20,-0.4,0.67,0.264,10% ~ 15%,-0.45,1,-0.55,0,-1,10,6.7,0.125,0.8375
2026/08/09,„ш±г∆ч,„ш±г∆чЋЃѕд,0 ~ 20,-0.35,0.87,0.208,25% ~ 30%,0.4,2,0,0,0,10,8.7,0.275,2.3925
2026/08/09,„ш±г∆ч,ґщЌѓ„®”√„ш±г∆ч,0 ~ 20,0.7,0.78,-0.355,20% ~ 25%,0,2,0,0,0,10,7.8,0.225,1.755
2026/08/09,„ш±г∆ч,≈©іеЇµ≤ё„ш±г∆ч¬нЌ∞Є«,0 ~ 20,-0.2,0.95,0.397,20% ~ 25%,0.15,2,1.05,0,-1,10,9.5,0.225,2.1375
2026/08/09,„ш±г∆ч,ґ„ љ„ш±г∆ч,0 ~ 20,-0.1,0.05,-0.875,0% ~ 1%,0,0,0,0,-1,10,0.5,0.005,0.0025
2026/08/09,„ш±г∆ч,ґщЌѓіуЇ≈„ш±г∆ч,0 ~ 20,-0.2,0.5,-0.485,30% ~ 35%,1.35,1,0,0,-1,10,5,0.325,1.625
2026/08/09,„ш±г∆ч,Љ“”√њ…“∆ґѓјѕ»Ћ„ш±г∆ч≥…»Ћ∞≤»Ђ¬нЌ∞,0 ~ 20,0.3,0.63,-0.16,0% ~ 1%,0,0,0,0,-1,10,6.3,0.005,0.0315
2026/08/09,„ш±г∆ч,ґщЌѓ¬нЌ∞„ш±г∆ч¬•ћЁ љ,0 ~ 20,0.45,1.57,0.784,15% ~ 20%,-0.35,1,0,0,-1,10,15.7,0.175,2.7475
2026/08/09,„ш±г∆ч,„ш±г∆ч≈≈ЋЃЈІ√№Јв»¶,0 ~ 20,-0.2,0.13,-0.915,0% ~ 1%,-1.05,0,-1.05,0,-1,10,1.3,0.005,0.0065
2026/08/09,„ш±г∆ч,“љ”√„ш±г∆ч,0 ~ 20,-0.25,0.3,0.304,0% ~ 1%,0,0,0,0,-1,10,3,0.005,0.015
2026/08/09,„ш±г∆ч,јѕ»Ћ„ш±г∆ч¬нЌ∞“ќ„”Љ“”√єўЈљ∆мљҐµк,0 ~ 20,0,0.66,0,10% ~ 15%,0,1,0,0,0,10,6.6,0.125,0.825
2026/08/09,„ш±г∆ч,√…ƒ»јц…ѓ¬нЌ∞„ш±г∆ч,0 ~ 20,0.45,0.38,-0.651,0% ~ 1%,-1.05,0,-1.05,0,-1,10,3.8,0.005,0.019
2026/08/09,„ш±г∆ч,¬нЌ∞ґщЌѓ„ш±г∆ч≈Ѓ±¶±¶,0 ~ 20,0.15,1.17,0.393,40% ~ 45%,1.85,2,1.05,0,-1,10,11.7,0.425,4.9725
2026/08/09,„ш±г∆ч,їІЌв’џµю„ш±г∆ч,0 ~ 20,0.3,0.72,1.88,15% ~ 20%,0,1,0,0,-1,10,7.2,0.175,1.26
2026/08/09,„ш±г∆ч,Љ“”√њ…“∆ґѓјѕ»Ћ„ш±г∆ч≥…»Ћ∞≤»Ђ¬нЌ∞,0 ~ 20,0.3,0.63,-0.16,0% ~ 1%,0,0,0,0,-1,10,6.3,0.005,0.0315
2026/08/09,„ш±г∆ч,ґщЌѓ–°„ш±г∆ч,0 ~ 20,-0.1,0.79,-0.392,0% ~ 1%,-1.05,0,-1.05,0,0,10,7.9,0.005,0.0395
2026/08/09,„ш±г∆ч,±г≈и„ш±г∆ч‘х√і”√,0 ~ 20,0,0.54,0.688,15% ~ 20%,0,1,0,0,0,10,5.4,0.175,0.945
2026/08/09,„ш±г∆ч,÷«ƒ№¬нЌ∞„ш±г∆ч»Ђєъ Ѓіу∆Ј≈∆,0 ~ 20,0.15,1.06,2.029,15% ~ 20%,0,1,0,0,-1,10,10.6,0.175,1.855
2026/08/09,„ш±г∆ч,„ш±г∆ч–°≥яіз,0 ~ 20,-0.2,0.46,-0.021,0% ~ 1%,-1.05,0,-1.05,0,-1,10,4.6,0.005,0.023
2026/08/09,„ш±г∆ч,÷«ƒ№¬нЌ∞„ш±г∆ч»Ђєъ Ѓіу∆Ј≈∆,0 ~ 20,0.15,1.06,2.029,15% ~ 20%,0,1,0,0,-1,10,10.6,0.175,1.855
2026/08/09,„ш±г∆ч,„ш±г∆ч≈≈ЋЃЈІ√№Јв»¶,0 ~ 20,-0.2,0.13,-0.915,0% ~ 1%,-1.05,0,-1.05,0,-1,10,1.3,0.005,0.0065
2026/08/09,„ш±г∆ч,¬нЌ∞Є«Љ“”√Ќ®”√Љ”ЇсїЇљµ„ш±г∆чЄ«∞ејѕ љu–Ќv–Ќ¬нЌ∞»¶„ш±гЄ«„”≈дЉю,0 ~ 20,0,0.32,0,40% ~ 45%,0,2,0,0,0,10,3.2,0.425,1.36
2026/08/09,„ш±г∆ч,≈©іеЇµ≤ё√в≥е„ш±г∆ч,0 ~ 20,0.3,0.13,-0.809,0% ~ 1%,0,0,0,0,-1,10,1.3,0.005,0.0065
2026/08/09,„ш±г∆ч,јѕ»Ћ„ш±г∆ч¬нЌ∞“ќ„”Љ“”√єўЈљ∆мљҐµк,0 ~ 20,0,0.66,0,10% ~ 15%,0,1,0,0,0,10,6.6,0.125,0.825
2026/08/09,„ш±г∆ч,–°≥яіз„ш±г∆ч,0 ~ 20,-0.3,0.09,-0.7,0% ~ 1%,-1.05,0,-1.05,0,-1,10,0.9,0.005,0.0045
2026/08/09,„ш±г∆ч,ґщЌѓ„ш±г∆чƒ–±¶±¶„®”√,0 ~ 20,-0.3,1.27,1.54,35% ~ 40%,0.9,3,2.05,0,-1,10,12.7,0.375,4.7625
2026/08/09,„ш±г∆ч,Ј≈÷«ƒ№¬нЌ∞…ѕµƒґщЌѓ„ш±г∆ч,0 ~ 20,0.3,0.53,0.06,65% ~ 70%,2.35,2,1.05,0,-1,10,5.3,0.675,3.5775
2026/08/09,„ш±г∆ч,¬нЌ∞‘–ЄЊ„ш±г∆ч “ƒЏ,0 ~ 20,0.7,0.75,-0.395,65% ~ 70%,0,2,0,0,-1,10,7.5,0.675,5.0625
2026/08/09,„ш±г∆ч,ґ„ љ„ш±г∆ч,0 ~ 20,-0.1,0.05,-0.875,0% ~ 1%,0,0,0,0,-1,10,0.5,0.005,0.0025
2026/08/09,„ш±г∆ч,Ј≈÷«ƒ№¬нЌ∞…ѕµƒґщЌѓ„ш±г∆ч,0 ~ 20,0.3,0.53,0.06,65% ~ 70%,2.35,2,1.05,0,-1,10,5.3,0.675,3.5775
2026/08/09,„ш±г∆ч,ґщЌѓ„ш±г∆чƒ–±¶±¶„®”√,0 ~ 20,-0.3,1.27,1.54,35% ~ 40%,0.9,3,2.05,0,-1,10,12.7,0.375,4.7625
2026/08/09,„ш±г∆ч,Їзќь„ш±г∆ч,0 ~ 20,-0.7,0,-1,0% ~ 1%,0,0,0,0,0,10,0,0.005,0
2026/08/09,„ш±г∆ч,¬нЌ∞Љ№„ш±г∆ч,0 ~ 20,0.7,0.45,1.25,15% ~ 20%,0,1,0,0,0,10,4.5,0.175,0.7875
2026/08/09,„ш±г∆ч,√…ƒ»јц…ѓ¬нЌ∞„ш±г∆ч,0 ~ 20,0.45,0.38,-0.651,0% ~ 1%,-1.05,0,-1.05,0,-1,10,3.8,0.005,0.019
2026/08/09,„ш±г∆ч,¬нЌ∞ґщЌѓ„ш±г∆ч≈Ѓ±¶±¶,0 ~ 20,0.15,1.17,0.393,40% ~ 45%,1.85,2,1.05,0,-1,10,11.7,0.425,4.9725
2026/08/09,„ш±г∆ч,±г≈и„ш±г∆ч‘х√і”√,0 ~ 20,0,0.54,0.688,15% ~ 20%,0,1,0,0,0,10,5.4,0.175,0.945
2026/08/09,„ш±г∆ч,„ш±г∆ч√№Јв»¶»»¬ф∞с,0 ~ 20,0,0.24,0,0% ~ 1%,0,0,0,0,0,10,2.4,0.005,0.012
2026/08/09,„ш±г∆ч,іш„ш±г∆ч¬÷“ќ,0 ~ 20,-0.35,0.63,0.4,30% ~ 35%,0,2,0,0,-1,10,6.3,0.325,2.0475
2026/08/09,„ш±г∆ч,±г≥Ў„ш±г∆ч,0 ~ 20,0.3,1.26,2.6,15% ~ 20%,-0.35,1,0,0,-1,10,12.6,0.175,2.205
2026/08/09,„ш±г∆ч,„ш±г∆чјѕ»Ћ“∆ґѓ¬нЌ∞ƒ– њ,0 ~ 20,0,0.56,0,0% ~ 1%,0,0,0,0,0,10,5.6,0.005,0.028
2026/08/09,„ш±г∆ч,„ш±г∆чµж„”“їіќ–‘,0 ~ 20,0,1.29,1.016,55% ~ 60%,-0.05,4,0.35,0,-1,10,12.9,0.575,7.4175
2026/08/09,„ш±г∆ч,„ш±г∆чЋҐ„”ќёЋјљ«Љ“”√,0 ~ 20,0,1.02,0,50% ~ 55%,0,3,0,0,0,10,10.2,0.525,5.355
2026/08/09,„ш±г∆ч,„ш±г∆чјѕ»Ћ“∆ґѓ¬нЌ∞Љт“„,0 ~ 20,-0.2,0.62,-0.404,10% ~ 15%,-0.15,1,0,0,-1,10,6.2,0.125,0.775
2026/08/09,„ш±г∆ч,„ш±г∆ч¬нЌ∞Љ“”√µж,0 ~ 20,-0.3,1.03,0.144,65% ~ 70%,0.35,2,-0.35,0,0,10,10.3,0.675,6.9525
2026/08/09,„ш±г∆ч,„ш±г∆чЋЃѕдЄ«,0 ~ 20,0.15,0.47,-0.19,0% ~ 1%,0,0,0,0,-1,10,4.7,0.005,0.0235
2026/08/09,„ш±г∆ч,„ш±г∆чµж„”Ќ®”√,0 ~ 20,-0.2,0.95,0.532,30% ~ 35%,-0.25,2,-0.35,0,-1,10,9.5,0.325,3.0875
2026/08/09,„ш±г∆ч,¬нЌ∞„ш±г∆чµ„≤њєћґ®√№ЈвљЇ,0 ~ 20,-0.45,0.59,-0.398,30% ~ 35%,0.55,1,-0.55,0,-1,10,5.9,0.325,1.9175
2026/08/09,„ш±г∆ч,јѕ»ЋЈљ±г„ш±г∆ч,0 ~ 20,-0.4,1.03,-0.046,35% ~ 40%,2.8,3,2.05,0,-1,10,10.3,0.375,3.8625
2026/08/09,„ш±г∆ч, хЇу„ш±г∆ч,0 ~ 20,-0.2,0.19,-0.406,100% ~ 105%,0,1,0,0,-1,10,1.9,1.025,1.9475
2026/08/09,„ш±г∆ч,babycare„ш±г∆ч,0 ~ 20,-0.2,0.57,-0.5,15% ~ 20%,-0.2,1,0,0,-1,10,5.7,0.175,0.9975
2026/08/09,„ш±г∆ч,¬нЌ∞„ш±г∆чµ„≤њєћґ®√№ЈвљЇ,0 ~ 20,-0.45,0.59,-0.398,30% ~ 35%,0.55,1,-0.55,0,-1,10,5.9,0.325,1.9175
2026/08/09,„ш±г∆ч,„ш±г∆ч√№Јв»¶»»¬ф∞с,0 ~ 20,0,0.24,0,0% ~ 1%,0,0,0,0,0,10,2.4,0.005,0.012
2026/08/09,„ш±г∆ч,„ш±г∆ч≥еѕі∆®є…,0 ~ 20,-0.5,0.58,0.45,0% ~ 1%,0,0,0,0,-1,10,5.8,0.005,0.029
2026/08/09,„ш±г∆ч,„ш±г∆ч≥еЋЃЈІ,0 ~ 20,0.55,0.54,1,25% ~ 30%,0,1,0,0,-1,10,5.4,0.275,1.485
2026/08/09,„ш±г∆ч,јѕƒк»Ћ…ѕ≤ёЋщ„ш±г∆ч,0 ~ 20,0.15,0.54,-0.069,0% ~ 1%,-1.05,0,-1.05,0,-1,10,5.4,0.005,0.027
2026/08/09,„ш±г∆ч,ґщЌѓ„ш±г∆ч«ељаіь,0 ~ 20,-0.55,0.95,0.145,80% ~ 85%,1.65,4,0,0,-1,10,9.5,0.825,7.8375
2026/08/09,„ш±г∆ч,„ш±г∆ч ÷«ƒ№,0 ~ 20,0.15,0.67,0.558,0% ~ 1%,0,0,0,0,0,10,6.7,0.005,0.0335
2026/08/09,„ш±г∆ч,¬нЌ∞„ш±г∆чґщЌѓ6Ћк“‘…ѕ,0 ~ 20,0,0.64,0,50% ~ 55%,0,3,0,0,0,10,6.4,0.525,3.36
2026/08/09,„ш±г∆ч, хЇу„ш±г∆ч,0 ~ 20,-0.2,0.19,-0.406,100% ~ 105%,0,1,0,0,-1,10,1.9,1.025,1.9475
2026/08/09,„ш±г∆ч,„ш±г∆ч≥еЋЃЈІ,0 ~ 20,0.55,0.54,1,25% ~ 30%,0,1,0,0,-1,10,5.4,0.275,1.485
2026/08/09,„ш±г∆ч,¬нЌ∞„ш±г∆чґщЌѓ6Ћк“‘…ѕ,0 ~ 20,0,0.64,0,50% ~ 55%,0,3,0,0,0,10,6.4,0.525,3.36
2026/08/09,„ш±г∆ч,Љ”Єя¬нЌ∞„ш±г∆ч,0 ~ 20,0.15,0.67,0.523,15% ~ 20%,0,1,0,0,-1,10,6.7,0.175,1.1725
2026/08/09,„ш±г∆ч,ґщЌѓ„ш±г∆ч«ељаіь,0 ~ 20,-0.55,0.95,0.145,80% ~ 85%,1.65,4,0,0,-1,10,9.5,0.825,7.8375
2026/08/09,„ш±г∆ч,±¶±¶„ш±г∆ч«ељаіь,0 ~ 20,0,0.81,0,50% ~ 55%,0,3,0,0,0,10,8.1,0.525,4.2525
2026/08/09,„ш±г∆ч,„ш±г∆ч≥еѕі∆®є…,0 ~ 20,-0.5,0.58,0.45,0% ~ 1%,0,0,0,0,-1,10,5.8,0.005,0.029
2026/08/09,„ш±г∆ч,Јј≥ф„ш±г∆ч,0 ~ 20,0,0.85,0,0% ~ 1%,0,0,0,0,0,10,8.5,0.005,0.0425
2026/08/09,„ш±г∆ч,±г≥Ў„ш±г∆ч,0 ~ 20,0.3,1.26,2.6,15% ~ 20%,-0.35,1,0,0,-1,10,12.6,0.175,2.205
2026/08/09,„ш±г∆ч,Ј¬’ж„ш±г∆ч,0 ~ 20,0.15,0.5,-0.479,0% ~ 1%,0,0,0,0,-1,10,5,0.005,0.025
2026/08/09,„ш±г∆ч,¬нЌ∞„ш±г∆чЉ№„”,0 ~ 20,-0.2,1.14,0.239,15% ~ 20%,0,1,0,0,-1,10,11.4,0.175,1.995
2026/08/09,„ш±г∆ч,≥…»Ћ¬нЌ∞„ш±г∆ч,0 ~ 20,0,0.35,0,30% ~ 35%,0,2,0,0,0,10,3.5,0.325,1.1375
2026/08/09,„ш±г∆ч,„ш±г∆чµж„”Ќ®”√,0 ~ 20,-0.2,0.95,0.532,30% ~ 35%,-0.25,2,-0.35,0,-1,10,9.5,0.325,3.0875
2026/08/09,„ш±г∆ч,„ш±г∆чјѕ»Ћ“∆ґѓ¬нЌ∞Љт“„,0 ~ 20,-0.2,0.62,-0.404,10% ~ 15%,-0.15,1,0,0,-1,10,6.2,0.125,0.775
2026/08/09,„ш±г∆ч,ґщЌѓ„ш±г∆ч«ељаіь,0 ~ 20,-0.55,0.95,0.145,80% ~ 85%,1.65,4,0,0,-1,10,9.5,0.825,7.8375
2026/08/09,„ш±г∆ч,„ш±г∆ч≥еЋЃЈІ,0 ~ 20,0.55,0.54,1,25% ~ 30%,0,1,0,0,-1,10,5.4,0.275,1.485
2026/08/09,„ш±г∆ч,„ш±г∆ч√№Јв»¶»»¬ф∞с,0 ~ 20,0,0.24,0,0% ~ 1%,0,0,0,0,0,10,2.4,0.005,0.012
2026/08/09,„ш±г∆ч,–°ґщ„ш±г∆ч,0 ~ 20,0.55,0.48,-0.484,0% ~ 1%,-1.05,0,-1.05,0,-1,10,4.8,0.005,0.024
2026/08/09,„ш±г∆ч,„ш±г∆чјѕ»Ћ“∆ґѓ¬нЌ∞ƒ– њ,0 ~ 20,0,0.56,0,0% ~ 1%,0,0,0,0,0,10,5.6,0.005,0.028
2026/08/09,„ш±г∆ч,јѕ»ЋЈљ±г„ш±г∆ч,0 ~ 20,-0.4,1.03,-0.046,35% ~ 40%,2.8,3,2.05,0,-1,10,10.3,0.375,3.8625
2026/08/09,„ш±г∆ч,јѕ»Ћ„ш±г∆ч“∆ґѓµ „”,0 ~ 20,0,0.69,0,20% ~ 25%,0,1,0,0,0,10,6.9,0.225,1.5525
2026/08/09,„ш±г∆ч,ґщЌѓ¬нЌ∞„ш±г∆ч≈Ѓ±¶±¶3Ћк,0 ~ 20,0,0.65,0,10% ~ 15%,0,1,0,0,0,10,6.5,0.125,0.8125
2026/08/09,„ш±г∆ч,“їће љ„ш±г∆ч,0 ~ 20,-0.45,0.18,-0.82,0% ~ 1%,-1.05,0,-1.05,0,-1,10,1.8,0.005,0.009
2026/08/09,„ш±г∆ч,„ш±г∆ч–°µ „”,0 ~ 20,0,0.57,0,30% ~ 35%,0,1,0,0,0,10,5.7,0.325,1.8525
2026/08/09,„ш±г∆ч,„ш±г∆чљ≈µж,0 ~ 20,0,0.29,0,50% ~ 55%,0,1,0,0,0,10,2.9,0.525,1.5225
2026/08/09,„ш±г∆ч,јѕ»Ћ„ш±г∆ч“∆ґѓ¬нЌ∞“љ‘ЇЌђњо,0 ~ 20,-0.25,0.07,-0.944,0% ~ 1%,0,0,0,0,-1,10,0.7,0.005,0.0035
2026/08/09,„ш±г∆ч,÷ћіѓ хЇу„ш±г∆ч,0 ~ 20,0,1.29,0,0% ~ 1%,0,0,0,0,0,10,12.9,0.005,0.0645
2026/08/09,„ш±г∆ч,јѕ»Ћїоґѓ„ш±г∆ч,0 ~ 20,0,1.09,0,10% ~ 15%,0,1,0,0,0,10,10.9,0.125,1.3625
2026/08/09,„ш±г∆ч,јѕƒк»Ћ¬нЌ∞„ш±г∆чњ…“∆ґѓЉ”Єя,0 ~ 20,0,0.75,0,0% ~ 1%,0,0,0,0,0,10,7.5,0.005,0.0375
2026/08/09,„ш±г∆ч,њ…“∆ґѓ„ш±г∆ч,0 ~ 20,-0.35,0.67,-0.118,0% ~ 1%,0,0,0,0,0,10,6.7,0.005,0.0335
2026/08/09,„ш±г∆ч,јѕ љ„ш±г∆ч≈≈ЋЃЈІ,0 ~ 20,0,0.29,0,0% ~ 1%,0,0,0,0,0,10,2.9,0.005,0.0145
2026/08/09,„ш±г∆ч,±г±г≈и±¶±¶„ш±г∆ч,0 ~ 20,-0.15,0.52,-0.48,0% ~ 1%,-1.05,0,-1.05,0,-1,10,5.2,0.005,0.026
2026/08/09,„ш±г∆ч,ƒ–±¶±¶„ш±г∆чґщЌѓ¬нЌ∞„®”√,0 ~ 20,0,1.58,0,0% ~ 1%,0,0,0,0,0,10,15.8,0.005,0.079
2026/08/09,„ш±г∆ч,÷ћіѓ хЇу„ш±г∆ч,0 ~ 20,0,1.29,0,0% ~ 1%,0,0,0,0,0,10,12.9,0.005,0.0645
2026/08/09,„ш±г∆ч,¬нЌ∞„ш±г∆ч≈дЉю,0 ~ 20,-0.15,0.71,-0.377,50% ~ 55%,0.55,2,0,0,0,10,7.1,0.525,3.7275
2026/08/09,„ш±г∆ч,±¶±¶„ш±г∆чґ„њ”,0 ~ 20,0,0.73,0,0% ~ 1%,0,0,0,0,0,10,7.3,0.005,0.0365
2026/08/09,„ш±г∆ч,±¶±¶¬нЌ∞„ш±г∆ч,0 ~ 20,-0.4,2,3.255,60% ~ 65%,0.55,3,0.55,0,0,10,20,0.625,12.5
2026/08/09,„ш±г∆ч,јѕ»Ћ„ш±г∆ч“∆ґѓ¬нЌ∞“љ‘ЇЌђњо,0 ~ 20,-0.25,0.07,-0.944,0% ~ 1%,0,0,0,0,-1,10,0.7,0.005,0.0035
2026/08/09,„ш±г∆ч,ƒЊ„ш±г∆ч,0 ~ 20,-0.25,0.95,0.979,0% ~ 1%,-1.05,0,-1.05,0,-1,10,9.5,0.005,0.0475
2026/08/09,„ш±г∆ч,Љ“”√„ш±г∆чњ…“∆ґѓ¬нЌ∞,0 ~ 20,0,0.38,-0.568,0% ~ 1%,-1.05,0,-1.05,0,0,10,3.8,0.005,0.019
2026/08/09,„ш±г∆ч,ћ’і…„ш±г∆ч,0 ~ 20,0.35,0.33,0.5,0% ~ 1%,0,0,0,0,0,10,3.3,0.005,0.0165
2026/08/08,„ш±г∆ч,„ш±г∆чЋ—Ћчі ,2500 ~ 5000,-0.1,0.6,0.071,10% ~ 15%,-0.25,100 ~ 250,-0.2,0.05,-0.167,3750,2250,0.125,281.25
2026/08/08,„ш±г∆ч,¬нЌ∞„ш±г∆чґщЌѓ,1200 ~ 2500,0.15,0.89,-0.053,20% ~ 25%,0.05,100 ~ 250,0.2,0.19,0.118,1850,1646.5,0.225,370.4625
2026/08/08,„ш±г∆ч,„ш±г∆чјѕ»Ћ“∆ґѓ¬нЌ∞,600 ~ 1200,0.1,0.83,0.107,15% ~ 20%,-0.05,100 ~ 250,0.15,0.23,0.095,900,747,0.175,130.725
2026/08/08,„ш±г∆ч,јѕ»Ћ„ш±г∆ч,600 ~ 1200,0.05,0.92,-0.107,20% ~ 25%,-0.1,100 ~ 250,-0.05,0.09,0,900,828,0.225,186.3
2026/08/08,„ш±г∆ч,¬нЌ∞ґщЌѓ„ш±г∆ч,600 ~ 1200,-0.25,0.98,0.021,20% ~ 25%,-0.05,100 ~ 250,-0.3,0.12,-0.25,900,882,0.225,198.45
2026/08/08,„ш±г∆ч,„ш±г∆ч¬нЌ∞,600 ~ 1200,0.05,0.62,-0.016,7.5% ~ 10%,0.25,10 ~ 50,0.2,0.01,0,900,558,0.087,48.546
2026/08/08,„ш±г∆ч,јѕ»Ћ“∆ґѓ¬нЌ∞„ш±г∆ч,600 ~ 1200,-0.05,0.82,0,20% ~ 25%,0.15,50 ~ 100,0.15,0.14,-0.067,900,738,0.225,166.05
2026/08/08,„ш±г∆ч,„ш±г∆ч¬нЌ∞Љ“”√,600 ~ 1200,0.25,0.66,-0.043,5% ~ 7.5%,0.3,10 ~ 50,0.55,0.03,0,900,594,0.062,36.828
2026/08/08,„ш±г∆ч,ґщЌѓ„ш±г∆ч,300 ~ 600,0.1,0.84,-0.023,20% ~ 25%,0.3,50 ~ 100,0.4,0.08,0,450,378,0.225,85.05
2026/08/08,„ш±г∆ч,¬нЌ∞„ш±г∆чЉ“”√,300 ~ 600,0.15,0.66,0.119,7.5% ~ 10%,-0.25,10 ~ 50,-0.15,0.03,0,450,297,0.087,25.839
2026/08/08,„ш±г∆ч,¬нЌ∞„ш±г∆ч“∆ґѓјѕ»Ћ,300 ~ 600,0.15,0.8,0.081,15% ~ 20%,0.3,50 ~ 100,0.45,0.11,0.1,450,360,0.175,63
2026/08/08,„ш±г∆ч,„ш±г∆ч≈дЉюіу»Ђ,300 ~ 600,0.1,0.64,-0.03,20% ~ 25%,-0.05,50 ~ 100,-0.05,0.34,0.062,450,288,0.225,64.8
2026/08/08,„ш±г∆ч,‘–ЄЊ„ш±г∆ч,300 ~ 600,0.2,0.99,0,15% ~ 20%,-0.4,10 ~ 50,-0.25,0.06,0.2,450,445.5,0.175,77.9625
2026/08/08,„ш±г∆ч,јѕ»Ћ“∆ґѓ„ш±г∆ч,300 ~ 600,0.2,0.83,0.025,20% ~ 25%,0.05,10 ~ 50,0.2,0.07,0.167,450,373.5,0.225,84.0375
2026/08/08,„ш±г∆ч,„ш±г∆чґ„њ”…с∆ч,300 ~ 600,0.2,0.76,0.027,20% ~ 25%,0.5,10 ~ 50,0.6,0.09,0.125,450,342,0.225,76.95
2026/08/08,„ш±г∆ч,ґщЌѓ¬нЌ∞„ш±г∆ч≈Ѓ±¶±¶,300 ~ 600,-0.05,0.98,0.043,20% ~ 25%,-0.15,10 ~ 50,-0.25,0.21,-0.045,450,441,0.225,99.225
2026/08/08,„ш±г∆ч,јѕƒк»Ћ„ш±г∆ч“ќ„”,150 ~ 300,-0.2,0.79,0.026,20% ~ 25%,0.15,10 ~ 50,-0.1,0.68,-0.15,225,177.75,0.225,39.9937
2026/08/08,„ш±г∆ч,¬нЌ∞‘–ЄЊ„ш±г∆ч,150 ~ 300,0.25,0.84,-0.207,15% ~ 20%,-0.45,10 ~ 50,-0.3,0.05,0.25,225,189,0.175,33.075
2026/08/08,„ш±г∆ч,“∆ґѓ¬нЌ∞„ш±г∆чјѕ»Ћ,150 ~ 300,0.3,0.78,-0.228,15% ~ 20%,0.55,10 ~ 50,1.05,0.06,0.2,225,175.5,0.175,30.7125
2026/08/08,„ш±г∆ч,јѕƒк»Ћ„ш±г∆ч“∆ґѓ¬нЌ∞,150 ~ 300,0.3,0.68,-0.161,10% ~ 15%,-0.25,10 ~ 50,0,0.15,0.25,225,153,0.125,19.125
2026/08/08,„ш±г∆ч,јѕƒк»Ћ„ш±г∆ч“∆ґѓ¬нЌ∞,150 ~ 300,0.3,0.68,-0.161,10% ~ 15%,-0.25,10 ~ 50,0,0.15,0.25,225,153,0.125,19.125
2026/08/08,„ш±г∆ч,±¶±¶„ш±г∆ч,150 ~ 300,-0.05,0.86,-0.055,25% ~ 30%,0.05,10 ~ 50,0.05,0.05,0,225,193.5,0.275,53.2125
2026/08/08,„ш±г∆ч,≈©іеЇµ≤ё„ш±г∆ч,150 ~ 300,0.4,0.76,-0.073,10% ~ 15%,0.7,10 ~ 50,1.35,0.19,0.357,225,171,0.125,21.375
2026/08/08,„ш±г∆ч,ґщЌѓ¬нЌ∞„ш±г∆чƒ–Ќѓ,150 ~ 300,0.05,0.87,-0.011,30% ~ 35%,0.1,50 ~ 100,0.15,1.4,0.029,225,195.75,0.325,63.6188
2026/08/08,„ш±г∆ч,јѕ»Ћ¬нЌ∞„ш±г∆чњ…“∆ґѓ,150 ~ 300,0.2,0.71,-0.283,15% ~ 20%,-0.25,10 ~ 50,-0.05,0.1,0.111,225,159.75,0.175,27.9562
2026/08/08,„ш±г∆ч,ґщЌѓ¬нЌ∞„ш±г∆ч,150 ~ 300,-0.15,0.9,0.184,20% ~ 25%,0.15,10 ~ 50,-0.05,0.03,-0.25,225,202.5,0.225,45.5625
2026/08/08,„ш±г∆ч,÷«ƒ№¬нЌ∞„ш±г∆ч,150 ~ 300,-0.2,0.45,-0.062,2.5% ~ 5%,2.8,3,2.05,0.02,-0.333,225,101.25,0.037,3.7462
2026/08/08,„ш±г∆ч,±г–ѓ љ„ш±г∆ч,150 ~ 300,0.25,0.7,0,15% ~ 20%,-0.35,10 ~ 50,0,0.07,0.167,225,157.5,0.175,27.5625
2026/08/08,„ш±г∆ч,јѕ»Ћ„ш±г∆ч“∆ґѓ¬нЌ∞,150 ~ 300,-0.1,0.75,0.014,20% ~ 25%,0.15,10 ~ 50,0.05,0.04,0,225,168.75,0.225,37.9688
2026/08/08,„ш±г∆ч,¬нЌ∞ґщЌѓ„ш±г∆ч3Ћк“‘…ѕ,150 ~ 300,0.4,1.05,0.296,25% ~ 30%,0.6,10 ~ 50,1.55,7.91,0.371,225,236.25,0.275,64.9688
2026/08/08,„ш±г∆ч,јѕƒк»Ћ¬нЌ∞„ш±г∆чњ…“∆ґѓ,150 ~ 300,0.3,0.68,0.046,15% ~ 20%,0.8,10 ~ 50,1.15,0.21,0.235,225,153,0.175,26.775
2026/08/08,„ш±г∆ч,¬нЌ∞„ш±г∆ч,150 ~ 300,0.2,0.56,-0.253,7.5% ~ 10%,-0.6,6,-0.5,0,0,225,126,0.087,10.962
2026/08/08,„ш±г∆ч,„ш±г∆чґщЌѓ,50 ~ 150,-0.1,1.11,0.099,30% ~ 35%,0.8,10 ~ 50,0.6,0.02,0,100,111,0.325,36.075
2026/08/08,„ш±г∆ч,„ш±г∆чµж»¶,50 ~ 150,-0.15,0.6,-0.155,25% ~ 30%,-0.05,10 ~ 50,-0.15,0.05,0,100,60,0.275,16.5
2026/08/08,„ш±г∆ч, јЉЌ±¶±і„ш±г∆ч,50 ~ 150,-0.05,0.87,-0.084,1% ~ 2.5%,0,1,0,0.53,-0.019,100,87,0.018,1.566
2026/08/08,„ш±г∆ч,Їµ≤ё„ш±г∆ч≈©іе,50 ~ 150,0.1,0.62,-0.279,10% ~ 15%,0.9,9,1.3,0.1,0.111,100,62,0.125,7.75
2026/08/08,„ш±г∆ч,Љт“„„ш±г∆ч,50 ~ 150,0.2,0.73,-0.151,20% ~ 25%,1,10 ~ 50,0.9,0.09,0.125,100,73,0.225,16.425
2026/08/08,„ш±г∆ч,„ш±г∆ч‘–ЄЊ„®”√,50 ~ 150,0.05,1.19,0.227,25% ~ 30%,0.05,10 ~ 50,-0.15,0.3,0.035,100,119,0.275,32.725
2026/08/08,„ш±г∆ч,≥…»Ћ„ш±г∆чЉ“”√,50 ~ 150,-0.15,0.63,-0.276,25% ~ 30%,0.1,10 ~ 50,-0.15,0.07,-0.125,100,63,0.275,17.325
2026/08/08,„ш±г∆ч,≤°»Ћ¬нЌ∞„ш±г∆ч,50 ~ 150,0.25,0.66,-0.108,15% ~ 20%,-0.5,10 ~ 50,-0.3,0.03,0.5,100,66,0.175,11.55
2026/08/08,„ш±г∆ч,„ш±г∆чЉ“”√,50 ~ 150,-0.15,0.56,-0.035,7.5% ~ 10%,-0.2,5,-0.4,0,-1,100,56,0.087,4.872
2026/08/08,„ш±г∆ч,‘–ЄЊ¬нЌ∞„ш±г∆ч,50 ~ 150,-0.2,0.84,0.091,15% ~ 20%,0.2,10 ~ 50,-0.1,0.02,0,100,84,0.175,14.7
2026/08/08,„ш±г∆ч,÷«ƒ№¬нЌ∞“їће љ»Ђ„‘ґѓ„ш±г∆ч≥еѕіЇжЄ…,50 ~ 150,0.05,0.66,0.065,0% ~ 1%,-1.05,0,-1.05,2.24,0.042,100,66,0.005,0.33
2026/08/08,„ш±г∆ч,ґ„њ”„ш±г∆ч,50 ~ 150,-0.15,0.78,0,20% ~ 25%,0.45,10 ~ 50,0.35,0.01,0,100,78,0.225,17.55
2026/08/08,„ш±г∆ч,јѕ»Ћ„ш±г∆чµЏ“ї√ы,50 ~ 150,0.4,0.78,-0.386,20% ~ 25%,-0.15,10 ~ 50,0.25,0.01,0,100,78,0.225,17.55
2026/08/08,„ш±г∆ч,„ш±г∆чјѕ»Ћ„®”√,50 ~ 150,-0.05,0.81,0.266,20% ~ 25%,0.05,10 ~ 50,0.1,0.12,0,100,81,0.225,18.225
2026/08/08,„ш±г∆ч,–¬њо„ш±г∆ч,50 ~ 150,-0.1,0.76,0.188,10% ~ 15%,-0.3,5,-0.3,0.04,0,100,76,0.125,9.5
2026/08/08,„ш±г∆ч,„ш±г∆чЈц ÷Љ№јѕ»ЋЉ“”√,50 ~ 150,0.3,0.7,-0.014,15% ~ 20%,-0.05,10 ~ 50,0,0.51,0.275,100,70,0.175,12.25
2026/08/08,„ш±г∆ч,–°ЇҐ¬нЌ∞„ш±г∆ч,50 ~ 150,-0.2,0.77,-0.061,25% ~ 30%,-0.1,10 ~ 50,-0.2,0.04,0,100,77,0.275,21.175
2026/08/08,„ш±г∆ч,„ш±г∆ч±¶±¶,50 ~ 150,0.2,0.85,-0.22,20% ~ 25%,0.05,10 ~ 50,0.2,0.02,1,100,85,0.225,19.125
2026/08/08,„ш±г∆ч,ґщЌѓ¬нЌ∞„ш±г∆чµж»¶,50 ~ 150,0.05,1.17,0.017,25% ~ 30%,-0.2,10 ~ 50,-0.15,0,-1,100,117,0.275,32.175
2026/08/08,„ш±г∆ч,Љт“„¬нЌ∞„ш±г∆чјѕ»Ћ,50 ~ 150,-0.15,0.89,0.099,15% ~ 20%,0.4,9,0.15,0,-1,100,89,0.175,15.575
2026/08/08,„ш±г∆ч,„ш±г∆ч¬нЌ∞Є«,50 ~ 150,0.2,0.82,0.025,30% ~ 35%,0.3,10 ~ 50,0.75,0,-1,100,82,0.325,26.65
2026/08/08,„ш±г∆ч,‘–ЄЊ„ш±г∆чґ„њ”…с∆ч,50 ~ 150,-0.1,0.85,-0.141,20% ~ 25%,0.45,10 ~ 50,0.55,0,-1,100,85,0.225,19.125
2026/08/08,„ш±г∆ч,Љ“”√јѕ»Ћ„ш±г∆чњ…“∆ґѓ¬нЌ∞ “ƒЏ,50 ~ 150,0.1,0.8,0.081,20% ~ 25%,0.4,10 ~ 50,0.3,0,-1,100,80,0.225,18
2026/08/08,„ш±г∆ч,≥…»Ћ“∆ґѓ¬нЌ∞„ш±г∆ч,50 ~ 150,0.05,0.75,0.014,20% ~ 25%,0.5,10 ~ 50,0.45,0,-1,100,75,0.225,16.875
2026/08/08,„ш±г∆ч,ќј…ъЉд„ш±г∆ч,50 ~ 150,-0.2,0.67,-0.163,10% ~ 15%,-0.3,5,-0.45,0,-1,100,67,0.125,8.375
2026/08/08,„ш±г∆ч,„ш±г∆чЋЃѕд≈дЉю,50 ~ 150,-0.05,0.86,0.458,25% ~ 30%,0.3,10 ~ 50,0.7,0,-1,100,86,0.275,23.65
2026/08/08,„ш±г∆ч,±¶±¶¬нЌ∞„ш±г∆ч≈Ѓ±¶,50 ~ 150,-0.1,1.17,0.245,20% ~ 25%,-0.45,10 ~ 50,-0.45,0,-1,100,117,0.225,26.325
2026/08/08,„ш±г∆ч,Їµ≤ё„ш±г∆ч,50 ~ 150,-0.1,0.8,-0.048,5% ~ 7.5%,-0.65,3,-0.65,0,-1,100,80,0.062,4.96
2026/08/08,„ш±г∆ч,Їµ≤ё„ш±г∆ч,50 ~ 150,-0.1,0.8,-0.048,5% ~ 7.5%,-0.65,3,-0.65,0,-1,100,80,0.062,4.96
2026/08/08,„ш±г∆ч,ґщЌѓ¬нЌ∞„ш±г∆чƒ–±¶±¶„®”√,50 ~ 150,-0.15,1.04,0.02,25% ~ 30%,0.2,10 ~ 50,0.1,0,-1,100,104,0.275,28.6
2026/08/08,„ш±г∆ч,±¶±¶„ш±г∆ч≈Ѓ±¶,50 ~ 150,0.1,0.91,0.096,20% ~ 25%,-0.25,10 ~ 50,-0.2,0,-1,100,91,0.225,20.475
2026/08/08,„ш±г∆ч,„ш±г∆чµ „”,50 ~ 150,-0.15,0.66,-0.205,15% ~ 20%,0.05,7,-0.15,0,-1,100,66,0.175,11.55
2026/08/08,„ш±г∆ч,ґщЌѓ„ш±г∆ч≈ЃЇҐ,50 ~ 150,0.3,0.95,0.092,25% ~ 30%,0.35,10 ~ 50,0.55,0,-1,100,95,0.275,26.125
2026/08/08,„ш±г∆ч,ґ„±г…ѕµƒ„ш±г∆ч,50 ~ 150,0.05,1.06,0.472,10% ~ 15%,-0.45,5,-0.4,0,-1,100,106,0.125,13.25
2026/08/08,„ш±г∆ч,≥…»Ћ“∆ґѓ¬нЌ∞„ш±г∆чіуЇ≈,50 ~ 150,-0.05,0.53,-0.197,10% ~ 15%,-0.2,4,-0.35,0,-1,100,53,0.125,6.625
2026/08/08,„ш±г∆ч,„ш±г∆ч…ѕіҐќпЉ№,50 ~ 150,0.05,0.63,-0.16,7.5% ~ 10%,3.05,4,3.05,0,-1,100,63,0.087,5.481
2026/08/08,„ш±г∆ч,Љ“”√¬нЌ∞„ш±г∆ч,50 ~ 150,0.05,0.56,-0.481,5% ~ 7.5%,-0.5,2,-0.65,0,0,100,56,0.062,3.472
2026/08/08,„ш±г∆ч,¬нЌ∞ѕыґЊ…±Њъ≈зќнќј…ъЉд„ш±г∆ч,50 ~ 150,0.5,0.76,-0.136,40% ~ 45%,-0.05,10 ~ 50,0.25,0,-1,100,76,0.425,32.3
2026/08/08,„ш±г∆ч,Љ“”√јѕ»Ћ„ш±г∆чњ…“∆ґѓ¬нЌ∞,50 ~ 150,0.1,0.64,-0.264,10% ~ 15%,-0.15,5,-0.2,0,-1,100,64,0.125,8
2026/08/08,„ш±г∆ч,јѕ»Ћ„ш±г∆ч¬нЌ∞“ќ„”Љ“”√≈©іејќєћ–Ќ,50 ~ 150,0.45,0.8,-0.252,15% ~ 20%,0.8,5,1.55,0,-1,100,80,0.175,14
2026/08/08,„ш±г∆ч,ґщЌѓ¬нЌ∞„ш±г∆ч6Ћк“‘…ѕ,50 ~ 150,0.45,0.83,0.258,15% ~ 20%,0.65,6,1.05,0,-1,100,83,0.175,14.525
2026/08/08,„ш±г∆ч,”§ґщ„ш±г∆ч,50 ~ 150,-0.05,0.76,-0.084,15% ~ 20%,-0.45,8,-0.4,0,-1,100,76,0.175,13.3
2026/08/08,„ш±г∆ч,і≤…ѕ„ш±г∆ч,50 ~ 150,0.2,0.88,0.333,20% ~ 25%,0.55,9,1.3,0,-1,100,88,0.225,19.8
2026/08/08,„ш±г∆ч,„ш±г∆ч Ѓіу∆Ј≈∆,50 ~ 150,-0.1,0.51,-0.463,10% ~ 15%,0.45,3,0,0,-1,100,51,0.125,6.375
2026/08/08,„ш±г∆ч,“∆ґѓ„ш±г∆ч,50 ~ 150,0.3,0.81,-0.1,10% ~ 15%,-0.5,5,-0.3,0,-1,100,81,0.125,10.125
2026/08/08,„ш±г∆ч,„ш±г∆чµ„≤њ√№ЈвљЇ,50 ~ 150,0.6,0.85,-0.28,20% ~ 25%,-0.4,9,0.3,0,-1,100,85,0.225,19.125
2026/08/08,„ш±г∆ч,ґщЌѓґ„њ”„ш±г∆ч,50 ~ 150,0.4,0.63,-0.284,15% ~ 20%,-0.45,6,0,0,-1,100,63,0.175,11.025
2026/08/08,„ш±г∆ч,јѕƒк»Ћ¬нЌ∞„ш±г∆чњ…“∆ґѓ±г–ѓ љ,50 ~ 150,0.1,0.94,0.106,20% ~ 25%,-0.35,8,-0.15,0,-1,100,94,0.225,21.15
2026/08/08,„ш±г∆ч,јѕƒк»Ћ¬нЌ∞„ш±г∆чњ…“∆ґѓ±г–ѓ љ,50 ~ 150,0.1,0.94,0.106,20% ~ 25%,-0.35,8,-0.15,0,-1,100,94,0.225,21.15
2026/08/08,„ш±г∆ч,ґщЌѓ„ш±г∆ч¬нЌ∞»¶,50 ~ 150,0.25,0.93,0.069,20% ~ 25%,-0.3,8,0,0,-1,100,93,0.225,20.925
2026/08/08,„ш±г∆ч,Ј≈‘Џ¬нЌ∞…ѕµƒґщЌѓ„ш±г∆ч,50 ~ 150,0.4,0.88,-0.022,20% ~ 25%,-0.3,10 ~ 50,0,0,-1,100,88,0.225,19.8
2026/08/08,„ш±г∆ч,÷«ƒ№„ш±г∆ч,50 ~ 150,0.1,0.39,-0.443,0% ~ 1%,0,0,0,0,-1,100,39,0.005,0.195
2026/08/08,„ш±г∆ч,–°ЇҐ„”¬нЌ∞„ш±г∆ч,50 ~ 150,0.05,1.38,1.509,40% ~ 45%,0.75,10 ~ 50,0.75,0,-1,100,138,0.425,58.65
2026/08/08,„ш±г∆ч,Љ“”√„ш±г∆ч,50 ~ 150,0.25,0.86,0.024,25% ~ 30%,-0.2,10 ~ 50,0.15,0,0,100,86,0.275,23.65
2026/08/08,„ш±г∆ч,±¶±¶≤ёЋщ„ш±г∆ч,50 ~ 150,0.3,1.06,0.377,15% ~ 20%,-0.45,5,-0.45,0,-1,100,106,0.175,18.55
2026/08/08,„ш±г∆ч,„ш±г∆ч иЌ®…с∆ч,50 ~ 150,-0.15,1.22,0.794,25% ~ 30%,-0.45,10 ~ 50,-0.3,0,-1,100,122,0.275,33.55
2026/08/08,„ш±г∆ч,≤ёЋщ„ш±г∆ч,50 ~ 150,1.15,0.52,0.405,10% ~ 15%,0.65,3,2.05,0,0,100,52,0.125,6.5
2026/08/08,„ш±г∆ч,”§ґщ¬нЌ∞„ш±г∆ч≈Ѓ±¶±¶,50 ~ 150,0.25,1.18,0.71,20% ~ 25%,0.9,7,1.35,0,-1,100,118,0.225,26.55
2026/08/08,„ш±г∆ч,¬÷“ќіш„ш±г∆ч,50 ~ 150,0,1.17,0.272,25% ~ 30%,1,8,0.65,0,-1,100,117,0.275,32.175
2026/08/08,„ш±г∆ч,Ћ№Ѕѕ¬нЌ∞„ш±г∆ч≥…»Ћ,20 ~ 50,-0.1,0.94,0,25% ~ 30%,2.05,8,1.7,0,-1,35,32.9,0.275,9.0475
2026/08/08,„ш±г∆ч,±г–ѓ љ„ш±г∆чњ…’џµю,20 ~ 50,0.15,0.82,0.302,15% ~ 20%,0.05,6,0.25,0,-1,35,28.7,0.175,5.0225
2026/08/08,„ш±г∆ч,јѕƒк»Ћ„ш±г∆ч,20 ~ 50,0.05,0.68,-0.299,25% ~ 30%,0.95,7,0.45,0,-1,35,23.8,0.275,6.545
2026/08/08,„ш±г∆ч,¬нЌ∞„ш±г∆чµ„≤њєћґ®љЇ,20 ~ 50,0.1,0.86,-0.173,40% ~ 45%,-0.05,10 ~ 50,-0.2,0,-1,35,30.1,0.425,12.7925
2026/08/08,„ш±г∆ч,њ…“∆ґѓ¬нЌ∞јѕ»Ћ„ш±г∆ч,20 ~ 50,0.35,0.54,-0.018,15% ~ 20%,-0.3,4,-0.25,0,-1,35,18.9,0.175,3.3075
2026/08/08,„ш±г∆ч,“їіќ–‘¬нЌ∞„ш±г∆ч,20 ~ 50,0.25,0.59,-0.048,30% ~ 35%,0.1,6,0,0,-1,35,20.65,0.325,6.7112
2026/08/08,„ш±г∆ч,„ш±г∆чЈ®јЉ√№Јв»¶,20 ~ 50,0.4,0.93,-0.184,30% ~ 35%,-0.05,10 ~ 50,0.45,0,-1,35,32.55,0.325,10.5788
2026/08/08,„ш±г∆ч,–°ЇҐ„ш±г∆ч,20 ~ 50,0,0.78,-0.082,30% ~ 35%,0.15,10 ~ 50,0.45,0,-1,35,27.3,0.325,8.8725
2026/08/08,„ш±г∆ч,јѕƒк»Ћі≤±я„ш±г∆ч,20 ~ 50,0.35,0.72,-0.242,15% ~ 20%,-0.25,4,-0.25,0,-1,35,25.2,0.175,4.41
2026/08/08,„ш±г∆ч,≤ёЋщґ„њ”„ш±г∆ч,20 ~ 50,0.1,0.7,0.296,15% ~ 20%,-0.25,5,0,0.01,0,35,24.5,0.175,4.2875
2026/08/08,„ш±г∆ч,„ш±г∆чјѕ»ЋЉ“”√љб µ,20 ~ 50,0.15,1.19,0.587,25% ~ 30%,0.3,8,0.65,0.07,0.167,35,41.65,0.275,11.4538
2026/08/08,„ш±г∆ч,јѕƒк»ЋЉ“”√„ш±г∆ч,20 ~ 50,0.15,1.19,-0.025,20% ~ 25%,-0.55,6,-0.5,0.02,0,35,41.65,0.225,9.3712
2026/08/08,„ш±г∆ч,јѕƒк»Ћ„®”√„ш±г∆ч,20 ~ 50,-0.2,0.76,0.118,25% ~ 30%,0.3,6,0.25,0.16,-0.158,35,26.6,0.275,7.315
2026/08/08,„ш±г∆ч,±¶±¶„ш±г∆ч¬нЌ∞»¶,20 ~ 50,0.1,1.06,-0.145,40% ~ 45%,-0.05,10 ~ 50,-0.1,0.03,0.5,35,37.1,0.425,15.7675
2026/08/08,„ш±г∆ч,’џµю„ш±г∆ч,20 ~ 50,-0.05,0.89,-0.092,5% ~ 7.5%,-0.7,2,-0.75,0.01,0,35,31.15,0.062,1.9313
2026/08/08,„ш±г∆ч,Љт“„¬нЌ∞„ш±г∆ч,20 ~ 50,-0.15,0.6,-0.241,15% ~ 20%,-0.2,5,-0.2,0.04,0,35,21,0.175,3.675
2026/08/08,„ш±г∆ч,ћµ”џ„ш±г∆ч,20 ~ 50,0.1,0.98,0.38,25% ~ 30%,2.45,8,3.05,0.01,0,35,34.3,0.275,9.4325
2026/08/08,„ш±г∆ч,»Ђ„‘ґѓ÷«ƒ№„ш±г∆ч,20 ~ 50,0.6,0.61,-0.062,0% ~ 1%,0,0,0,0.01,0,35,21.35,0.005,0.1067
2026/08/08,„ш±г∆ч,јѕ»Ћ„ш±г∆ч¬нЌ∞“ќ,20 ~ 50,-0.15,0.77,0.328,25% ~ 30%,1.4,8,1.7,0.01,0,35,26.95,0.275,7.4113
2026/08/08,„ш±г∆ч,јѕ»Ћ„ш±г∆ч¬нЌ∞“ќ,20 ~ 50,-0.15,0.77,0.328,25% ~ 30%,1.4,8,1.7,0.01,0,35,26.95,0.275,7.4113
2026/08/08,„ш±г∆ч,Ј≈¬нЌ∞…ѕµƒґщЌѓ„ш±г∆ч,20 ~ 50,-0.15,0.86,-0.023,15% ~ 20%,-0.05,5,-0.3,3.33,-0.15,35,30.1,0.175,5.2675
2026/08/08,„ш±г∆ч,ґщЌѓ¬нЌ∞„ш±г∆ч6Ћк“‘…ѕЉ”іуЇ≈,20 ~ 50,0.75,1.08,-0.303,20% ~ 25%,-0.45,6,0.25,0.22,0.692,35,37.8,0.225,8.505
2026/08/08,„ш±г∆ч,±¶±¶ј≠ Ї„ш±г∆ч,20 ~ 50,-0.2,0.78,-0.025,25% ~ 30%,-0.35,7,-0.4,0.12,-0.2,35,27.3,0.275,7.5075
2026/08/08,„ш±г∆ч,јѕƒк»Ћ¬нЌ∞„ш±г∆чњ…“∆ґѓіуЇ≈,20 ~ 50,0.35,0.95,0.397,20% ~ 25%,0,3,0,39,0.3,35,33.25,0.225,7.4813
2026/08/08,„ш±г∆ч,¬нЌ∞„ш±г∆чѕі∆®є…,20 ~ 50,-0.2,0.52,0,40% ~ 45%,6.65,6,5.05,0.17,-0.15,35,18.2,0.425,7.735
2026/08/08,„ш±г∆ч,„ш±г∆ч¬нЌ∞≈дЉю,20 ~ 50,0.35,0.82,0.745,30% ~ 35%,0.85,6,2.05,0,0,35,28.7,0.325,9.3275
2026/08/08,„ш±г∆ч, ÷ хЇу„ш±г∆ч,20 ~ 50,1.35,0.97,0.169,10% ~ 15%,-0.6,2,0,3.7,1.312,35,33.95,0.125,4.2437
2026/08/08,„ш±г∆ч,Њ≈ƒЅ„ш±г∆ч,20 ~ 50,0.7,0.58,0.234,5% ~ 7.5%,0,1,0,0.01,0,35,20.3,0.062,1.2586
2026/08/08,„ш±г∆ч,–°≈у”—¬нЌ∞„ш±г∆ч,20 ~ 50,0.1,0.61,-0.247,20% ~ 25%,-0.35,4,-0.45,0.77,0.055,35,21.35,0.225,4.8037
2026/08/08,„ш±г∆ч,јѕ»Ћ”√„ш±г∆ч,20 ~ 50,0.1,0.83,0.203,20% ~ 25%,-0.2,5,-0.2,0.01,0,35,29.05,0.225,6.5362
2026/08/08,„ш±г∆ч,„ш±г∆чЈјЈіЋЃƒж÷єЈІ,20 ~ 50,0.4,0.94,0.492,15% ~ 20%,-0.8,3,-0.65,0.54,0.385,35,32.9,0.175,5.7575
2026/08/08,„ш±г∆ч,Њ≈ƒЅ„ш±г∆ч,20 ~ 50,0.7,0.58,0.234,5% ~ 7.5%,0,1,0,0.01,0,35,20.3,0.062,1.2586
2026/08/08,„ш±г∆ч,іш„ш±г∆чµƒ¬÷“ќ,20 ~ 50,0.1,0.82,0.012,10% ~ 15%,1.25,2,1.05,0.04,0,35,28.7,0.125,3.5875
2026/08/08,„ш±г∆ч,јѕ»Ћ„ш±г∆ч“∆ґѓ¬нЌ∞ѕі‘иЅљ”√,20 ~ 50,-0.1,0.55,-0.427,25% ~ 30%,0.6,5,0.7,0.47,-0.041,35,19.25,0.275,5.2938
2026/08/08,„ш±г∆ч,„ш±г∆ч‘х√іЄƒ≥…ґ„±г∆ч,20 ~ 50,2.05,0.4,-0.579,7.5% ~ 10%,0,1,0,0,0,35,14,0.087,1.218
2026/08/08,„ш±г∆ч,ґщЌѓ„ш±г∆чƒ–±¶,20 ~ 50,-0.15,0.81,-0.221,25% ~ 30%,-0.15,7,-0.4,0.08,-0.2,35,28.35,0.275,7.7963
2026/08/08,„ш±г∆ч,ј≠ Ї„ш±г∆ч,20 ~ 50,0.8,0.76,0.52,20% ~ 25%,-0.15,4,0.35,0.03,0.5,35,26.6,0.225,5.985
2026/08/08,„ш±г∆ч,ґ„≤ё„ш±г∆чґщЌѓ,20 ~ 50,-0.15,0.93,-0.17,7.5% ~ 10%,-0.3,2,-0.55,0.03,-0.25,35,32.55,0.087,2.8319
2026/08/08,„ш±г∆ч,±г≈и„ш±г∆ч,20 ~ 50,-0.15,0.79,0.317,15% ~ 20%,-0.5,3,-0.45,0,0,35,27.65,0.175,4.8388
2026/08/08,„ш±г∆ч,јѕƒк»Ћ„®”√„ш±г∆чЉ”Єя…эЄя∞ж,20 ~ 50,0,0.64,-0.2,7.5% ~ 10%,-0.35,2,-0.35,0.05,0,35,22.4,0.087,1.9488
2026/08/08,„ш±г∆ч,ґщЌѓ≤ёЋщ„ш±г∆ч,20 ~ 50,-0.15,0.78,0.147,15% ~ 20%,-0.15,4,-0.25,0.02,0,35,27.3,0.175,4.7775
2026/08/08,„ш±г∆ч,≈Ѓ њ„ш±г∆ч,20 ~ 50,-0.4,0.57,-0.441,10% ~ 15%,-0.35,2,-0.65,0.31,-0.38,35,19.95,0.125,2.4937
2026/08/08,„ш±г∆ч,‘–ЄЊµ „”„ш±г∆ч,20 ~ 50,0.4,1.12,0.258,15% ~ 20%,0,3,0,0.03,0.5,35,39.2,0.175,6.86
2026/08/08,„ш±г∆ч,Љ“”√ љ„ш±г∆ч,20 ~ 50,-0.45,0.54,-0.182,10% ~ 15%,-0.5,2,-0.65,0,-1,35,18.9,0.125,2.3625
2026/08/08,„ш±г∆ч,ґщЌѓіу¬нЌ∞„ш±г∆ч,20 ~ 50,-0.05,0.71,-0.134,20% ~ 25%,0.05,6,0.55,0.03,0,35,24.85,0.225,5.5912
2026/08/08,„ш±г∆ч,¬÷“ќ„ш±г∆ч,20 ~ 50,0.4,1.03,0.431,10% ~ 15%,-0.45,3,0,0.03,0.5,35,36.05,0.125,4.5063
2026/08/08,„ш±г∆ч,±г–ѓ„ш±г∆ч,20 ~ 50,0.1,0.99,0.076,7.5% ~ 10%,-0.7,2,-0.55,0.01,0,35,34.65,0.087,3.0145
2026/08/08,„ш±г∆ч,Ѕў ±„ш±г∆ч,20 ~ 50,0.2,0.61,-0.164,25% ~ 30%,0.5,5,0.7,0.06,0.2,35,21.35,0.275,5.8712
2026/08/08,„ш±г∆ч,јѕ»Ћ„ш±г∆ч“∆ґѓ¬нЌ∞≤–Љ≤»Ћ„ш±г“ќ,20 ~ 50,0.4,0.67,-0.118,5% ~ 7.5%,-0.65,1,-0.55,0.02,1,35,23.45,0.062,1.4539
2026/08/08,„ш±г∆ч, јЉЌ±¶±іЈ¬’ж„ш±г∆ч,20 ~ 50,0.2,1.36,0.046,0% ~ 1%,0,0,0,2.21,0.188,35,47.6,0.005,0.238
2026/08/08,„ш±г∆ч,„ш±г∆ч“їіќ–‘ћ„,20 ~ 50,-0.1,0.96,-0.158,45% ~ 50%,-0.3,10 ~ 50,-0.3,0.03,0,35,33.6,0.475,15.96
2026/08/08,„ш±г∆ч,„ш±г∆чЈј≥фґ¬≥ф∆ч,20 ~ 50,0.5,0.53,-0.459,5% ~ 7.5%,-0.25,1,0,0.09,0.5,35,18.55,0.062,1.1501
2026/08/08,„ш±г∆ч,Їзќь„ш±г∆ч,20 ~ 50,0.25,0.03,0,0% ~ 1%,0,0,0,0,0,35,1.05,0.005,0.0053
2026/08/08,„ш±г∆ч,”„ґщ¬нЌ∞„ш±г∆ч≈Ѓ,20 ~ 50,-0.1,0.49,-0.395,15% ~ 20%,-0.6,3,-0.65,0.02,0,35,17.15,0.175,3.0012
2026/08/08,„ш±г∆ч,іу±г„ш±г∆ч,20 ~ 50,0.6,0.49,-0.246,5% ~ 7.5%,-0.8,1,-0.7,0,0,35,17.15,0.062,1.0633
2026/08/08,„ш±г∆ч,Ј≈‘Џґ„±г…ѕµƒ„ш±г∆ч,20 ~ 50,0.45,0.97,0.366,20% ~ 25%,0.35,4,1.05,0.48,0.455,35,33.95,0.225,7.6387
2026/08/08,„ш±г∆ч,і≤±я„ш±г∆ч,20 ~ 50,-0.15,0.48,-0.36,10% ~ 15%,0.35,2,0,0.07,-0.125,35,16.8,0.125,2.1
2026/08/08,„ш±г∆ч,ќј…ъЉд„ш±г∆ч…ѕµƒ÷√ќпЉ№,20 ~ 50,0.15,0.66,0.065,0% ~ 1%,-1.05,0,-1.05,2.42,0.115,35,23.1,0.005,0.1155
2026/08/08,„ш±г∆ч,јѕ»Ћ„ш±г∆ч¬нЌ∞“∆ґѓ,20 ~ 50,-0.1,0.78,0.13,10% ~ 15%,0.15,2,0,0.01,0,35,27.3,0.125,3.4125
2026/08/08,„ш±г∆ч,јѕ»Ћ„ш±г∆ч¬нЌ∞“∆ґѓ,20 ~ 50,-0.1,0.78,0.13,10% ~ 15%,0.15,2,0,0.01,0,35,27.3,0.125,3.4125
2026/08/08,„ш±г∆ч,Њ≈ƒЅ”≈—°¬нЌ∞Љ“”√„ш±г∆чЊ≤“фЈј≥фіує№µј≥йЋЃ≥ђдц љљЏЋЃ≈з…дЇзќь љ,20 ~ 50,0,0.65,0,75% ~ 80%,0,10 ~ 50,0,0.05,0,35,22.75,0.775,17.6313
2026/08/08,„ш±г∆ч,„ш±г∆ч‘цЄяµж,20 ~ 50,0.9,0.79,0.068,35% ~ 40%,2.05,6,5.05,0.12,1,35,27.65,0.375,10.3688
2026/08/08,„ш±г∆ч,Їу≈≈ љ¬нЌ∞„ш±г∆ч,20 ~ 50,0.15,1.06,0.493,7.5% ~ 10%,-0.55,2,-0.35,0.08,0.143,35,37.1,0.087,3.2277
2026/08/08,„ш±г∆ч,„ш±г∆ч≥еЋЃ∞і≈•,20 ~ 50,0.35,0.59,-0.213,45% ~ 50%,0.75,6,0.55,0.01,0,35,20.65,0.475,9.8087
2026/08/08,„ш±г∆ч,јѕ»Ћґ„њ”„ш±г∆ч,20 ~ 50,-0.15,0.74,-0.229,20% ~ 25%,0.6,4,0.35,0.01,0,35,25.9,0.225,5.8275
2026/08/08,„ш±г∆ч,Њ≈ƒЅЌх„ш±г∆ч,20 ~ 50,0,0.54,-0.129,0% ~ 1%,-1.05,0,-1.05,0.06,0,35,18.9,0.005,0.0945
2026/08/08,„ш±г∆ч,„ш±г∆ч≈дЉю,20 ~ 50,0.05,0.47,-0.46,0% ~ 1%,-1.05,0,-1.05,0,0,35,16.45,0.005,0.0823
2026/08/08,„ш±г∆ч,јѕ»Ћ„ш±г∆чЈц ÷,20 ~ 50,-0.25,0.99,-0.108,7.5% ~ 10%,-0.75,1,-0.85,0.03,0,35,34.65,0.087,3.0145
2026/08/08,„ш±г∆ч,¬нЌ∞„ш±г∆чґщЌѓ¬•ћЁ љ,20 ~ 50,-0.25,1.26,0.115,15% ~ 20%,-0.5,3,-0.65,0.07,-0.3,35,44.1,0.175,7.7175
2026/08/08,„ш±г∆ч,¬нЌ∞„ш±г∆чґщЌѓ¬•ћЁ љ,20 ~ 50,-0.25,1.26,0.115,15% ~ 20%,-0.5,3,-0.65,0,-1,35,44.1,0.175,7.7175
2026/08/08,„ш±г∆ч,–°ґщ¬нЌ∞„ш±г∆ч,20 ~ 50,-0.15,0.99,0.456,20% ~ 25%,-0.35,4,-0.35,0,-1,35,34.65,0.225,7.7962
2026/08/08,„ш±г∆ч,„ш±г∆чљ≈≤»µ ,20 ~ 50,-0.05,0.71,-0.317,25% ~ 30%,-0.3,4,0.35,0,-1,35,24.85,0.275,6.8338
2026/08/08,„ш±г∆ч,Ј¬’ж„ш±г∆ч јЉЌ±¶±іbh149c,20 ~ 50,0.1,1.16,-0.386,0% ~ 1%,0,0,0,0,-1,35,40.6,0.005,0.203
2026/08/08,„ш±г∆ч,„ш±г∆чµж„”,20 ~ 50,-0.55,1.03,0.256,35% ~ 40%,-0.25,4,-0.65,0,-1,35,36.05,0.375,13.5188
2026/08/08,„ш±г∆ч,–°ЇҐ¬нЌ∞„ш±г∆чƒ–±¶±¶,20 ~ 50,-0.3,0.81,-0.165,30% ~ 35%,0.35,6,-0.15,0,-1,35,28.35,0.325,9.2138
2026/08/08,„ш±г∆ч,ґщЌѓґ„≤ё„ш±г∆ч,20 ~ 50,0,1,0.235,20% ~ 25%,0.55,3,0.55,0,-1,35,35,0.225,7.875
2026/08/08,„ш±г∆ч,ґщЌѓ„ш±г∆ч¬•ћЁ љ,20 ~ 50,1.3,0.5,-0.627,20% ~ 25%,1.15,4,3.05,0,-1,35,17.5,0.225,3.9375
2026/08/08,„ш±г∆ч,„ш±г∆чљшЋЃЈІ,20 ~ 50,-0.15,0.71,0.543,25% ~ 30%,0.2,5,0.7,0,-1,35,24.85,0.275,6.8338
2026/08/08,„ш±г∆ч,„ш±г∆ч¬нЌ∞»¶,20 ~ 50,0.25,1.05,0.875,15% ~ 20%,-0.55,2,-0.35,0,0,35,36.75,0.175,6.4312
2026/08/08,„ш±г∆ч,„ш±г∆чљшЋЃЈІ,20 ~ 50,-0.15,0.71,0.543,25% ~ 30%,0.2,5,0.7,0,-1,35,24.85,0.275,6.8338
2026/08/08,„ш±г∆ч,¬нЌ∞ґщЌѓ„ш±г∆ч3Ћк“‘…ѕЉ”іу–ЌЇ≈,20 ~ 50,0.35,0.93,0,25% ~ 30%,1.05,4,1.05,0,-1,35,32.55,0.275,8.9513
2026/08/08,„ш±г∆ч,≤–Љ≤»Ћ¬нЌ∞„ш±г∆ч,20 ~ 50,0.25,0.64,-0.169,40% ~ 45%,3.75,6,5.05,0,-1,35,22.4,0.425,9.52
2026/08/08,„ш±г∆ч,”¶Љ±„ш±г∆ч,20 ~ 50,0.35,0.31,0.476,0% ~ 1%,0,0,0,0,-1,35,10.85,0.005,0.0542
2026/08/08,„ш±г∆ч,„ш±г∆ч«еѕі…с∆ч,20 ~ 50,0.2,0.87,0.403,65% ~ 70%,1.05,4,1.05,0,-1,35,30.45,0.675,20.5538
2026/08/08,„ш±г∆ч,јѕƒк “ƒЏ„ш±г∆ч,20 ~ 50,0.2,1.1,0.392,10% ~ 15%,-0.8,2,-0.7,0,-1,35,38.5,0.125,4.8125
2026/08/08,„ш±г∆ч,„щ“ќ љ„ш±г∆ч,20 ~ 50,0.55,0.77,0.328,35% ~ 40%,2.05,6,5.05,0,-1,35,26.95,0.375,10.1062
2026/08/08,„ш±г∆ч,„ш±г∆ч–°їІ–Ќ,20 ~ 50,0.3,0.48,-0.273,0% ~ 1%,-1.05,0,-1.05,0,-1,35,16.8,0.005,0.084
2026/08/08,„ш±г∆ч,јѕ»Ћ¬нЌ∞„ш±г∆ч,20 ~ 50,-0.3,0.42,-0.481,0% ~ 1%,-1.05,0,-1.05,0,0,35,14.7,0.005,0.0735
2026/08/08,„ш±г∆ч,„ш±г∆чЇу√ж÷√ќпЉ№,20 ~ 50,0.55,0.76,-0.24,10% ~ 15%,-0.6,2,-0.55,0,-1,35,26.6,0.125,3.325
2026/08/08,„ш±г∆ч,¬÷“ќћ±їЊјѕ»Ћ„®”√іш„ш±г∆чњ…ѕі‘и,20 ~ 50,-0.05,1.19,-0.063,10% ~ 15%,0,2,0,0,-1,35,41.65,0.125,5.2062
2026/08/08,„ш±г∆ч,∆’Ќ®„ш±г∆ч,20 ~ 50,0.2,0.28,-0.6,0% ~ 1%,0,0,0,0,-1,35,9.8,0.005,0.049
2026/08/08,„ш±г∆ч,јѕ»Ћ±г–ѓ љ„ш±г∆ч,20 ~ 50,0.2,0.83,-0.144,20% ~ 25%,-0.5,3,-0.45,0,-1,35,29.05,0.225,6.5362
2026/08/08,„ш±г∆ч,Њ≈ƒЅєўЈљ∆мљҐµк„ш±г∆ч,20 ~ 50,0.25,0.39,-0.049,0% ~ 1%,0,0,0,0,-1,35,13.65,0.005,0.0683
2026/08/08,„ш±г∆ч,ƒ–±¶±¶„ш±г∆ч,20 ~ 50,-0.2,0.77,-0.312,30% ~ 35%,-0.45,5,-0.45,0,-1,35,26.95,0.325,8.7588
2026/08/08,„ш±г∆ч,¬нЌ∞„ш±г∆чѕыґЊ…±Њъ ™љн,20 ~ 50,0.85,0.92,-0.233,7.5% ~ 10%,-0.85,1,-0.85,0,-1,35,32.2,0.087,2.8014
2026/08/08,„ш±г∆ч,ґщЌѓ¬нЌ∞„ш±г∆ч”§”„ґщ„®”√,20 ~ 50,-0.25,1.01,0.031,15% ~ 20%,-0.45,3,-0.6,0,-1,35,35.35,0.175,6.1863
2026/08/08,„ш±г∆ч,јѕƒк»Ћ„ш±г∆чЈц ÷,20 ~ 50,0.05,1.06,1,5% ~ 7.5%,-0.25,1,0,0,-1,35,37.1,0.062,2.3002
2026/08/08,„ш±г∆ч,”§ґщ„ш±г∆ч≈Ѓ±¶±¶,20 ~ 50,-0.2,1,0.449,15% ~ 20%,0.4,2,0,0,-1,35,35,0.175,6.125
2026/08/08,„ш±г∆ч,„ш±г∆чјѕ»Ћ“∆ґѓ¬нЌ∞њ…’џµю,20 ~ 50,0.4,1.52,0.382,35% ~ 40%,0,5,0,0,-1,35,53.2,0.375,19.95
2026/08/08,„ш±г∆ч,¬÷“ќћ±їЊјѕ»Ћ„®”√іш„ш±г∆чњ…ѕі‘и,20 ~ 50,-0.05,1.19,-0.063,10% ~ 15%,0,2,0,0,-1,35,41.65,0.125,5.2062
2026/08/08,„ш±г∆ч,”§ґщ„ш±г∆ч≈Ѓ±¶±¶,20 ~ 50,-0.2,1,0.449,15% ~ 20%,0.4,2,0,0,-1,35,35,0.175,6.125
2026/08/08,„ш±г∆ч,¬нЌ∞„ш±г∆чѕыґЊ…±Њъ ™љн,20 ~ 50,0.85,0.92,-0.233,7.5% ~ 10%,-0.85,1,-0.85,0,-1,35,32.2,0.087,2.8014
2026/08/08,„ш±г∆ч,¬нЌ∞‘цЄя„ш±г∆ч,20 ~ 50,0.2,0.83,0.169,10% ~ 15%,-0.6,1,-0.55,0,-1,35,29.05,0.125,3.6312
2026/08/08,„ш±г∆ч,јѕ»Ћ„ш±г∆ч“∆ґѓ¬нЌ∞ЈјїђЈј≥ф,20 ~ 50,-0.4,0.8,0.25,25% ~ 30%,-0.25,4,-0.35,0,-1,35,28,0.275,7.7
2026/08/08,„ш±г∆ч,јѕƒк»Ћі≤…ѕ„ш±г∆ч,20 ~ 50,0.35,0.7,0.667,40% ~ 45%,0,4,0,0,-1,35,24.5,0.425,10.4125
2026/08/08,„ш±г∆ч,„ш±г∆чґ„њ”…с∆чњ…’џµю,20 ~ 50,0.1,1.14,0.702,0% ~ 1%,-1.05,0,-1.05,0,-1,35,39.9,0.005,0.1995
2026/08/08,„ш±г∆ч,“∆ґѓ¬нЌ∞„ш±г∆чјѕ»ЋЈјїђЈј≥ф,20 ~ 50,1.15,0.78,0.114,7.5% ~ 10%,-0.4,1,0,0,-1,35,27.3,0.087,2.3751
2026/08/08,„ш±г∆ч,Њ≈ƒЅ“їће÷«ƒ№„ш±г∆ч,20 ~ 50,0.8,0.89,-0.776,0% ~ 1%,0,0,0,0,-1,35,31.15,0.005,0.1558
2026/08/08,„ш±г∆ч,ґ„њ”…ѕµƒ„ш±г∆ч,20 ~ 50,0.55,1.08,0.241,0% ~ 1%,-1.05,0,-1.05,0,-1,35,37.8,0.005,0.189
2026/08/08,„ш±г∆ч,јѕƒк»Ћґ„њ”„ш±г∆ч,20 ~ 50,1.25,0.42,-0.455,10% ~ 15%,0,1,0,0,-1,35,14.7,0.125,1.8375
2026/08/08,„ш±г∆ч,≥…»Ћ„ш±г∆ч,20 ~ 50,0.1,0.48,-0.551,0% ~ 1%,-1.05,0,-1.05,0,-1,35,16.8,0.005,0.084
2026/08/08,„ш±г∆ч,јѕ»ЋЉ“”√„ш±г∆ч,20 ~ 50,-0.35,0.37,-0.532,7.5% ~ 10%,-0.75,1,-0.8,0,-1,35,12.95,0.087,1.1266
2026/08/08,„ш±г∆ч,„ш±г∆ч≈Ѓ њ,20 ~ 50,0.15,0.76,0.027,15% ~ 20%,-0.65,2,0,0,-1,35,26.6,0.175,4.655
2026/08/08,„ш±г∆ч,≤а≈≈¬нЌ∞„ш±г∆ч,20 ~ 50,0.45,0.73,-0.087,7.5% ~ 10%,0,1,0,0,-1,35,25.55,0.087,2.2228
2026/08/08,„ш±г∆ч,„ш±г∆ч¬нЌ∞Љ“”√µжЋƒЉЊ,20 ~ 50,0.15,1,0.149,40% ~ 45%,-0.4,8,0,0,-1,35,35,0.425,14.875
2026/08/08,„ш±г∆ч,„ш±г∆чјѕ»Ћ“∆ґѓ¬нЌ∞іуЇ≈,20 ~ 50,0.35,0.65,0.083,30% ~ 35%,-0.3,3,0.55,0,-1,35,22.75,0.325,7.3937
2026/08/08,„ш±г∆ч,“ќ„”„ш±г∆ч,0 ~ 20,0.1,1.08,0.895,0% ~ 1%,-1.05,0,-1.05,0,-1,10,10.8,0.005,0.054
2026/08/08,„ш±г∆ч,„ш±г∆ч„шµж,0 ~ 20,0.4,0.88,-0.267,10% ~ 15%,-0.85,2,-0.75,0,0,10,8.8,0.125,1.1
2026/08/08,„ш±г∆ч,јѕƒк»ЋЉ“Ќ•„ш±г∆чљб µƒЌ”√Јј≥ф,0 ~ 20,-0.1,0.44,-0.488,7.5% ~ 10%,0.4,1,0,0,0,10,4.4,0.087,0.3828
2026/08/08,„ш±г∆ч,’џµю љ„ш±г∆ч,0 ~ 20,-0.15,0.69,-0.615,55% ~ 60%,0.3,5,-0.2,0,-1,10,6.9,0.575,3.9675
2026/08/08,„ш±г∆ч,„ш±г∆ч¬нЌ∞Є«ЅгЉю≈дЉю,0 ~ 20,0.75,0.5,0.22,20% ~ 25%,0,2,0,0,-1,10,5,0.225,1.125
2026/08/08,„ш±г∆ч,Љ“”√јѕ»Ћі≤±я„ш±г∆ч,0 ~ 20,-0.4,1.4,0.75,0% ~ 1%,-1.05,0,-1.05,0,-1,10,14,0.005,0.07
2026/08/08,„ш±г∆ч,„ш±г∆ч–¬њо,0 ~ 20,0.5,0.44,0.333,0% ~ 1%,0,0,0,0,-1,10,4.4,0.005,0.022
2026/08/08,„ш±г∆ч,јѕƒк»ЋЉ“Ќ•„ш±г∆чљб µƒЌ”√Јј≥ф,0 ~ 20,-0.1,0.44,-0.488,7.5% ~ 10%,0.4,1,0,0,0,10,4.4,0.087,0.3828
2026/08/08,„ш±г∆ч,≈©іеЇµ≤ё„®”√„ш±г∆ч,0 ~ 20,-0.25,0.65,0.711,15% ~ 20%,-0.3,2,0,0,-1,10,6.5,0.175,1.1375
2026/08/08,„ш±г∆ч,јѕƒк»Ћ¬нЌ∞„ш±г∆чњ…“∆ґѓ∆мљҐµк,0 ~ 20,-0.1,0.66,-0.25,35% ~ 40%,0.7,5,0.7,0,-1,10,6.6,0.375,2.475
2026/08/08,„ш±г∆ч,“ќ„”„ш±г∆ч,0 ~ 20,0.1,1.08,0.895,0% ~ 1%,-1.05,0,-1.05,0,-1,10,10.8,0.005,0.054
2026/08/08,„ш±г∆ч,”§”„ґщ„ш±г∆ч,0 ~ 20,0.95,1.23,0.108,10% ~ 15%,-0.15,2,1.05,0,-1,10,12.3,0.125,1.5375
2026/08/08,„ш±г∆ч,јѕ»ЋЉ“”√“∆ґѓ„ш±г∆ч,0 ~ 20,0.15,0.95,0.08,25% ~ 30%,-0.35,3,0,0,0,10,9.5,0.275,2.6125
2026/08/08,„ш±г∆ч,јѕƒк„ш±г∆чјѕ»ЋЉ“”√,0 ~ 20,0.5,0.74,-0.139,20% ~ 25%,-0.15,3,0.55,0,-1,10,7.4,0.225,1.665
2026/08/08,„ш±г∆ч,”§”„ґщ„ш±г∆ч,0 ~ 20,0.95,1.23,0.108,10% ~ 15%,-0.15,2,1.05,0,-1,10,12.3,0.125,1.5375
2026/08/08,„ш±г∆ч,јѕ»Ћ„ш±г∆ч“∆ґѓ¬нЌ∞љб µ,0 ~ 20,0.25,0.72,-0.455,15% ~ 20%,-0.35,2,-0.35,0,-1,10,7.2,0.175,1.26
2026/08/08,„ш±г∆ч, јЉЌ±¶±іЈ¬’ж„ш±г∆чbh149c,0 ~ 20,0.15,1.08,1,0% ~ 1%,0,0,0,0,-1,10,10.8,0.005,0.054
2026/08/08,„ш±г∆ч,¬нЌ∞ љ„ш±г∆ч,0 ~ 20,-0.1,0.77,-0.319,30% ~ 35%,1.35,3,0.55,0,0,10,7.7,0.325,2.5025
2026/08/08,„ш±г∆ч,Љ“”√Љт“„„ш±г∆ч,0 ~ 20,0.25,0.76,-0.356,30% ~ 35%,-0.35,4,-0.25,0,-1,10,7.6,0.325,2.47
2026/08/08,„ш±г∆ч,„ш±г∆ч≈≈ЋЃЈІ,0 ~ 20,0.1,1.11,0.442,30% ~ 35%,0.7,3,0.55,0,-1,10,11.1,0.325,3.6075
2026/08/08,„ш±г∆ч,ґщЌѓ¬нЌ∞„ш±г∆ч»эЇѕ“ї,0 ~ 20,0.1,0.8,-0.328,15% ~ 20%,0,2,0,0,-1,10,8,0.175,1.4
2026/08/08,„ш±г∆ч,Њ≈ƒЅ”≈—°«б÷«ƒ№¬нЌ∞Љ“”√ќј…ъЉд»Ђ„‘ґѓЉі»»“їће љќёЋЃ—єѕё÷∆„ш±г∆ч,0 ~ 20,0,0.68,0,80% ~ 85%,0,10 ~ 50,0,0,0,10,6.8,0.825,5.61
2026/08/08,„ш±г∆ч,ґщЌѓ„ш±г∆ч«ељаіь,0 ~ 20,0.1,0.83,-0.245,30% ~ 35%,0.85,4,1.05,0,-1,10,8.3,0.325,2.6975
2026/08/08,„ш±г∆ч,¬нЌ∞ љ„ш±г∆ч,0 ~ 20,-0.1,0.77,-0.319,30% ~ 35%,1.35,3,0.55,0,0,10,7.7,0.325,2.5025
2026/08/08,„ш±г∆ч,Ћ№Ѕѕ„ш±г∆ч,0 ~ 20,-0.15,0.85,0.393,25% ~ 30%,-0.35,3,-0.45,0,-1,10,8.5,0.275,2.3375
2026/08/08,„ш±г∆ч,ґщЌѓ„ш±г∆ч«ељаіь,0 ~ 20,0.1,0.83,-0.245,30% ~ 35%,0.85,4,1.05,0,-1,10,8.3,0.325,2.6975
2026/08/08,„ш±г∆ч,ґщЌѓ¬нЌ∞„ш±г∆ч»эЇѕ“ї,0 ~ 20,0.1,0.8,-0.328,15% ~ 20%,0,2,0,0,-1,10,8,0.175,1.4
2026/08/08,„ш±г∆ч,÷«ƒ№¬нЌ∞„ш±г∆ч»Ђ„‘ґѓ,0 ~ 20,0.3,0.23,-0.395,0% ~ 1%,0,0,0,0,0,10,2.3,0.005,0.0115
2026/08/08,„ш±г∆ч,Њ≈ƒЅ”≈—°«б÷«ƒ№¬нЌ∞Љ“”√ќј…ъЉд»Ђ„‘ґѓЉі»»“їће љќёЋЃ—єѕё÷∆„ш±г∆ч,0 ~ 20,0,0.68,0,80% ~ 85%,0,10 ~ 50,0,0,0,10,6.8,0.825,5.61
2026/08/08,„ш±г∆ч,–°±¶±¶¬нЌ∞„ш±г∆ч,0 ~ 20,0.65,1.32,0.45,20% ~ 25%,-0.55,3,-0.3,0,0,10,13.2,0.225,2.97
2026/08/08,„ш±г∆ч, јЉЌ±¶±іЈ¬’ж„ш±г∆чbh149c,0 ~ 20,0.15,1.08,1,0% ~ 1%,0,0,0,0,-1,10,10.8,0.005,0.054
2026/08/08,„ш±г∆ч,„ш±г∆ч≈≈ЋЃЈІ,0 ~ 20,0.1,1.11,0.442,30% ~ 35%,0.7,3,0.55,0,-1,10,11.1,0.325,3.6075
2026/08/08,„ш±г∆ч,„ш±г∆ч≥еѕі∆®є…,0 ~ 20,-0.1,0.4,-0.474,0% ~ 1%,-1.05,0,-1.05,0,-1,10,4,0.005,0.02
2026/08/08,„ш±г∆ч,јѕ»Ћ„ш±г∆чіу±гµ ,0 ~ 20,0.15,0.63,0.033,15% ~ 20%,0.2,2,1.05,0,-1,10,6.3,0.175,1.1025
2026/08/08,„ш±г∆ч,–°ЇҐґ„њ”„ш±г∆ч,0 ~ 20,-0.2,0.78,0.083,15% ~ 20%,-0.45,2,-0.65,0,-1,10,7.8,0.175,1.365
2026/08/08,„ш±г∆ч, јЉЌ±¶±іґщЌѓ„ш±г∆ч,0 ~ 20,0.15,0.63,-0.583,0% ~ 1%,0,0,0,0,-1,10,6.3,0.005,0.0315
2026/08/08,„ш±г∆ч,јѕ љ„ш±г∆чЋЃѕд≈дЉю,0 ~ 20,0.9,0.53,-0.264,25% ~ 30%,-0.3,2,1.05,0,0,10,5.3,0.275,1.4575
2026/08/08,„ш±г∆ч,ч≈єЎљЏ÷√її хЇу„ш±г∆ч,0 ~ 20,1.85,0.5,-0.091,0% ~ 1%,-1.05,0,-1.05,0,-1,10,5,0.005,0.025
2026/08/08,„ш±г∆ч,„ш±г∆чјђїшіь,0 ~ 20,0.35,0.57,-0.269,55% ~ 60%,0,5,0,0,-1,10,5.7,0.575,3.2775
2026/08/08,„ш±г∆ч,јѕ»Ћ„ш±г∆ч“∆ґѓ¬нЌ∞јђїшіь,0 ~ 20,0,0.78,-0.082,15% ~ 20%,-0.3,2,-0.35,0,-1,10,7.8,0.175,1.365
2026/08/08,„ш±г∆ч,„ш±г∆ч“∆ќї∆ч,0 ~ 20,-0.2,0.49,0.289,20% ~ 25%,0.85,2,1.05,0,0,10,4.9,0.225,1.1025
2026/08/08,„ш±г∆ч,”Ґ ѕґщЌѓ„ш±г∆ч,0 ~ 20,0.75,1.2,0.333,0% ~ 1%,-1.05,0,-1.05,0,-1,10,12,0.005,0.06
2026/08/08,„ш±г∆ч,јѕ»Ћ„ш±г∆ч“∆ґѓ¬нЌ∞¬÷“ќ,0 ~ 20,0.25,0.74,-0.039,0% ~ 1%,-1.05,0,-1.05,0,-1,10,7.4,0.005,0.037
2026/08/08,„ш±г∆ч,≤а≈≈ љ¬нЌ∞„ш±г∆ч,0 ~ 20,0.55,0.36,-0.182,0% ~ 1%,0,0,0,0,-1,10,3.6,0.005,0.018
2026/08/08,„ш±г∆ч,≤–Љ≤»Ћ„®”√„ш±г∆ч,0 ~ 20,-0.4,0.62,0.127,35% ~ 40%,0.5,4,0.35,0,-1,10,6.2,0.375,2.325
2026/08/08,„ш±г∆ч,јѕ»Ћ±г≈и„ш±г∆ч,0 ~ 20,1.15,0.84,0.714,10% ~ 15%,0,2,0,0,0,10,8.4,0.125,1.05
2026/08/08,„ш±г∆ч,ґщЌѓ”√„ш±г∆ч,0 ~ 20,0.15,0.94,0.709,30% ~ 35%,0,4,0,0,-1,10,9.4,0.325,3.055
2026/08/08,„ш±г∆ч,јѕ љ„ш±г∆чЋЃѕд≈дЉю,0 ~ 20,0.9,0.53,-0.264,25% ~ 30%,-0.3,2,1.05,0,0,10,5.3,0.275,1.4575
2026/08/08,„ш±г∆ч, јЉЌ±¶±іґщЌѓ„ш±г∆ч,0 ~ 20,0.15,0.63,-0.583,0% ~ 1%,0,0,0,0,-1,10,6.3,0.005,0.0315
2026/08/08,„ш±г∆ч,„ш±г∆ч≥еѕі∆®є…,0 ~ 20,-0.1,0.4,-0.474,0% ~ 1%,-1.05,0,-1.05,0,-1,10,4,0.005,0.02
2026/08/08,„ш±г∆ч,ч≈єЎљЏ÷√її хЇу„ш±г∆ч,0 ~ 20,1.85,0.5,-0.091,0% ~ 1%,-1.05,0,-1.05,0,-1,10,5,0.005,0.025
2026/08/08,„ш±г∆ч,„ш±г∆ч«еља…с∆ч,0 ~ 20,1.7,0.72,0.8,0% ~ 1%,-1.05,0,-1.05,0,-1,10,7.2,0.005,0.036
2026/08/08,„ш±г∆ч,јѕ»Ћ„®”√„ш±г∆ч,0 ~ 20,-0.2,0.53,-0.346,25% ~ 30%,0.4,1,-0.55,0,-1,10,5.3,0.275,1.4575
2026/08/08,„ш±г∆ч,„ш±г∆чЋЃѕд’ыћ„,0 ~ 20,0.65,0.5,0,0% ~ 1%,0,0,0,0,-1,10,5,0.005,0.025
2026/08/08,„ш±г∆ч,÷ъ––∆ч„ш±г∆ч,0 ~ 20,-0.35,0.89,-0.073,35% ~ 40%,0.7,3,0.55,0,-1,10,8.9,0.375,3.3375
2026/08/08,„ш±г∆ч,„‘ґѓ„ш±г∆ч,0 ~ 20,0.25,0.47,0.175,0% ~ 1%,0,0,0,0,0,10,4.7,0.005,0.0235
2026/08/08,„ш±г∆ч,‘–ЄЊґ„њ”„ш±г∆ч,0 ~ 20,0.25,1.3,2.023,10% ~ 15%,0,1,0,0,0,10,13,0.125,1.625
2026/08/08,„ш±г∆ч,ґщЌѓј≠ Ї„ш±г∆ч,0 ~ 20,0.35,0.76,0.689,50% ~ 55%,0.65,7,2.55,0,-1,10,7.6,0.525,3.99
2026/08/08,„ш±г∆ч,„ш±г∆чјѕ»Ћ“∆ґѓ¬нЌ∞≈дЉю,0 ~ 20,0.65,0.53,-0.036,10% ~ 15%,-0.55,1,-0.55,0,-1,10,5.3,0.125,0.6625
2026/08/08,„ш±г∆ч,„ш±г∆ч«еља…с∆ч,0 ~ 20,1.7,0.72,0.8,0% ~ 1%,-1.05,0,-1.05,0,-1,10,7.2,0.005,0.036
2026/08/08,„ш±г∆ч,≥…»Ћ“∆ґѓ„ш±г∆ч,0 ~ 20,0.35,0.67,0.914,35% ~ 40%,0,4,0,0,-1,10,6.7,0.375,2.5125
2026/08/08,„ш±г∆ч,ґ„±гЄƒ„ш±г∆ч¬нЌ∞Љ“”√,0 ~ 20,0.35,0.97,-0.495,0% ~ 1%,0,0,0,0,0,10,9.7,0.005,0.0485
2026/08/08,„ш±г∆ч,ґщЌѓ¬нЌ∞„ш±г∆ч¬•ћЁ љњ…’џµю,0 ~ 20,0.25,0.66,-0.436,40% ~ 45%,0.5,4,0.35,0,-1,10,6.6,0.425,2.805
2026/08/08,„ш±г∆ч,“їіќ–‘„ш±г∆ч,0 ~ 20,0,0.65,0.048,25% ~ 30%,0.15,2,1.05,0,-1,10,6.5,0.275,1.7875
2026/08/08,„ш±г∆ч,ґ„±гЄƒ„ш±г∆ч¬нЌ∞Љ“”√,0 ~ 20,0.35,0.97,-0.495,0% ~ 1%,0,0,0,0,0,10,9.7,0.005,0.0485
2026/08/08,„ш±г∆ч,“їіќ–‘„ш±г∆чћ„,0 ~ 20,0.25,0.64,-0.385,35% ~ 40%,-0.15,3,0,0,-1,10,6.4,0.375,2.4
2026/08/08,„ш±г∆ч,”§ґщ„ш±г∆чƒ–±¶±¶,0 ~ 20,-0.1,1.08,0.271,5% ~ 7.5%,-0.65,1,-0.7,0,-1,10,10.8,0.062,0.6696
2026/08/08,„ш±г∆ч,¬нЌ∞„ш±г∆чµ„≤њєћґ®√№ЈвљЇ,0 ~ 20,0.1,0.98,0.607,20% ~ 25%,0,2,0,0,-1,10,9.8,0.225,2.205
2026/08/08,„ш±г∆ч,¬÷“ќћ±їЊјѕ»Ћ„®”√іш„ш±г∆ч,0 ~ 20,0.3,0.98,0.101,15% ~ 20%,0.65,2,1.05,0,-1,10,9.8,0.175,1.715
2026/08/08,„ш±г∆ч,±¶±¶±г≈и„ш±г∆ч,0 ~ 20,0,1.61,0.045,10% ~ 15%,-0.3,1,-0.55,0,0,10,16.1,0.125,2.0125
2026/08/08,„ш±г∆ч,„ш±г∆чЋЃѕдљшЋЃЈІ,0 ~ 20,-0.15,0.78,0.054,50% ~ 55%,1.8,4,1.05,0,-1,10,7.8,0.525,4.095
2026/08/08,„ш±г∆ч,≤ї–вЄ÷„ш±г∆ч,0 ~ 20,-0.45,0.27,-0.46,20% ~ 25%,0.85,1,0,0,-1,10,2.7,0.225,0.6075
2026/08/08,„ш±г∆ч,„ш±г∆чЋЃѕд,0 ~ 20,0.55,0.72,-0.163,15% ~ 20%,-0.55,2,-0.35,0,0,10,7.2,0.175,1.26
2026/08/08,„ш±г∆ч,јѕ»Ћ„ш±г∆ч»нµж,0 ~ 20,0,1.07,0.446,50% ~ 55%,3.55,3,2.05,0,-1,10,10.7,0.525,5.6175
2026/08/08,„ш±г∆ч,¬÷“ќћ±їЊјѕ»Ћ„®”√іш„ш±г∆ч,0 ~ 20,0.3,0.98,0.101,15% ~ 20%,0.65,2,1.05,0,-1,10,9.8,0.175,1.715
2026/08/08,„ш±г∆ч,„ш±г∆чњ…’џµю,0 ~ 20,0.3,0.58,-0.183,10% ~ 15%,-0.65,1,-0.55,0,-1,10,5.8,0.125,0.725
2026/08/08,„ш±г∆ч,“їіќ–‘„ш±г∆чћ„ґјЅҐ∞ь„∞,0 ~ 20,0.4,0.78,-0.4,40% ~ 45%,-0.35,5,-0.2,0,-1,10,7.8,0.425,3.315
2026/08/08,„ш±г∆ч,≤ї–вЄ÷„ш±г∆ч,0 ~ 20,-0.45,0.27,-0.46,20% ~ 25%,0.85,1,0,0,-1,10,2.7,0.225,0.6075
2026/08/08,„ш±г∆ч,„ш±г∆чЋЃѕдљшЋЃЈІ,0 ~ 20,-0.15,0.78,0.054,50% ~ 55%,1.8,4,1.05,0,-1,10,7.8,0.525,4.095
2026/08/08,„ш±г∆ч,„ш±г∆чЄ«„”Ќ®”√,0 ~ 20,-0.35,0.72,0.2,20% ~ 25%,0.25,2,0,0,-1,10,7.2,0.225,1.62
2026/08/08,„ш±г∆ч,Њ≈ƒЅ„ш±г∆ч¬нЌ∞,0 ~ 20,0,0.28,-0.364,10% ~ 15%,0,1,0,0,-1,10,2.8,0.125,0.35
2026/08/08,„ш±г∆ч,јѕ»ЋЈљ±г„ш±г∆ч,0 ~ 20,0.45,1.08,0.421,10% ~ 15%,-0.75,1,-0.55,0,-1,10,10.8,0.125,1.35
2026/08/08,„ш±г∆ч,–°≥яіз„ш±г∆ч,0 ~ 20,0.6,0.3,-0.674,20% ~ 25%,0,1,0,0,-1,10,3,0.225,0.675
2026/08/08,„ш±г∆ч,–°√„÷«ƒ№¬нЌ∞„ш±г∆ч»Ђ„‘ґѓ,0 ~ 20,0.3,0.96,-0.429,10% ~ 15%,-0.55,1,-0.55,0,-1,10,9.6,0.125,1.2
2026/08/08,„ш±г∆ч,≤°»Ћ”√µƒ„ш±г∆ч,0 ~ 20,0.8,0.39,0.5,0% ~ 1%,0,0,0,0,0,10,3.9,0.005,0.0195
2026/08/08,„ш±г∆ч,Њ≈ƒЅ„ш±г∆ч¬нЌ∞,0 ~ 20,0,0.28,-0.364,10% ~ 15%,0,1,0,0,-1,10,2.8,0.125,0.35
2026/08/08,„ш±г∆ч,„ш±г∆чЄ«„”Ќ®”√,0 ~ 20,-0.35,0.72,0.2,20% ~ 25%,0.25,2,0,0,-1,10,7.2,0.225,1.62
2026/08/08,„ш±г∆ч,‘–ЄЊ±г–ѓ„ш±г∆ч,0 ~ 20,-0.25,1.65,0.213,35% ~ 40%,0.7,5,0.7,0,-1,10,16.5,0.375,6.1875
2026/08/08,„ш±г∆ч,–°≥яіз„ш±г∆ч,0 ~ 20,0.6,0.3,-0.674,20% ~ 25%,0,1,0,0,-1,10,3,0.225,0.675
2026/08/08,„ш±г∆ч,ґщЌѓ„ш±г∆чƒ–±¶±¶„®”√,0 ~ 20,0.6,0.5,-0.342,20% ~ 25%,-0.45,1,-0.7,0,-1,10,5,0.225,1.125
2026/08/08,„ш±г∆ч,јѕ»Ћі≤…ѕ„ш±г∆ч,0 ~ 20,0,0.7,0.029,10% ~ 15%,0,1,0,0,-1,10,7,0.125,0.875
2026/08/08,„ш±г∆ч,”Ґ ѕ–°Ї£ла„ш±г∆ч,0 ~ 20,1.05,1.18,0.124,7.5% ~ 10%,-0.55,1,0,0,-1,10,11.8,0.087,1.0266
2026/08/08,„ш±г∆ч,„ш±г∆чЈц ÷,0 ~ 20,-0.25,0.85,0.371,30% ~ 35%,0.85,3,0.55,0,-1,10,8.5,0.325,2.7625
2026/08/08,„ш±г∆ч,≈©іе≤ёЋщ„ш±г∆ч,0 ~ 20,0.8,0.55,0.196,0% ~ 1%,0,0,0,0,-1,10,5.5,0.005,0.0275
2026/08/08,„ш±г∆ч,ґщЌѓ„ш±г∆чƒ–±¶±¶„®”√,0 ~ 20,0.6,0.5,-0.342,20% ~ 25%,-0.45,1,-0.7,0,-1,10,5,0.225,1.125
2026/08/08,„ш±г∆ч,„ш±г∆ч≈≈ЋЃЈІ≈дЉю,0 ~ 20,0,0.56,-0.097,10% ~ 15%,0.3,1,0,0,0,10,5.6,0.125,0.7
2026/08/08,„ш±г∆ч,ґщЌѓ¬нЌ∞„ш±г∆ч3Ћк“‘…ѕ,0 ~ 20,0.2,0.79,-0.194,30% ~ 35%,0.25,3,0.55,0,-1,10,7.9,0.325,2.5675
2026/08/08,„ш±г∆ч,„ш±г∆чЋЃѕд≈≈ЋЃЈІ,0 ~ 20,0.6,0.73,-0.171,0% ~ 1%,-1.05,0,-1.05,0,0,10,7.3,0.005,0.0365
2026/08/08,„ш±г∆ч,„ш±г∆чЈц ÷,0 ~ 20,-0.25,0.85,0.371,30% ~ 35%,0.85,3,0.55,0,-1,10,8.5,0.325,2.7625
2026/08/08,„ш±г∆ч,–°≥яіз„ш±г∆ч,0 ~ 20,0.6,0.3,-0.674,20% ~ 25%,0,1,0,0,-1,10,3,0.225,0.675
2026/08/08,„ш±г∆ч,÷«ƒ№„ш±г∆ч¬нЌ∞Є«,0 ~ 20,-0.1,0.33,-0.34,0% ~ 1%,0,0,0,0,-1,10,3.3,0.005,0.0165
2026/08/08,„ш±г∆ч,„ш±г∆ч√№Јв»¶,0 ~ 20,0.6,0.88,4.5,10% ~ 15%,-0.65,1,0,0,0,10,8.8,0.125,1.1
2026/08/08,„ш±г∆ч,„ш±г∆ч¬нЌ∞µ ,0 ~ 20,-0.35,0.5,-0.296,0% ~ 1%,-1.05,0,-1.05,0,0,10,5,0.005,0.025
2026/08/08,„ш±г∆ч,ґщЌѓ„ш±г∆чґ„њ”,0 ~ 20,0.1,0.51,-0.385,25% ~ 30%,-0.3,2,0,0,-1,10,5.1,0.275,1.4025
2026/08/08,„ш±г∆ч,„ш±г∆чЈј≥ф…с∆ч,0 ~ 20,0,0.77,0,20% ~ 25%,0,1,0,0,0,10,7.7,0.225,1.7325
2026/08/08,„ш±г∆ч,µзґѓ¬÷“ќіш„ш±г∆ч,0 ~ 20,-0.15,0.64,0.561,0% ~ 1%,0,0,0,0,-1,10,6.4,0.005,0.032
2026/08/08,„ш±г∆ч,≈©іеЇµ≤ё„ш±г∆чЈј≥ф∆ч,0 ~ 20,0,0.45,-0.318,0% ~ 1%,-1.05,0,-1.05,0,-1,10,4.5,0.005,0.0225
2026/08/08,„ш±г∆ч,јѕƒк»Ћ¬÷“ќіш„ш±г∆ч,0 ~ 20,-0.3,1.41,0.06,10% ~ 15%,-0.55,1,-0.7,0,-1,10,14.1,0.125,1.7625
2026/08/08,„ш±г∆ч,Љэ≈∆„ш±г∆ч,0 ~ 20,-0.35,2,1.222,0% ~ 1%,-1.05,0,-1.05,0,-1,10,20,0.005,0.1
2026/08/08,„ш±г∆ч,„ш±г∆ч…ѕЋЃЈІ,0 ~ 20,-0.25,0.6,0.053,20% ~ 25%,0,2,0,0,-1,10,6,0.225,1.35
2026/08/08,„ш±г∆ч,ґщЌѓ¬нЌ∞„ш±г∆ч10Ћк“‘…ѕ,0 ~ 20,-0.25,0.98,0.69,0% ~ 1%,-1.05,0,-1.05,0,-1,10,9.8,0.005,0.049
2026/08/08,„ш±г∆ч,”„ґщ¬нЌ∞„ш±г∆ч,0 ~ 20,-0.25,0.64,-0.147,10% ~ 15%,-0.55,1,-0.7,0,-1,10,6.4,0.125,0.8
2026/08/08,„ш±г∆ч,ќёЋЃ„ш±г∆ч,0 ~ 20,-0.3,0.5,1.381,25% ~ 30%,0,1,0,0,-1,10,5,0.275,1.375
2026/08/08,„ш±г∆ч,ґщЌѓ¬нЌ∞„ш±г∆ч10Ћк“‘…ѕ,0 ~ 20,-0.25,0.98,0.69,0% ~ 1%,-1.05,0,-1.05,0,-1,10,9.8,0.005,0.049
2026/08/08,„ш±г∆ч,Љэ≈∆„ш±г∆ч,0 ~ 20,-0.35,2,1.222,0% ~ 1%,-1.05,0,-1.05,0,-1,10,20,0.005,0.1
2026/08/08,„ш±г∆ч,„ш±г∆чѕ¬ЋЃ≈дЉю,0 ~ 20,0.9,0.59,-0.017,25% ~ 30%,0.8,2,1.05,0,-1,10,5.9,0.275,1.6225
2026/08/08,„ш±г∆ч,јѕ»Ћ„ш±г∆ч¬нЌ∞“ќ„”Љ“”√ µƒЊ,0 ~ 20,0.65,0.54,-0.518,55% ~ 60%,1.9,4,3.05,0,-1,10,5.4,0.575,3.105
2026/08/08,„ш±г∆ч,±¶±¶¬нЌ∞„ш±г∆ч,0 ~ 20,0.1,0.47,-0.319,40% ~ 45%,0,2,0,0,0,10,4.7,0.425,1.9975
2026/08/08,„ш±г∆ч,“љ”√„ш±г∆ч,0 ~ 20,0.65,0.23,-0.87,0% ~ 1%,-1.05,0,-1.05,0,-1,10,2.3,0.005,0.0115
2026/08/08,„ш±г∆ч,≈©іејѕ»ЋЇµ≤ё„ш±г∆ч,0 ~ 20,0.9,1.13,1.354,0% ~ 1%,-1.05,0,-1.05,0,-1,10,11.3,0.005,0.0565
2026/08/08,„ш±г∆ч,ќёЋЃ„ш±г∆ч,0 ~ 20,-0.3,0.5,1.381,25% ~ 30%,0,1,0,0,-1,10,5,0.275,1.375
2026/08/08,„ш±г∆ч,µзґѓ¬÷“ќіш„ш±г∆ч,0 ~ 20,-0.15,0.64,0.561,0% ~ 1%,0,0,0,0,-1,10,6.4,0.005,0.032
2026/08/08,„ш±г∆ч,јѕƒк»Ћ¬÷“ќіш„ш±г∆ч,0 ~ 20,-0.3,1.41,0.06,10% ~ 15%,-0.55,1,-0.7,0,-1,10,14.1,0.125,1.7625
2026/08/08,„ш±г∆ч,≈©іеЇµ≤ё„ш±г∆чЈј≥ф∆ч,0 ~ 20,0,0.45,-0.318,0% ~ 1%,-1.05,0,-1.05,0,-1,10,4.5,0.005,0.0225
2026/08/08,„ш±г∆ч,±¶±¶¬нЌ∞„ш±г∆ч,0 ~ 20,0.1,0.47,-0.319,40% ~ 45%,0,2,0,0,0,10,4.7,0.425,1.9975
2026/08/08,„ш±г∆ч,іш„ш±г∆ч¬÷“ќ,0 ~ 20,-0.4,0.45,-0.494,30% ~ 35%,3.35,2,1.05,0,-1,10,4.5,0.325,1.4625
2026/08/08,„ш±г∆ч,–°≈у”—„ш±г∆ч,0 ~ 20,0,1.82,0,30% ~ 35%,0,2,0,0,0,10,18.2,0.325,5.915
2026/08/08,„ш±г∆ч,јѕ»Ћ”√µƒ“∆ґѓ„ш±г∆ч,0 ~ 20,1.05,0.41,-0.577,0% ~ 1%,-1.05,0,-1.05,0,0,10,4.1,0.005,0.0205
2026/08/08,„ш±г∆ч,ґ„њ”Єƒ„ш±г∆ч,0 ~ 20,-0.3,0.62,-0.492,20% ~ 25%,2.15,2,1.05,0,0,10,6.2,0.225,1.395
2026/08/08,„ш±г∆ч,±¶±¶„ш±г∆чјђїшіь,0 ~ 20,0,0.7,0,60% ~ 65%,0,5,0,0,0,10,7,0.625,4.375
2026/08/08,„ш±г∆ч,„ш±г∆ч≈≈ЋЃЈІ√№Јв»¶,0 ~ 20,-0.1,1.53,0.404,60% ~ 65%,1.05,3,0,0,-1,10,15.3,0.625,9.5625
2026/08/08,„ш±г∆ч,Њ≈ƒЅ¬нЌ∞„ш±г∆чЉ“”√Їзќь љіу≥еЅ¶,0 ~ 20,0,0.92,0.673,0% ~ 1%,-1.05,0,-1.05,0,-1,10,9.2,0.005,0.046
2026/08/08,„ш±г∆ч,≤ї–вЄ÷¬нЌ∞„ш±г∆ч,0 ~ 20,0.25,0.12,-0.797,0% ~ 1%,-1.05,0,-1.05,0,-1,10,1.2,0.005,0.006
2026/08/08,„ш±г∆ч,ґщЌѓ¬нЌ∞„ш±г∆ч≈Ѓ±¶±¶іуЇ≈,0 ~ 20,-0.15,0.47,-0.46,0% ~ 1%,0,0,0,0,-1,10,4.7,0.005,0.0235
2026/08/08,„ш±г∆ч,„ш±г∆ч“їіќ–‘„шµж,0 ~ 20,-0.1,0.54,-0.379,10% ~ 15%,-0.55,1,-0.7,0,-1,10,5.4,0.125,0.675
2026/08/08,„ш±г∆ч,¬нЌ∞ґщЌѓ„ш±г∆ч¬•ћЁ љ,0 ~ 20,-0.25,0.92,-0.011,40% ~ 45%,0,4,0,0,-1,10,9.2,0.425,3.91
2026/08/08,„ш±г∆ч,ґщЌѓіуЇ≈„ш±г∆ч,0 ~ 20,0.25,0.97,0.26,10% ~ 15%,-0.6,1,-0.55,0,-1,10,9.7,0.125,1.2125
2026/08/08,„ш±г∆ч,њ…“∆ґѓ„ш±г∆ч,0 ~ 20,0.35,0.76,-0.084,0% ~ 1%,-1.05,0,-1.05,0,0,10,7.6,0.005,0.038
2026/08/08,„ш±г∆ч,≤ї–вЄ÷¬нЌ∞„ш±г∆ч,0 ~ 20,0.25,0.12,-0.797,0% ~ 1%,-1.05,0,-1.05,0,-1,10,1.2,0.005,0.006
2026/08/08,„ш±г∆ч,„ш±г∆чЋЃѕд∞і≈•,0 ~ 20,0.35,1.05,0.083,20% ~ 25%,-0.65,1,-0.7,0,-1,10,10.5,0.225,2.3625
2026/08/08,„ш±г∆ч,„ш±г∆чЊ≈ƒЅєўЈљ∆мљҐµк,0 ~ 20,0.35,1,1.857,0% ~ 1%,0,0,0,0,-1,10,10,0.005,0.05
2026/08/08,„ш±г∆ч,≥µ‘Ў„ш±г∆ч,0 ~ 20,0.1,0.46,-0.343,0% ~ 1%,0,0,0,0,-1,10,4.6,0.005,0.023
2026/08/08,„ш±г∆ч,„ш±г∆ч¬нЌ∞Љ“”√µж,0 ~ 20,0.35,0.9,1.093,50% ~ 55%,0.55,3,2.05,0,0,10,9,0.525,4.725
2026/08/08,„ш±г∆ч,„ш±г∆чЄ«„”,0 ~ 20,0,0.55,-0.65,0% ~ 1%,-1.05,0,-1.05,0,-1,10,5.5,0.005,0.0275
2026/08/08,„ш±г∆ч,ґщЌѓіуЇ≈„ш±г∆ч,0 ~ 20,0.25,0.97,0.26,10% ~ 15%,-0.6,1,-0.55,0,-1,10,9.7,0.125,1.2125
2026/08/08,„ш±г∆ч,„ш±г∆ч“їіќ–‘„шµж,0 ~ 20,-0.1,0.54,-0.379,10% ~ 15%,-0.55,1,-0.7,0,-1,10,5.4,0.125,0.675
2026/08/08,„ш±г∆ч,≈©іеЇµ≤ё„ш±г∆ч¬нЌ∞Є«,0 ~ 20,0.1,0.68,-0.492,20% ~ 25%,0,1,0,0,-1,10,6.8,0.225,1.53
2026/08/08,„ш±г∆ч,ґщЌѓ¬нЌ∞„ш±г∆ч≈Ѓ±¶±¶іуЇ≈,0 ~ 20,-0.15,0.47,-0.46,0% ~ 1%,0,0,0,0,-1,10,4.7,0.005,0.0235
2026/08/08,„ш±г∆ч,“∆ґѓ¬нЌ∞ЇЌ≥…»Ћ„ш±г∆ч‘х√і—°,0 ~ 20,0,0.72,-0.053,30% ~ 35%,1.05,2,1.05,0,-1,10,7.2,0.325,2.34
2026/08/08,„ш±г∆ч,Њ≈ƒЅ¬нЌ∞„ш±г∆чЉ“”√Їзќь љіу≥еЅ¶,0 ~ 20,0,0.92,0.673,0% ~ 1%,-1.05,0,-1.05,0,-1,10,9.2,0.005,0.046
2026/08/08,„ш±г∆ч,„ш±г∆ч¬нЌ∞Љ“”√µж,0 ~ 20,0.35,0.9,1.093,50% ~ 55%,0.55,3,2.05,0,0,10,9,0.525,4.725
2026/08/08,„ш±г∆ч,„ш±г∆чЊ≈ƒЅєўЈљ∆мљҐµк,0 ~ 20,0.35,1,1.857,0% ~ 1%,0,0,0,0,-1,10,10,0.005,0.05
2026/08/08,„ш±г∆ч,„ш±г∆ч≈≈ЋЃЈІ√№Јв»¶,0 ~ 20,-0.1,1.53,0.404,60% ~ 65%,1.05,3,0,0,-1,10,15.3,0.625,9.5625
2026/08/08,„ш±г∆ч,њ…“∆ґѓјѕƒк„ш±г∆ч,0 ~ 20,-0.25,0.44,-0.102,20% ~ 25%,-0.55,1,-0.7,0,-1,10,4.4,0.225,0.99
2026/08/08,„ш±г∆ч,„ш±г∆чЊ≈ƒЅєўЈљ∆мљҐµк,0 ~ 20,0.35,1,1.857,0% ~ 1%,0,0,0,0,-1,10,10,0.005,0.05
2026/08/08,„ш±г∆ч,ґщЌѓ¬нЌ∞„ш±г∆ч≈Ѓ±¶±¶іуЇ≈,0 ~ 20,-0.15,0.47,-0.46,0% ~ 1%,0,0,0,0,-1,10,4.7,0.005,0.0235
2026/08/08,„ш±г∆ч,ґщЌѓ–°„ш±г∆ч,0 ~ 20,-0.4,1.3,3.483,25% ~ 30%,0,2,0,0,0,10,13,0.275,3.575
2026/08/08,„ш±г∆ч,≤ёЋщ„ш±г∆чјѕ»Ћ“∆ґѓ¬нЌ∞,0 ~ 20,0,0.71,0,25% ~ 30%,0,2,0,0,0,10,7.1,0.275,1.9525
2026/08/08,„ш±г∆ч,babycare„ш±г∆ч,0 ~ 20,0.4,1.14,2,20% ~ 25%,0,1,0,0,-1,10,11.4,0.225,2.565
2026/08/08,„ш±г∆ч,„ш±г∆чјѕ»Ћ,0 ~ 20,-0.1,0.64,-0.072,10% ~ 15%,-0.65,1,-0.7,0,0,10,6.4,0.125,0.8
2026/08/08,„ш±г∆ч,іу–°±г„ш±г∆ч,0 ~ 20,0,0.76,0,0% ~ 1%,0,0,0,0,0,10,7.6,0.005,0.038
2026/08/08,„ш±г∆ч,ґ„ љ„ш±г∆ч,0 ~ 20,-0.2,0.4,-0.506,0% ~ 1%,-1.05,0,-1.05,0,-1,10,4,0.005,0.02
2026/08/08,„ш±г∆ч,јѕ»Ћіш„ш±г∆ч¬÷“ќ,0 ~ 20,0.85,0.43,-0.14,40% ~ 45%,0.25,2,1.05,0,-1,10,4.3,0.425,1.8275
2026/08/08,„ш±г∆ч,Є®÷ъ„ш±г∆ч,0 ~ 20,0.15,0.71,0.06,30% ~ 35%,0,2,0,0,-1,10,7.1,0.325,2.3075
2026/08/08,„ш±г∆ч,Ј≈¬нЌ∞…ѕµƒ„ш±г∆ч,0 ~ 20,0.25,0.57,-0.066,0% ~ 1%,0,0,0,0,-1,10,5.7,0.005,0.0285
2026/08/08,„ш±г∆ч,Ѕљ”√„ш±г∆ч,0 ~ 20,0,0.67,-0.13,0% ~ 1%,-1.05,0,-1.05,0,-1,10,6.7,0.005,0.0335
2026/08/08,„ш±г∆ч,–°ЇҐ„ш±г∆ч≈Ѓ±¶±¶,0 ~ 20,0,0.89,0,10% ~ 15%,0,1,0,0,0,10,8.9,0.125,1.1125
2026/08/08,„ш±г∆ч,babycare„ш±г∆ч,0 ~ 20,0.4,1.14,2,20% ~ 25%,0,1,0,0,-1,10,11.4,0.225,2.565
2026/08/08,„ш±г∆ч,јѕƒк»Ћ÷«ƒ№„ш±г∆ч,0 ~ 20,0,0.63,0,30% ~ 35%,0,1,0,0,0,10,6.3,0.325,2.0475
2026/08/08,„ш±г∆ч,ґ„њ”Єƒ¬нЌ∞„ш±г∆ч,0 ~ 20,0.15,0.67,0.34,10% ~ 15%,0,1,0,0,0,10,6.7,0.125,0.8375
2026/08/08,„ш±г∆ч,ґщЌѓ–°„ш±г∆ч,0 ~ 20,-0.4,1.3,3.483,25% ~ 30%,0,2,0,0,0,10,13,0.275,3.575
2026/08/08,„ш±г∆ч,ґ„ љ„ш±г∆ч,0 ~ 20,-0.2,0.4,-0.506,0% ~ 1%,-1.05,0,-1.05,0,-1,10,4,0.005,0.02
2026/08/08,„ш±г∆ч,„ш±г∆чµж„”Ќ®”√,0 ~ 20,0,0.62,0,40% ~ 45%,0,3,0,0,0,10,6.2,0.425,2.635
2026/08/08,„ш±г∆ч,babycare„ш±г∆ч,0 ~ 20,0.4,1.14,2,20% ~ 25%,0,1,0,0,-1,10,11.4,0.225,2.565
2026/08/08,„ш±г∆ч,√®яд¬нЌ∞„ш±г∆ч,0 ~ 20,-0.2,1.32,0.222,7.5% ~ 10%,-0.8,1,-0.85,0,-1,10,13.2,0.087,1.1484
2026/08/08,„ш±г∆ч,≈©іе”√„ш±г∆ч,0 ~ 20,-0.35,0.96,-0.207,10% ~ 15%,-0.3,1,0,0,-1,10,9.6,0.125,1.2
2026/08/08,„ш±г∆ч,јѕ»Ћіш„ш±г∆ч¬÷“ќ,0 ~ 20,0.85,0.43,-0.14,40% ~ 45%,0.25,2,1.05,0,-1,10,4.3,0.425,1.8275
2026/08/08,„ш±г∆ч,јѕ»Ћ„ш±г∆ч“∆ґѓ¬нЌ∞Љ”Єя50cm,0 ~ 20,0.25,0.48,-0.59,0% ~ 1%,-1.05,0,-1.05,0,-1,10,4.8,0.005,0.024
2026/08/08,„ш±г∆ч,Ѕљ”√„ш±г∆ч,0 ~ 20,0,0.67,-0.13,0% ~ 1%,-1.05,0,-1.05,0,-1,10,6.7,0.005,0.0335
2026/08/08,„ш±г∆ч,–°ЇҐ„ш±г∆ч≈Ѓ±¶±¶,0 ~ 20,0,0.89,0,10% ~ 15%,0,1,0,0,0,10,8.9,0.125,1.1125
2026/08/08,„ш±г∆ч, хЇу„ш±г∆ч,0 ~ 20,-0.1,0.32,-0.529,0% ~ 1%,0,0,0,0,-1,10,3.2,0.005,0.016
2026/08/08,„ш±г∆ч,јѕ»Ћ„ш±г∆чјђїшіь,0 ~ 20,0.45,0.8,0.176,55% ~ 60%,0,4,0,0,-1,10,8,0.575,4.6
2026/08/08,„ш±г∆ч,»’±ЊљшњЏјѕ»Ћ„ш±г∆ч,0 ~ 20,0.45,0.51,-0.532,0% ~ 1%,-1.05,0,-1.05,0,-1,10,5.1,0.005,0.0255
2026/08/08,„ш±г∆ч,Љэ≈∆ќј‘°єўЈљ∆мљҐµк’э∆Ј„ш±г∆ч,0 ~ 20,0,0.5,0,0% ~ 1%,0,0,0,0,0,10,5,0.005,0.025
2026/08/08,„ш±г∆ч,ґщЌѓљ„ћЁ љ„ш±г∆ч,0 ~ 20,-0.35,0.83,0.277,0% ~ 1%,-1.05,0,-1.05,0,-1,10,8.3,0.005,0.0415
2026/08/08,„ш±г∆ч,„ш±г∆ч¬нЌ∞Є«≈дЉюЌ®”√,0 ~ 20,-0.3,0.75,-0.051,40% ~ 45%,0,2,0,0,0,10,7.5,0.425,3.1875
2026/08/08,„ш±г∆ч,ƒЊ„ш±г∆ч,0 ~ 20,0.7,0.48,-0.111,20% ~ 25%,0,1,0,0,-1,10,4.8,0.225,1.08
2026/08/08,„ш±г∆ч,ґає¶ƒ№„ш±г∆ч,0 ~ 20,0,0.39,0,0% ~ 1%,0,0,0,0,0,10,3.9,0.005,0.0195
2026/08/08,„ш±г∆ч,„ш±г∆чЄƒґ„±г∆ч,0 ~ 20,-0.2,1.13,1.354,30% ~ 35%,0,1,0,0,0,10,11.3,0.325,3.6725
2026/08/08,„ш±г∆ч,±¶±¶„ш±г∆ч≈Ѓ±¶”„ґщ„®”√,0 ~ 20,0,1.66,0,30% ~ 35%,0,2,0,0,0,10,16.6,0.325,5.395
2026/08/08,„ш±г∆ч,Ћ…ѕ¬÷«ƒ№„ш±г∆ч,0 ~ 20,0,0.93,0,0% ~ 1%,0,0,0,0,0,10,9.3,0.005,0.0465
2026/08/08,„ш±г∆ч,„ш±г∆чµ„≤њ√№ЈвљЇћх,0 ~ 20,0,0.59,0,0% ~ 1%,0,0,0,0,0,10,5.9,0.005,0.0295
2026/08/08,„ш±г∆ч,”§ґщј≠ Ї„ш±г∆ч,0 ~ 20,0,0.65,0,20% ~ 25%,0,2,0,0,0,10,6.5,0.225,1.4625
2026/08/08,„ш±г∆ч,јѕ»Ћ„ш±г∆чƒЏЌ∞,0 ~ 20,0,1.17,0,20% ~ 25%,0,1,0,0,0,10,11.7,0.225,2.6325
2026/08/08,„ш±г∆ч,»’±ЊљшњЏјѕ»Ћ„ш±г∆ч,0 ~ 20,0.45,0.51,-0.532,0% ~ 1%,-1.05,0,-1.05,0,-1,10,5.1,0.005,0.0255
2026/08/08,„ш±г∆ч,Ћ…ѕ¬÷«ƒ№„ш±г∆ч,0 ~ 20,0,0.93,0,0% ~ 1%,0,0,0,0,0,10,9.3,0.005,0.0465
2026/08/08,„ш±г∆ч,ƒЊ„ш±г∆ч,0 ~ 20,0.7,0.48,-0.111,20% ~ 25%,0,1,0,0,-1,10,4.8,0.225,1.08
2026/08/08,„ш±г∆ч,„ш±г∆чµ„≤њ√№ЈвљЇћх,0 ~ 20,0,0.59,0,0% ~ 1%,0,0,0,0,0,10,5.9,0.005,0.0295
2026/08/08,„ш±г∆ч,¬ьЅъґщЌѓ¬нЌ∞„ш±г∆ч,0 ~ 20,0,0.29,0,0% ~ 1%,0,0,0,0,0,10,2.9,0.005,0.0145
2026/08/08,„ш±г∆ч,ґщЌѓљ„ћЁ љ„ш±г∆ч,0 ~ 20,-0.35,0.83,0.277,0% ~ 1%,-1.05,0,-1.05,0,-1,10,8.3,0.005,0.0415
2026/08/08,„ш±г∆ч,„ш±г∆ч≥еѕі≈зЌЈ,0 ~ 20,0.3,0.71,-0.211,30% ~ 35%,0.7,2,1.05,0,-1,10,7.1,0.325,2.3075
2026/08/08,„ш±г∆ч,≤°»Ћ„ш±г∆ч,0 ~ 20,0,0.98,0,15% ~ 20%,0,1,0,0,0,10,9.8,0.175,1.715
2026/08/08,„ш±г∆ч,±г≈и„ш±г∆ч‘х√і”√,0 ~ 20,0,0.32,-0.36,0% ~ 1%,0,0,0,0,0,10,3.2,0.005,0.016
2026/08/08,„ш±г∆ч,ƒЊ„ш±г∆ч,0 ~ 20,0.7,0.48,-0.111,20% ~ 25%,0,1,0,0,-1,10,4.8,0.225,1.08
2026/08/08,„ш±г∆ч,»’±ЊљшњЏјѕ»Ћ„ш±г∆ч,0 ~ 20,0.45,0.51,-0.532,0% ~ 1%,-1.05,0,-1.05,0,-1,10,5.1,0.005,0.0255
2026/08/08,„ш±г∆ч,¬нЌ∞„ш±г∆ч≈дЉю,0 ~ 20,0,1.14,0.781,30% ~ 35%,0,2,0,0,0,10,11.4,0.325,3.705
2026/08/08,„ш±г∆ч,ґ„±г∆чЄƒ„ш±г∆ч,0 ~ 20,0,0.64,0,0% ~ 1%,0,0,0,0,0,10,6.4,0.005,0.032
2026/08/08,„ш±г∆ч,“љ”√¬нЌ∞„ш±г∆ч,0 ~ 20,-0.35,0.43,-0.318,0% ~ 1%,-1.05,0,-1.05,0,-1,10,4.3,0.005,0.0215
2026/08/08,„ш±г∆ч,јѕ»Ћ„ш±г∆ч“∆ґѓ¬нЌ∞Љ”Єя,0 ~ 20,-0.35,1.15,0.237,0% ~ 1%,-1.05,0,-1.05,0,-1,10,11.5,0.005,0.0575
2026/08/08,„ш±г∆ч, “ƒЏ„ш±г∆ч“∆ґѓ¬нЌ∞,0 ~ 20,0,0.69,0,0% ~ 1%,0,0,0,0,0,10,6.9,0.005,0.0345
2026/08/08,„ш±г∆ч,¬нЌ∞ґщЌѓ„ш±г∆ч2Ћк“‘…ѕ,0 ~ 20,0,1.28,0,25% ~ 30%,0,1,0,0,0,10,12.8,0.275,3.52
2026/08/08,„ш±г∆ч,„ш±г∆ч≈©іеЇµ≤ё,0 ~ 20,-0.2,0.44,-0.38,0% ~ 1%,-1.05,0,-1.05,0,-1,10,4.4,0.005,0.022
2026/08/08,„ш±г∆ч,„ш±г∆ч‘цЄя,0 ~ 20,0.55,0.85,0.232,15% ~ 20%,0,1,0,0,-1,10,8.5,0.175,1.4875
2026/08/08,„ш±г∆ч,„ш±г∆ч∞≤»ЂЈц ÷,0 ~ 20,0.3,0.62,-0.215,10% ~ 15%,0,1,0,0,-1,10,6.2,0.125,0.775
2026/08/08,„ш±г∆ч,≈ЃЇҐ±¶±¶„ш±г∆ч,0 ~ 20,0,2.23,0,60% ~ 65%,0,3,0,0,0,10,22.3,0.625,13.9375
2026/08/08,„ш±г∆ч,„ш±г∆ч¬нЌ∞Љ“”√–°їІ–Ќ,0 ~ 20,0.15,0.81,-0.441,0% ~ 1%,0,0,0,0,0,10,8.1,0.005,0.0405
2026/08/08,„ш±г∆ч,¬нЌ∞„ш±г∆чґщЌѓ»эЇѕ“ї,0 ~ 20,-0.15,1.67,0.546,40% ~ 45%,0.65,2,0,0,-1,10,16.7,0.425,7.0975
2026/08/08,„ш±г∆ч,±г±г≈и±¶±¶„ш±г∆ч,0 ~ 20,0,1,0,30% ~ 35%,0,2,0,0,0,10,10,0.325,3.25
2026/08/08,„ш±г∆ч,‘–ЄЊ¬нЌ∞„ш±г∆чњ…“∆ґѓ,0 ~ 20,0,0.77,0,0% ~ 1%,0,0,0,0,0,10,7.7,0.005,0.0385
2026/08/08,„ш±г∆ч,„ш±г∆ч÷«ƒ№,0 ~ 20,-0.5,0.29,-0.482,50% ~ 55%,0,1,0,0,0,10,2.9,0.525,1.5225
2026/08/08,„ш±г∆ч,ґ„±г∆чЄƒ„ш±г∆ч,0 ~ 20,0,0.64,0,0% ~ 1%,0,0,0,0,0,10,6.4,0.005,0.032
2026/08/08,„ш±г∆ч,–°їІ–Ќ„ш±г∆ч,0 ~ 20,-0.7,0.54,-0.26,0% ~ 1%,0,0,0,0,-1,10,5.4,0.005,0.027
2026/08/08,„ш±г∆ч,¬нЌ∞ґщЌѓ„ш±г∆ч≈Ѓ±¶±¶,0 ~ 20,0.15,0.84,0.135,10% ~ 15%,-0.45,1,0,0,0,10,8.4,0.125,1.05
2026/08/08,„ш±г∆ч,„ш±г∆ч÷«ƒ№,0 ~ 20,-0.5,0.29,-0.482,50% ~ 55%,0,1,0,0,0,10,2.9,0.525,1.5225
2026/08/08,„ш±г∆ч,„ш±г∆ч¬нЌ∞ иЌ®ЉЅ,0 ~ 20,0,0.68,0,50% ~ 55%,0,3,0,0,0,10,6.8,0.525,3.57
2026/08/08,„ш±г∆ч,ґ„Єƒ„ш±г∆ч,0 ~ 20,-0.55,0.5,-0.375,10% ~ 15%,-0.4,1,-0.55,0,-1,10,5,0.125,0.625
2026/08/08,„ш±г∆ч,ћ’і…„ш±г∆ч¬нЌ∞Љ“”√,0 ~ 20,0,0.79,0,0% ~ 1%,0,0,0,0,0,10,7.9,0.005,0.0395
2026/08/08,„ш±г∆ч,„ш±г∆ч≈©іеЇµ≤ё,0 ~ 20,-0.2,0.44,-0.38,0% ~ 1%,-1.05,0,-1.05,0,-1,10,4.4,0.005,0.022
2026/08/08,„ш±г∆ч,„ш±г∆ч‘цЄя,0 ~ 20,0.55,0.85,0.232,15% ~ 20%,0,1,0,0,-1,10,8.5,0.175,1.4875
2026/08/08,„ш±г∆ч, “ƒЏ„ш±г∆ч“∆ґѓ¬нЌ∞,0 ~ 20,0,0.69,0,0% ~ 1%,0,0,0,0,0,10,6.9,0.005,0.0345
2026/08/08,„ш±г∆ч, иЌ®„ш±г∆ч„®”√є§Њя…с∆ч,0 ~ 20,0.55,0.86,0.132,50% ~ 55%,0,4,0,0,-1,10,8.6,0.525,4.515
2026/08/08,„ш±г∆ч,“їіќ–‘¬нЌ∞µж«пґђЈјЋЃЉ”Їс≤ёЋщ„ш±г∆чµж„”≤ъЄЊ¬√––”√∆Ј’≥ћщ¬нЌ∞Є«,0 ~ 20,0,0.39,0,30% ~ 35%,0,2,0,0,0,10,3.9,0.325,1.2675
2026/08/08,„ш±г∆ч,јѕ»Ћ„ш±г∆ч“∆ґѓ¬нЌ∞Љ”Єя,0 ~ 20,-0.35,1.15,0.237,0% ~ 1%,-1.05,0,-1.05,0,-1,10,11.5,0.005,0.0575
2026/08/08,„ш±г∆ч,ћ’і…„ш±г∆ч¬нЌ∞Љ“”√,0 ~ 20,0,0.79,0,0% ~ 1%,0,0,0,0,0,10,7.9,0.005,0.0395
2026/08/08,„ш±г∆ч,„ш±г∆ч¬нЌ∞Љ“”√–°їІ–Ќ,0 ~ 20,0.15,0.81,-0.441,0% ~ 1%,0,0,0,0,0,10,8.1,0.005,0.0405
2026/08/08,„ш±г∆ч,≈ЃЌѓ„ш±г∆ч,0 ~ 20,0,0.91,0,0% ~ 1%,0,0,0,0,0,10,9.1,0.005,0.0455
2026/08/08,„ш±г∆ч,÷«ƒ№¬нЌ∞„ш±г∆ч»Ђєъ Ѓіу∆Ј≈∆,0 ~ 20,0.15,0.35,-0.271,0% ~ 1%,0,0,0,0,-1,10,3.5,0.005,0.0175
2026/08/08,„ш±г∆ч,ґщЌѓ¬нЌ∞„ш±г∆ч–°ЇҐ„®”√≤ёЋщ,0 ~ 20,-0.55,1.44,0.516,0% ~ 1%,-1.05,0,-1.05,0,-1,10,14.4,0.005,0.072
2026/08/08,„ш±г∆ч,„ш±г∆ч∞≤»ЂЈц ÷,0 ~ 20,0.3,0.62,-0.215,10% ~ 15%,0,1,0,0,-1,10,6.2,0.125,0.775
2026/08/08,„ш±г∆ч,≈ЃЇҐ±¶±¶„ш±г∆ч,0 ~ 20,0,2.23,0,60% ~ 65%,0,3,0,0,0,10,22.3,0.625,13.9375
2026/08/08,„ш±г∆ч,„ш±г∆ч≈©іеЇµ≤ё,0 ~ 20,-0.2,0.44,-0.38,0% ~ 1%,-1.05,0,-1.05,0,-1,10,4.4,0.005,0.022
2026/08/08,„ш±г∆ч,Љ”Єя¬нЌ∞„ш±г∆ч,0 ~ 20,0,0.44,0,0% ~ 1%,0,0,0,0,0,10,4.4,0.005,0.022
2026/08/08,„ш±г∆ч,јѕ»Ћ “ƒЏ„ш±г∆ч,0 ~ 20,-0.25,0.43,-0.669,0% ~ 1%,-1.05,0,-1.05,0,-1,10,4.3,0.005,0.0215
2026/08/08,„ш±г∆ч,¬нЌ∞„ш±г∆ч»Ђєъ Ѓіу∆Ј≈∆,0 ~ 20,0.15,1.03,1.641,0% ~ 1%,0,0,0,0,-1,10,10.3,0.005,0.0515
2026/08/08,„ш±г∆ч,“∆ґѓ¬нЌ∞„ш±г∆чјѕ»ЋєўЈљ∆мљҐµк,0 ~ 20,0.15,1.48,1.467,30% ~ 35%,0,2,0,0,-1,10,14.8,0.325,4.81
2026/08/08,„ш±г∆ч,„ш±г∆чљшЋЃњ™єЎ,0 ~ 20,0.35,0.72,-0.664,60% ~ 65%,0.85,3,2.05,0,-1,10,7.2,0.625,4.5
2026/08/08,„ш±г∆ч,–°„ш±г∆ч,0 ~ 20,0,2.53,0,40% ~ 45%,0,2,0,0,0,10,25.3,0.425,10.7525
2026/08/08,„ш±г∆ч,Јјїђ„ш±г∆ч,0 ~ 20,0,0.5,-0.5,60% ~ 65%,1.45,3,2.05,0,0,10,5,0.625,3.125
2026/08/08,„ш±г∆ч,“ќ„” љ„ш±г∆ч,0 ~ 20,0.35,0.48,0.6,0% ~ 1%,0,0,0,0,-1,10,4.8,0.005,0.024
2026/08/08,„ш±г∆ч,„ш±г∆чјѕ»Ћ“∆ґѓ¬нЌ∞≈©іе,0 ~ 20,-0.4,0.55,-0.415,0% ~ 1%,0,0,0,0,-1,10,5.5,0.005,0.0275
2026/08/08,„ш±г∆ч,ќ‘ “„ш±г∆ч,0 ~ 20,-0.25,0.31,-0.295,30% ~ 35%,-0.45,1,-0.7,0,-1,10,3.1,0.325,1.0075
2026/08/08,„ш±г∆ч,Љ”Єя¬нЌ∞„ш±г∆ч,0 ~ 20,0,0.44,0,0% ~ 1%,0,0,0,0,0,10,4.4,0.005,0.022
2026/08/08,„ш±г∆ч,„ш±г∆чЋЃѕд…ѕЋЃњЎ÷∆∆ч,0 ~ 20,-0.25,0.52,-0.224,10% ~ 15%,-0.15,1,0,0,-1,10,5.2,0.125,0.65
2026/08/08,„ш±г∆ч,≤ёЋщ”√„ш±г∆ч,0 ~ 20,0,0.23,-0.623,0% ~ 1%,-1.05,0,-1.05,0,0,10,2.3,0.005,0.0115
2026/08/08,„ш±г∆ч,“ќ„” љ„ш±г∆ч,0 ~ 20,0.35,0.48,0.6,0% ~ 1%,0,0,0,0,-1,10,4.8,0.005,0.024
2026/08/08,„ш±г∆ч,ќј…ъЉд„ш±г∆ч÷єƒжЈІ,0 ~ 20,0,1.5,0,40% ~ 45%,0,2,0,0,0,10,15,0.425,6.375
2026/08/08,„ш±г∆ч,–°±¶±¶„ш±г∆ч,0 ~ 20,-0.25,0.94,0.808,0% ~ 1%,-1.05,0,-1.05,0,0,10,9.4,0.005,0.047
2026/08/08,„ш±г∆ч,ќ‘ “„ш±г∆ч,0 ~ 20,-0.25,0.31,-0.295,30% ~ 35%,-0.45,1,-0.7,0,-1,10,3.1,0.325,1.0075
2026/08/08,„ш±г∆ч,±Џє“„ш±г∆ч»»¬ф∞с,0 ~ 20,0,0,0,0% ~ 1%,0,0,0,0,0,10,0,0.005,0
2026/08/08,„ш±г∆ч,„ш±г∆чЋЃѕд…ѕЋЃњЎ÷∆∆ч,0 ~ 20,-0.25,0.52,-0.224,10% ~ 15%,-0.15,1,0,0,-1,10,5.2,0.125,0.65
2026/08/08,„ш±г∆ч,¬нЌ∞„ш±г∆чµж»¶,0 ~ 20,-0.15,0.27,-0.719,0% ~ 1%,-1.05,0,-1.05,0,0,10,2.7,0.005,0.0135
2026/08/08,„ш±г∆ч,Ј¬’ж„ш±г∆ч,0 ~ 20,-0.3,0.96,2.429,0% ~ 1%,0,0,0,0,-1,10,9.6,0.005,0.048
2026/08/08,„ш±г∆ч,їІЌв’џµю„ш±г∆ч,0 ~ 20,-0.35,0.25,-0.662,0% ~ 1%,0,0,0,0,-1,10,2.5,0.005,0.0125
2026/08/08,„ш±г∆ч,–°„ш±г∆ч,0 ~ 20,0,2.53,0,40% ~ 45%,0,2,0,0,0,10,25.3,0.425,10.7525
2026/08/08,„ш±г∆ч,¬ьЅъ„ш±г∆ч,0 ~ 20,-0.45,0.14,-0.696,0% ~ 1%,0,0,0,0,-1,10,1.4,0.005,0.007
2026/08/08,„ш±г∆ч,Љ“”√њ…“∆ґѓјѕ»Ћ„ш±г∆ч≥…»Ћ∞≤»Ђ¬нЌ∞,0 ~ 20,0,0.75,0,0% ~ 1%,0,0,0,0,0,10,7.5,0.005,0.0375
2026/08/08,„ш±г∆ч,∆ Єє≤ъ„ш±г∆ч,0 ~ 20,0,1.62,0,75% ~ 80%,0,3,0,0,0,10,16.2,0.775,12.555
2026/08/08,„ш±г∆ч,¬нЌ∞‘–ЄЊ„ш±г∆чљб µƒЌ”√,0 ~ 20,-0.55,1.35,0.274,25% ~ 30%,0.3,1,-0.55,0,-1,10,13.5,0.275,3.7125
2026/08/08,„ш±г∆ч,≈©іеЇµ≤ё√в≥е„ш±г∆ч,0 ~ 20,-0.15,0.68,0.545,0% ~ 1%,0,0,0,0,-1,10,6.8,0.005,0.034
2026/08/08,„ш±г∆ч,“ќ„” љ„ш±г∆ч,0 ~ 20,0.35,0.48,0.6,0% ~ 1%,0,0,0,0,-1,10,4.8,0.005,0.024
2026/08/08,„ш±г∆ч,їоґѓ¬нЌ∞Љ“”√„ш±г∆ч,0 ~ 20,0.35,0.85,-0.115,0% ~ 1%,0,0,0,0,-1,10,8.5,0.005,0.0425
2026/08/08,„ш±г∆ч,„ш±г∆чјѕ»Ћ“∆ґѓ¬нЌ∞≈©іе,0 ~ 20,-0.4,0.55,-0.415,0% ~ 1%,0,0,0,0,-1,10,5.5,0.005,0.0275
2026/08/08,„ш±г∆ч,„ш±г∆чљшЋЃњ™єЎ,0 ~ 20,0.35,0.72,-0.664,60% ~ 65%,0.85,3,2.05,0,-1,10,7.2,0.625,4.5
2026/08/08,„ш±г∆ч,„ш±г∆чњ…µчљЏЄяґ»,0 ~ 20,0,1.17,1.089,30% ~ 35%,0.35,2,1.05,0,-1,10,11.7,0.325,3.8025
2026/08/08,„ш±г∆ч,÷ ЅњЇ√µƒјѕ»Ћ„ш±г∆ч,0 ~ 20,0,1.63,0,25% ~ 30%,0,1,0,0,0,10,16.3,0.275,4.4825
2026/08/08,„ш±г∆ч,„ш±г∆чјѕ»Ћ“∆ґѓ¬нЌ∞≈©іе,0 ~ 20,-0.4,0.55,-0.415,0% ~ 1%,0,0,0,0,-1,10,5.5,0.005,0.0275
2026/08/08,„ш±г∆ч,їІЌв’џµю„ш±г∆ч,0 ~ 20,-0.35,0.25,-0.662,0% ~ 1%,0,0,0,0,-1,10,2.5,0.005,0.0125
2026/08/08,„ш±г∆ч,±Џє“„ш±г∆ч»»¬ф∞с,0 ~ 20,0,0,0,0% ~ 1%,0,0,0,0,0,10,0,0.005,0
2026/08/08,„ш±г∆ч,¬нЌ∞„ш±г∆чіуЇ≈,0 ~ 20,0.35,0.68,-0.029,0% ~ 1%,0,0,0,0,-1,10,6.8,0.005,0.034
2026/08/08,„ш±г∆ч,Ї√ЌёЌё„ш±г∆ч,0 ~ 20,0.15,0.57,-0.081,0% ~ 1%,-1.05,0,-1.05,0,-1,10,5.7,0.005,0.0285
2026/08/08,„ш±г∆ч,„ш±г∆чЈј≥ф∆чЈјЈіќґ,0 ~ 20,0,0.54,0,30% ~ 35%,0,1,0,0,0,10,5.4,0.325,1.755
2026/08/08,„ш±г∆ч,ґ„≈и„ш±г∆ч,0 ~ 20,-0.45,0.55,1.292,50% ~ 55%,0,2,0,0,-1,10,5.5,0.525,2.8875
2026/08/08,„ш±г∆ч,ґ„±г≥Ў„ш±г∆ч,0 ~ 20,0.15,0.24,-0.724,50% ~ 55%,-0.35,1,-0.7,0,-1,10,2.4,0.525,1.26
2026/08/08,„ш±г∆ч,±г≈ијѕ»Ћќ‘і≤…ѕ„ш±г∆ч,0 ~ 20,0,1.16,0,25% ~ 30%,0,1,0,0,0,10,11.6,0.275,3.19
2026/08/08,„ш±г∆ч,„ш±г∆чњ…µчљЏЄяґ»,0 ~ 20,0,1.17,1.089,30% ~ 35%,0.35,2,1.05,0,-1,10,11.7,0.325,3.8025
2026/08/08,„ш±г∆ч,ґ„≈и„ш±г∆ч,0 ~ 20,-0.45,0.55,1.292,50% ~ 55%,0,2,0,0,-1,10,5.5,0.525,2.8875
2026/08/08,„ш±г∆ч, јЉЌ±¶±іґщЌѓЈ¬’ж¬нЌ∞„ш±г∆ч,0 ~ 20,0,1.18,0,0% ~ 1%,0,0,0,0,0,10,11.8,0.005,0.059
2026/08/08,„ш±г∆ч,≤ёЋщ”√„ш±г∆ч,0 ~ 20,0,0.23,-0.623,0% ~ 1%,-1.05,0,-1.05,0,0,10,2.3,0.005,0.0115
2026/08/08,„ш±г∆ч,ќј…ъЉд„ш±г∆ч÷єƒжЈІ,0 ~ 20,0,1.5,0,40% ~ 45%,0,2,0,0,0,10,15,0.425,6.375
2026/08/08,„ш±г∆ч,їоґѓ¬нЌ∞Љ“”√„ш±г∆ч,0 ~ 20,0.35,0.85,-0.115,0% ~ 1%,0,0,0,0,-1,10,8.5,0.005,0.0425
2026/08/08,„ш±г∆ч,–°–Ќ„ш±г∆ч,0 ~ 20,0,0.68,0,0% ~ 1%,0,0,0,0,0,10,6.8,0.005,0.034
2026/08/08,„ш±г∆ч,÷ ЅњЇ√µƒјѕ»Ћ„ш±г∆ч,0 ~ 20,0,1.63,0,25% ~ 30%,0,1,0,0,0,10,16.3,0.275,4.4825
2026/08/08,„ш±г∆ч,Ј¬’ж„ш±г∆ч,0 ~ 20,-0.3,0.96,2.429,0% ~ 1%,0,0,0,0,-1,10,9.6,0.005,0.048
2026/08/07,„ш±г∆ч,„ш±г∆чЋ—Ћчі ,2500 ~ 5000,-0.15,0.56,0.037,15% ~ 20%,0.05,100 ~ 250,-0.1,0.06,-0.143,3750,2100,0.175,367.5
2026/08/07,„ш±г∆ч,¬нЌ∞„ш±г∆чґщЌѓ,600 ~ 1200,-0.15,0.94,0.011,20% ~ 25%,-0.1,100 ~ 250,-0.2,0.17,-0.15,900,846,0.225,190.35
2026/08/07,„ш±г∆ч,¬нЌ∞ґщЌѓ„ш±г∆ч,600 ~ 1200,0.15,0.96,0.032,20% ~ 25%,-0.1,100 ~ 250,0.1,0.16,0.143,900,864,0.225,194.4
2026/08/07,„ш±г∆ч,„ш±г∆чјѕ»Ћ“∆ґѓ¬нЌ∞,600 ~ 1200,-0.05,0.75,-0.096,15% ~ 20%,-0.15,50 ~ 100,-0.2,0.21,-0.087,900,675,0.175,118.125
2026/08/07,„ш±г∆ч,јѕ»Ћ„ш±г∆ч,600 ~ 1200,-0.1,1.03,0.171,25% ~ 30%,0.2,100 ~ 250,0.1,0.09,-0.1,900,927,0.275,254.925
2026/08/07,„ш±г∆ч,„ш±г∆ч¬нЌ∞,600 ~ 1200,-0.1,0.63,0.105,5% ~ 7.5%,-0.1,10 ~ 50,-0.15,0.01,0,900,567,0.062,35.154
2026/08/07,„ш±г∆ч,јѕ»Ћ“∆ґѓ¬нЌ∞„ш±г∆ч,600 ~ 1200,0.15,0.82,0.025,15% ~ 20%,0.15,50 ~ 100,0.3,0.15,0.154,900,738,0.175,129.15
2026/08/07,„ш±г∆ч,ґщЌѓ„ш±г∆ч,300 ~ 600,-0.05,0.86,-0.095,15% ~ 20%,-0.4,50 ~ 100,-0.4,0.08,0,450,387,0.175,67.725
2026/08/07,„ш±г∆ч,„ш±г∆ч¬нЌ∞Љ“”√,300 ~ 600,-0.15,0.69,0.03,5% ~ 7.5%,-0.25,10 ~ 50,-0.35,0.03,0,450,310.5,0.062,19.251
2026/08/07,„ш±г∆ч,¬нЌ∞„ш±г∆чЉ“”√,300 ~ 600,0,0.59,0.113,10% ~ 15%,0.2,10 ~ 50,0.25,0.03,0,450,265.5,0.125,33.1875
2026/08/07,„ш±г∆ч,¬нЌ∞„ш±г∆ч“∆ґѓјѕ»Ћ,300 ~ 600,0.05,0.74,-0.026,10% ~ 15%,-0.35,10 ~ 50,-0.25,0.1,0,450,333,0.125,41.625
2026/08/07,„ш±г∆ч,„ш±г∆ч≈дЉюіу»Ђ,300 ~ 600,-0.05,0.66,0.048,20% ~ 25%,-0.15,50 ~ 100,-0.15,0.32,0,450,297,0.225,66.825
2026/08/07,„ш±г∆ч,‘–ЄЊ„ш±г∆ч,300 ~ 600,-0.15,0.99,0.222,25% ~ 30%,0.6,50 ~ 100,0.5,0.05,-0.167,450,445.5,0.275,122.5125
2026/08/07,„ш±г∆ч,јѕƒк»Ћ„ш±г∆ч“ќ„”,300 ~ 600,0.2,0.77,0.013,15% ~ 20%,-0.4,10 ~ 50,-0.25,0.8,0.159,450,346.5,0.175,60.6375
2026/08/07,„ш±г∆ч,ґщЌѓ¬нЌ∞„ш±г∆ч≈Ѓ±¶±¶,300 ~ 600,-0.1,0.94,-0.06,20% ~ 25%,-0.15,50 ~ 100,-0.15,0.22,-0.083,450,423,0.225,95.175
2026/08/07,„ш±г∆ч,јѕ»Ћ“∆ґѓ„ш±г∆ч,300 ~ 600,-0.05,0.81,0.052,20% ~ 25%,0.45,10 ~ 50,0.6,0.06,-0.143,450,364.5,0.225,82.0125
2026/08/07,„ш±г∆ч,„ш±г∆чґ„њ”…с∆ч,150 ~ 300,-0.25,0.74,0,15% ~ 20%,0.05,10 ~ 50,-0.2,0.08,-0.2,225,166.5,0.175,29.1375
2026/08/07,„ш±г∆ч,±¶±¶„ш±г∆ч,150 ~ 300,-0.1,0.91,-0.062,20% ~ 25%,0.05,10 ~ 50,-0.15,0.05,0,225,204.75,0.225,46.0688
2026/08/07,„ш±г∆ч,јѕ»Ћ„ш±г∆ч¬нЌ∞“ќ„”Љ“”√,150 ~ 300,0.05,0.66,-0.143,15% ~ 20%,0.25,10 ~ 50,0.3,0.44,0.023,225,148.5,0.175,25.9875
2026/08/07,„ш±г∆ч,÷«ƒ№¬нЌ∞„ш±г∆ч,150 ~ 300,-0.05,0.48,-0.186,0% ~ 1%,-0.55,1,-0.55,0.03,0,225,108,0.005,0.54
2026/08/07,„ш±г∆ч,ґщЌѓ¬нЌ∞„ш±г∆чƒ–Ќѓ,150 ~ 300,-0.25,0.88,-0.054,25% ~ 30%,0.2,10 ~ 50,-0.1,1.36,-0.24,225,198,0.275,54.45
2026/08/07,„ш±г∆ч,ґщЌѓ¬нЌ∞„ш±г∆ч,150 ~ 300,0.05,0.76,-0.116,20% ~ 25%,-0.2,10 ~ 50,-0.2,0.04,0,225,171,0.225,38.475
2026/08/07,„ш±г∆ч,¬нЌ∞‘–ЄЊ„ш±г∆ч,150 ~ 300,-0.2,1.06,0.204,25% ~ 30%,1.25,10 ~ 50,1.1,0.04,-0.2,225,238.5,0.275,65.5875
2026/08/07,„ш±г∆ч,“∆ґѓ¬нЌ∞„ш±г∆чјѕ»Ћ,150 ~ 300,0.1,1.01,0.279,10% ~ 15%,-0.35,10 ~ 50,-0.4,0.05,0.25,225,227.25,0.125,28.4062
2026/08/07,„ш±г∆ч,јѕƒк»Ћ„ш±г∆ч“∆ґѓ¬нЌ∞,150 ~ 300,-0.1,0.81,0.08,15% ~ 20%,0.05,10 ~ 50,-0.15,0.12,-0.077,225,182.25,0.175,31.8937
2026/08/07,„ш±г∆ч,јѕ»Ћ„ш±г∆ч“∆ґѓ¬нЌ∞,150 ~ 300,-0.1,0.74,-0.026,15% ~ 20%,-0.2,10 ~ 50,-0.2,0.04,0,225,166.5,0.175,29.1375
2026/08/07,„ш±г∆ч,≈©іеЇµ≤ё„ш±г∆ч,150 ~ 300,-0.1,0.82,0.224,5% ~ 7.5%,-0.45,6,-0.45,0.14,-0.067,225,184.5,0.062,11.439
2026/08/07,„ш±г∆ч,јѕ»Ћ¬нЌ∞„ш±г∆чњ…“∆ґѓ,150 ~ 300,0.2,0.99,0.303,20% ~ 25%,0.45,10 ~ 50,0.55,0.09,0.286,225,222.75,0.225,50.1187
2026/08/07,„ш±г∆ч,„ш±г∆чµж»¶,150 ~ 300,0.15,0.71,-0.027,30% ~ 35%,-0.35,10 ~ 50,-0.35,0.05,0,225,159.75,0.325,51.9188
2026/08/07,„ш±г∆ч,„ш±г∆чґщЌѓ,150 ~ 300,-0.15,1.01,0.347,15% ~ 20%,-0.2,10 ~ 50,-0.25,0.02,0,225,227.25,0.175,39.7687
2026/08/07,„ш±г∆ч,±г–ѓ љ„ш±г∆ч,50 ~ 150,-0.15,0.7,-0.028,20% ~ 25%,-0.1,10 ~ 50,-0.15,0.06,0,100,70,0.225,15.75
2026/08/07,„ш±г∆ч,¬нЌ∞„ш±г∆ч,50 ~ 150,-0.15,0.75,0.119,15% ~ 20%,0.35,10 ~ 50,0,0,0,100,75,0.175,13.125
2026/08/07,„ш±г∆ч,јѕƒк»Ћ¬нЌ∞„ш±г∆чњ…“∆ґѓ,50 ~ 150,-0.15,0.65,-0.156,10% ~ 15%,-0.3,9,-0.45,0.17,-0.105,100,65,0.125,8.125
2026/08/07,„ш±г∆ч,≥…»Ћ„ш±г∆чЉ“”√,50 ~ 150,-0.05,0.87,0.145,20% ~ 25%,0.3,10 ~ 50,0.4,0.08,0,100,87,0.225,19.575
2026/08/07,„ш±г∆ч, јЉЌ±¶±і„ш±г∆ч,50 ~ 150,0.1,0.95,0.08,0% ~ 1%,0,0,0,0.54,0.08,100,95,0.005,0.475
2026/08/07,„ш±г∆ч,‘–ЄЊ¬нЌ∞„ш±г∆ч,50 ~ 150,0.05,0.77,-0.105,15% ~ 20%,-0.2,10 ~ 50,-0.1,0.02,0,100,77,0.175,13.475
2026/08/07,„ш±г∆ч,¬нЌ∞ґщЌѓ„ш±г∆ч3Ћк“‘…ѕ,50 ~ 150,-0.15,0.81,-0.08,15% ~ 20%,-0.6,10 ~ 50,-0.7,5.77,-0.136,100,81,0.175,14.175
2026/08/07,„ш±г∆ч,„ш±г∆ч‘–ЄЊ„®”√,50 ~ 150,0.1,0.97,-0.157,20% ~ 25%,0.7,10 ~ 50,1.05,0.29,0.074,100,97,0.225,21.825
2026/08/07,„ш±г∆ч,ґ„њ”„ш±г∆ч,50 ~ 150,0.1,0.78,0.026,15% ~ 20%,-0.3,9,-0.2,0.01,0,100,78,0.175,13.65
2026/08/07,„ш±г∆ч,„ш±г∆чЉ“”√,50 ~ 150,0.2,0.58,0.036,10% ~ 15%,-0.35,8,0,0.01,0,100,58,0.125,7.25
2026/08/07,„ш±г∆ч,„ш±г∆чЉ“”√,50 ~ 150,0.2,0.58,0.036,10% ~ 15%,-0.35,8,0,0.01,0,100,58,0.125,7.25
2026/08/07,„ш±г∆ч,–°ЇҐ¬нЌ∞„ш±г∆ч,50 ~ 150,0.15,0.82,0.108,25% ~ 30%,0.3,10 ~ 50,0.35,0.04,0,100,82,0.275,22.55
2026/08/07,„ш±г∆ч,Љт“„„ш±г∆ч,50 ~ 150,0,0.86,0.246,10% ~ 15%,-0.55,8,-0.55,0.08,0,100,86,0.125,10.75
2026/08/07,„ш±г∆ч,Љт“„¬нЌ∞„ш±г∆чјѕ»Ћ,50 ~ 150,0.1,0.81,-0.069,10% ~ 15%,-0.45,8,-0.3,0.15,0.071,100,81,0.125,10.125
2026/08/07,„ш±г∆ч,÷«ƒ№¬нЌ∞“їће љ»Ђ„‘ґѓ„ш±г∆ч≥еѕіЇжЄ…,50 ~ 150,0.05,0.62,0.17,5% ~ 7.5%,0,3,0,2.15,0.029,100,62,0.062,3.844
2026/08/07,„ш±г∆ч,ќј…ъЉд„ш±г∆ч,50 ~ 150,0.2,0.8,0.333,15% ~ 20%,0.6,9,1.3,0.02,1,100,80,0.175,14
2026/08/07,„ш±г∆ч,–¬њо„ш±г∆ч,50 ~ 150,0.15,0.64,0.207,15% ~ 20%,0.9,7,1.35,0.04,0,100,64,0.175,11.2
2026/08/07,„ш±г∆ч,„ш±г∆чјѕ»Ћ„®”√,50 ~ 150,0.1,0.64,-0.147,20% ~ 25%,0.25,10 ~ 50,0.25,0.12,0.091,100,64,0.225,14.4
2026/08/07,„ш±г∆ч,‘–ЄЊ„ш±г∆чґ„њ”…с∆ч,50 ~ 150,0.1,0.99,0.151,15% ~ 20%,0.05,8,0,0.05,0,100,99,0.175,17.325
2026/08/07,„ш±г∆ч,≤°»Ћ¬нЌ∞„ш±г∆ч,50 ~ 150,-0.1,0.74,-0.129,25% ~ 30%,0.95,10 ~ 50,0.6,0.02,-0.333,100,74,0.275,20.35
2026/08/07,„ш±г∆ч,ґщЌѓ¬нЌ∞„ш±г∆чµж»¶,50 ~ 150,-0.05,1.15,0.575,30% ~ 35%,-0.05,10 ~ 50,0.05,0.27,-0.036,100,115,0.325,37.375
2026/08/07,„ш±г∆ч,ґщЌѓ¬нЌ∞„ш±г∆чƒ–±¶±¶„®”√,50 ~ 150,-0.05,1.02,-0.038,20% ~ 25%,-0.05,10 ~ 50,-0.15,0.06,0,100,102,0.225,22.95
2026/08/07,„ш±г∆ч,±¶±¶¬нЌ∞„ш±г∆ч≈Ѓ±¶,50 ~ 150,-0.05,0.94,-0.168,40% ~ 45%,0.4,10 ~ 50,0.25,1.06,-0.045,100,94,0.425,39.95
2026/08/07,„ш±г∆ч,„ш±г∆чµ „”,50 ~ 150,0.25,0.83,0.221,15% ~ 20%,-0.15,8,0.15,0.06,0.2,100,83,0.175,14.525
2026/08/07,„ш±г∆ч,„ш±г∆чЋЃѕд≈дЉю,50 ~ 150,-0.25,0.59,0.113,20% ~ 25%,-0.15,9,-0.45,0.02,0,100,59,0.225,13.275
2026/08/07,„ш±г∆ч,Їµ≤ё„ш±г∆ч,50 ~ 150,-0.05,0.84,0.474,15% ~ 20%,5.95,8,7.05,0.05,0,100,84,0.175,14.7
2026/08/07,„ш±г∆ч,≥…»Ћ“∆ґѓ¬нЌ∞„ш±г∆ч,50 ~ 150,-0.15,0.74,-0.098,10% ~ 15%,-0.15,7,-0.25,0.05,-0.167,100,74,0.125,9.25
2026/08/07,„ш±г∆ч,Љ“”√јѕ»Ћ„ш±г∆чњ…“∆ґѓ¬нЌ∞ “ƒЏ,50 ~ 150,0.2,0.74,-0.178,15% ~ 20%,0.45,8,0.65,0.15,0.154,100,74,0.175,12.95
2026/08/07,„ш±г∆ч,±¶±¶„ш±г∆чƒ–±¶,50 ~ 150,-0.1,0.81,-0.382,10% ~ 15%,-0.6,7,-0.7,0.31,-0.061,100,81,0.125,10.125
2026/08/07,„ш±г∆ч,„ш±г∆ч±¶±¶,50 ~ 150,-0.2,1.09,0.313,20% ~ 25%,-0.05,10 ~ 50,-0.3,0.01,-0.5,100,109,0.225,24.525
2026/08/07,„ш±г∆ч,„ш±г∆ч¬нЌ∞Є«,50 ~ 150,-0.1,0.8,0.27,25% ~ 30%,-0.15,10 ~ 50,-0.25,0,-1,100,80,0.275,22
2026/08/07,„ш±г∆ч,≥…»Ћ“∆ґѓ¬нЌ∞„ш±г∆чіуЇ≈,50 ~ 150,0.3,0.66,0.048,10% ~ 15%,1.1,6,2.05,0,-1,100,66,0.125,8.25
2026/08/07,„ш±г∆ч,„ш±г∆чЈц ÷Љ№јѕ»ЋЉ“”√,50 ~ 150,-0.2,0.71,0,20% ~ 25%,0.15,10 ~ 50,0.4,0,-1,100,71,0.225,15.975
2026/08/07,„ш±г∆ч,±¶±¶„ш±г∆ч≈Ѓ±¶,50 ~ 150,-0.2,0.83,-0.266,25% ~ 30%,0.1,10 ~ 50,-0.25,0,-1,100,83,0.275,22.825
2026/08/07,„ш±г∆ч,ґ„±г…ѕµƒ„ш±г∆ч,50 ~ 150,0.2,0.72,-0.027,20% ~ 25%,-0.25,8,-0.25,0,-1,100,72,0.225,16.2
2026/08/07,„ш±г∆ч,јѕ»Ћ„ш±г∆чµЏ“ї√ы,50 ~ 150,-0.2,1.27,0.895,25% ~ 30%,1.2,10 ~ 50,1.05,0,-1,100,127,0.275,34.925
2026/08/07,„ш±г∆ч,„ш±г∆ч…ѕіҐќпЉ№,50 ~ 150,0.05,0.75,-0.128,1% ~ 2.5%,-0.85,1,-0.85,0,-1,100,75,0.018,1.35
2026/08/07,„ш±г∆ч,„ш±г∆ч Ѓіу∆Ј≈∆,50 ~ 150,0.35,0.95,0.484,7.5% ~ 10%,0,3,0,0,-1,100,95,0.087,8.265
2026/08/07,„ш±г∆ч,”§ґщ„ш±г∆ч,50 ~ 150,-0.25,0.83,-0.024,25% ~ 30%,0.2,10 ~ 50,-0.1,0,-1,100,83,0.275,22.825
2026/08/07,„ш±г∆ч,Љ“”√¬нЌ∞„ш±г∆ч,50 ~ 150,0.15,1.08,0.403,10% ~ 15%,-0.15,5,0,0,0,100,108,0.125,13.5
2026/08/07,„ш±г∆ч,„ш±г∆ч иЌ®…с∆ч,50 ~ 150,0.3,0.68,-0.253,45% ~ 50%,0.05,10 ~ 50,-0.15,0,-1,100,68,0.475,32.3
2026/08/07,„ш±г∆ч,Љ“”√јѕ»Ћ„ш±г∆чњ…“∆ґѓ¬нЌ∞,50 ~ 150,0.15,0.87,0.036,15% ~ 20%,-0.3,6,-0.3,0,-1,100,87,0.175,15.225
2026/08/07,„ш±г∆ч,ґщЌѓ„ш±г∆ч≈ЃЇҐ,50 ~ 150,0,0.87,-0.121,20% ~ 25%,-0.1,8,0.15,0,-1,100,87,0.225,19.575
2026/08/07,„ш±г∆ч,Љ“”√ љ„ш±г∆ч,50 ~ 150,0.1,0.66,0.5,25% ~ 30%,0.45,5,0.3,0,-1,100,66,0.275,18.15
2026/08/07,„ш±г∆ч,јѕƒк»Ћ¬нЌ∞„ш±г∆чњ…“∆ґѓ±г–ѓ љ,50 ~ 150,0.1,0.85,0.164,30% ~ 35%,0.6,9,0.55,0,-1,100,85,0.325,27.625
2026/08/07,„ш±г∆ч,Ћ№Ѕѕ¬нЌ∞„ш±г∆ч≥…»Ћ,50 ~ 150,0.4,0.94,0.567,7.5% ~ 10%,-0.25,3,0,0,-1,100,94,0.087,8.178
2026/08/07,„ш±г∆ч,јѕƒк»Ћ„®”√„ш±г∆ч,50 ~ 150,0.15,0.68,-0.029,20% ~ 25%,-0.25,5,-0.2,0,-1,100,68,0.225,15.3
2026/08/07,„ш±г∆ч,јѕ»Ћ„ш±г∆ч„ш±г“ќ,50 ~ 150,0.05,1.16,0.785,15% ~ 20%,-0.5,4,-0.45,0,-1,100,116,0.175,20.3
2026/08/07,„ш±г∆ч,і≤…ѕ„ш±г∆ч,50 ~ 150,0.05,0.66,-0.143,15% ~ 20%,-0.35,4,-0.35,0,-1,100,66,0.175,11.55
2026/08/07,„ш±г∆ч,–°ЇҐ„”¬нЌ∞„ш±г∆ч,50 ~ 150,0.2,0.55,-0.276,20% ~ 25%,0.15,7,0.45,0,-1,100,55,0.225,12.375
2026/08/07,„ш±г∆ч,–°ЇҐ„”¬нЌ∞„ш±г∆ч,50 ~ 150,0.2,0.55,-0.276,20% ~ 25%,0.15,7,0.45,0,-1,100,55,0.225,12.375
2026/08/07,„ш±г∆ч,÷«ƒ№„ш±г∆ч,50 ~ 150,0,0.7,-0.014,0% ~ 1%,-1.05,0,-1.05,0,-1,100,70,0.005,0.35
2026/08/07,„ш±г∆ч,„ш±г∆чµж„”,50 ~ 150,0.1,0.82,-0.099,45% ~ 50%,0.1,10 ~ 50,-0.1,0,-1,100,82,0.475,38.95
2026/08/07,„ш±г∆ч,¬÷“ќіш„ш±г∆ч,50 ~ 150,0.35,0.92,-0.032,10% ~ 15%,-0.2,5,0,0,-1,100,92,0.125,11.5
2026/08/07,„ш±г∆ч,Љт“„¬нЌ∞„ш±г∆ч,20 ~ 50,0.1,0.79,0.068,20% ~ 25%,1.8,6,2.05,0,-1,35,27.65,0.225,6.2213
2026/08/07,„ш±г∆ч,±¶±¶ј≠ Ї„ш±г∆ч,20 ~ 50,-0.1,0.8,0.026,35% ~ 40%,0.4,10 ~ 50,0.25,0,-1,35,28,0.375,10.5
2026/08/07,„ш±г∆ч,јѕƒк»Ћ„ш±г∆ч,20 ~ 50,-0.15,0.97,0.054,10% ~ 15%,-0.35,5,-0.3,0,-1,35,33.95,0.125,4.2437
2026/08/07,„ш±г∆ч,“∆ґѓ„ш±г∆ч,20 ~ 50,-0.15,0.9,0.154,20% ~ 25%,3.15,7,2.55,0,-1,35,31.5,0.225,7.0875
2026/08/07,„ш±г∆ч,±¶±¶¬нЌ∞„ш±г∆ч¬•ћЁ,20 ~ 50,0.5,1.07,0.321,15% ~ 20%,-0.5,5,-0.2,0,-1,35,37.45,0.175,6.5537
2026/08/07,„ш±г∆ч,јѕ»Ћ„ш±г∆ч¬нЌ∞“ќ,20 ~ 50,0.15,0.58,-0.237,10% ~ 15%,-0.45,3,-0.45,0,-1,35,20.3,0.125,2.5375
2026/08/07,„ш±г∆ч,јѕ»Ћ„ш±г∆ч¬нЌ∞“ќ,20 ~ 50,0.15,0.58,-0.237,10% ~ 15%,-0.45,3,-0.45,0,-1,35,20.3,0.125,2.5375
2026/08/07,„ш±г∆ч,ґщЌѓ„ш±г∆ч¬нЌ∞»¶,20 ~ 50,-0.3,0.87,-0.054,25% ~ 30%,-0.3,8,-0.55,0,-1,35,30.45,0.275,8.3738
2026/08/07,„ш±г∆ч,–°ЇҐ„ш±г∆ч,20 ~ 50,-0.2,0.85,-0.227,25% ~ 30%,-0.15,7,-0.5,0,-1,35,29.75,0.275,8.1813
2026/08/07,„ш±г∆ч,¬нЌ∞„ш±г∆чµ„≤њєћґ®љЇ,20 ~ 50,0.1,1.04,-0.141,40% ~ 45%,0.6,10 ~ 50,1.05,0,-1,35,36.4,0.425,15.47
2026/08/07,„ш±г∆ч,¬нЌ∞„ш±г∆чѕі∆®є…,20 ~ 50,0.3,0.52,-0.246,5% ~ 7.5%,-0.9,1,-0.85,0,-1,35,18.2,0.062,1.1284
2026/08/07,„ш±г∆ч,Љ“”√„ш±г∆ч,20 ~ 50,0,0.84,0.037,30% ~ 35%,0.2,9,0.15,0,0,35,29.4,0.325,9.555
2026/08/07,„ш±г∆ч,ґщЌѓ¬нЌ∞„ш±г∆ч6Ћк“‘…ѕ,20 ~ 50,-0.4,0.66,-0.233,10% ~ 15%,-0.45,3,-0.7,0,-1,35,23.1,0.125,2.8875
2026/08/07,„ш±г∆ч,¬нЌ∞ѕыґЊ…±Њъ≈зќнќј…ъЉд„ш±г∆ч,20 ~ 50,-0.25,0.88,0.143,40% ~ 45%,0.2,10 ~ 50,0.1,0,-1,35,30.8,0.425,13.09
2026/08/07,„ш±г∆ч,±г–ѓ љ„ш±г∆чњ…’џµю,20 ~ 50,-0.1,0.63,-0.149,15% ~ 20%,-0.5,5,-0.55,0,-1,35,22.05,0.175,3.8587
2026/08/07,„ш±г∆ч,’џµю„ш±г∆ч,20 ~ 50,0.05,0.98,0.054,20% ~ 25%,-0.4,7,-0.25,0,-1,35,34.3,0.225,7.7175
2026/08/07,„ш±г∆ч,’џµю„ш±г∆ч,20 ~ 50,0.05,0.98,0.054,20% ~ 25%,-0.4,7,-0.25,0.01,0,35,34.3,0.225,7.7175
2026/08/07,„ш±г∆ч,ґщЌѓґ„њ”„ш±г∆ч,20 ~ 50,-0.2,0.88,-0.043,25% ~ 30%,1.55,6,1.05,0.03,-0.25,35,30.8,0.275,8.47
2026/08/07,„ш±г∆ч,±¶±¶≤ёЋщ„ш±г∆ч,20 ~ 50,-0.15,0.77,0.1,25% ~ 30%,-0.1,9,-0.2,0.02,-0.333,35,26.95,0.275,7.4113
2026/08/07,„ш±г∆ч,”§ґщ¬нЌ∞„ш±г∆ч≈Ѓ±¶±¶,20 ~ 50,0.1,0.69,-0.138,10% ~ 15%,-0.5,3,-0.6,0.07,0,35,24.15,0.125,3.0187
2026/08/07,„ш±г∆ч,ґщЌѓ„ш±г∆чƒ–±¶,20 ~ 50,0,1.04,0.529,30% ~ 35%,1.15,10 ~ 50,1.25,0.1,0,35,36.4,0.325,11.83
2026/08/07,„ш±г∆ч,±г≈и„ш±г∆ч,20 ~ 50,0.25,0.6,0.111,30% ~ 35%,1.55,5,1.55,0,0,35,21,0.325,6.825
2026/08/07,„ш±г∆ч,Љ“”√ќј…ъЉд„ш±г∆ч,20 ~ 50,0.45,0.69,-0.343,10% ~ 15%,0.6,2,1.05,0.02,1,35,24.15,0.125,3.0187
2026/08/07,„ш±г∆ч,ґ„≤ё„ш±г∆чґщЌѓ,20 ~ 50,0.05,1.12,0.623,10% ~ 15%,2.25,4,3.05,0.04,0,35,39.2,0.125,4.9
2026/08/07,„ш±г∆ч,≤ёЋщґ„њ”„ш±г∆ч,20 ~ 50,0.2,0.54,-0.036,25% ~ 30%,1.15,5,1.55,0.01,0,35,18.9,0.275,5.1975
2026/08/07,„ш±г∆ч,±¶±¶„ш±г∆ч¬нЌ∞»¶,20 ~ 50,0.45,1.24,0.192,40% ~ 45%,0.05,10 ~ 50,0.75,0.02,0,35,43.4,0.425,18.445
2026/08/07,„ш±г∆ч,±¶±¶„ш±г∆ч¬нЌ∞»¶,20 ~ 50,0.45,1.24,0.192,40% ~ 45%,0.05,10 ~ 50,0.75,0.02,0,35,43.4,0.425,18.445
2026/08/07,„ш±г∆ч,ґщЌѓ≤ёЋщ„ш±г∆ч,20 ~ 50,-0.2,0.68,-0.117,20% ~ 25%,0.15,5,-0.2,0.02,0,35,23.8,0.225,5.355
2026/08/07,„ш±г∆ч,„ш±г∆чµ„≤њ√№ЈвљЇ,20 ~ 50,-0.2,1.18,0.18,35% ~ 40%,0.1,7,-0.25,0.06,-0.25,35,41.3,0.375,15.4875
2026/08/07,„ш±г∆ч,„ш±г∆чјѕ»ЋЉ“”√љб µ,20 ~ 50,0.25,0.75,-0.235,20% ~ 25%,0.1,5,0.3,0.06,0.2,35,26.25,0.225,5.9062
2026/08/07,„ш±г∆ч,ћµ”џ„ш±г∆ч,20 ~ 50,-0.3,0.71,-0.202,7.5% ~ 10%,-0.5,2,-0.7,0.01,0,35,24.85,0.087,2.1619
2026/08/07,„ш±г∆ч,јѕƒк»ЋЉ“”√„ш±г∆ч,20 ~ 50,0.2,1.22,0.488,40% ~ 45%,0.95,10 ~ 50,1.8,0.02,0,35,42.7,0.425,18.1475
2026/08/07,„ш±г∆ч,јѕ»Ћ„ш±г∆ч“∆ґѓ¬нЌ∞ѕі‘иЅљ”√,20 ~ 50,-0.45,0.96,0.171,15% ~ 20%,0.7,3,0,0.49,-0.41,35,33.6,0.175,5.88
2026/08/07,„ш±г∆ч,“їіќ–‘¬нЌ∞„ш±г∆ч,20 ~ 50,0,0.62,0.148,30% ~ 35%,0.45,6,0.55,0.02,0,35,21.7,0.325,7.0525
2026/08/07,„ш±г∆ч,ґщЌѓ±г≈и„ш±г∆ч,20 ~ 50,0.3,0.67,-0.043,30% ~ 35%,0.15,7,0.45,0,0,35,23.45,0.325,7.6213
2026/08/07,„ш±г∆ч,њ…“∆ґѓ¬нЌ∞јѕ»Ћ„ш±г∆ч,20 ~ 50,0.6,0.55,-0.312,20% ~ 25%,1.85,5,4.05,0.02,1,35,19.25,0.225,4.3312
2026/08/07,„ш±г∆ч,јѕ»Ћ”√„ш±г∆ч,20 ~ 50,0.55,0.69,-0.207,25% ~ 30%,-0.35,6,0.25,0.01,0,35,24.15,0.275,6.6413
2026/08/07,„ш±г∆ч,–°ЇҐ¬нЌ∞„ш±г∆чƒ–±¶±¶,20 ~ 50,0.2,0.97,0.09,25% ~ 30%,-0.45,7,-0.25,0.02,0,35,33.95,0.275,9.3362
2026/08/07,„ш±г∆ч,–°≈у”—¬нЌ∞„ш±г∆ч,20 ~ 50,-0.05,0.81,-0.08,30% ~ 35%,1.15,7,1.35,0.73,-0.027,35,28.35,0.325,9.2138
2026/08/07,„ш±г∆ч,ґщЌѓіу¬нЌ∞„ш±г∆ч,20 ~ 50,-0.1,0.82,0.262,20% ~ 25%,-0.1,4,-0.35,0.03,0,35,28.7,0.225,6.4575
2026/08/07,„ш±г∆ч,јѕ»Ћ„ш±г∆ч“∆ґѓ¬нЌ∞ЈјїђЈј≥ф,20 ~ 50,0.9,0.64,-0.333,35% ~ 40%,0.95,6,2.05,0.52,0.857,35,22.4,0.375,8.4
2026/08/07,„ш±г∆ч,і≤±я„ш±г∆ч,20 ~ 50,0.4,0.75,-0.33,7.5% ~ 10%,-0.25,2,0,0.08,0.333,35,26.25,0.087,2.2837
2026/08/07,„ш±г∆ч,јѕƒк»Ћі≤±я„ш±г∆ч,20 ~ 50,-0.2,0.95,0.131,20% ~ 25%,0.75,5,0.7,0.14,-0.176,35,33.25,0.225,7.4813
2026/08/07,„ш±г∆ч,јѕ»Ћ„ш±г∆чЈц ÷,20 ~ 50,0.25,1.11,0.5,30% ~ 35%,1.85,6,2.05,0.03,0,35,38.85,0.325,12.6263
2026/08/07,„ш±г∆ч,„ш±г∆чЈ®јЉ√№Јв»¶,20 ~ 50,-0.15,1.14,0.583,30% ~ 35%,0.2,7,-0.15,0.02,0,35,39.9,0.325,12.9675
2026/08/07,„ш±г∆ч,”„ґщ¬нЌ∞„ш±г∆ч≈Ѓ,20 ~ 50,-0.15,0.81,-0.182,40% ~ 45%,1.1,8,0.65,0.02,-0.333,35,28.35,0.425,12.0488
2026/08/07,„ш±г∆ч,і≤±я„ш±г∆ч,20 ~ 50,0.4,0.75,-0.33,7.5% ~ 10%,-0.25,2,0,0.08,0.333,35,26.25,0.087,2.2837
2026/08/07,„ш±г∆ч,”„ґщ¬нЌ∞„ш±г∆ч≈Ѓ,20 ~ 50,-0.15,0.81,-0.182,40% ~ 45%,1.1,8,0.65,0,-1,35,28.35,0.425,12.0488
2026/08/07,„ш±г∆ч,„ш±г∆ч“їіќ–‘ћ„,20 ~ 50,-0.1,1.14,-0.066,65% ~ 70%,0.45,10 ~ 50,0.1,0,-1,35,39.9,0.675,26.9325
2026/08/07,„ш±г∆ч,¬нЌ∞„ш±г∆чґщЌѓ¬•ћЁ љ,20 ~ 50,0.1,1.13,0.202,30% ~ 35%,0.35,8,0.35,0,-1,35,39.55,0.325,12.8537
2026/08/07,„ш±г∆ч,јѕ»Ћ¬нЌ∞„ш±г∆ч,20 ~ 50,1.95,0.81,-0.047,15% ~ 20%,-0.7,3,0,0,0,35,28.35,0.175,4.9612
2026/08/07,„ш±г∆ч,јѕ»Ћґ„њ”„ш±г∆ч,20 ~ 50,0.7,0.96,0.778,15% ~ 20%,-0.3,3,0.55,0,0,35,33.6,0.175,5.88
2026/08/07,„ш±г∆ч,јѕ»Ћ„ш±г∆ч¬нЌ∞“∆ґѓ,20 ~ 50,0,0.69,-0.367,10% ~ 15%,-0.6,2,-0.65,0,-1,35,24.15,0.125,3.0187
2026/08/07,„ш±г∆ч,±г–ѓ„ш±г∆ч,20 ~ 50,-0.1,0.92,1.421,30% ~ 35%,1.65,4,1.05,0,-1,35,32.2,0.325,10.465
2026/08/07,„ш±г∆ч,Љ“”√јѕ»Ћі≤±я„ш±г∆ч,20 ~ 50,0.45,0.8,-0.452,15% ~ 20%,-0.1,3,0.55,0,-1,35,28,0.175,4.9
2026/08/07,„ш±г∆ч,јѕƒк»Ћ¬нЌ∞„ш±г∆чњ…“∆ґѓіуЇ≈,20 ~ 50,0.2,0.68,0.046,0% ~ 1%,-1.05,0,-1.05,0,-1,35,23.8,0.005,0.119
2026/08/07,„ш±г∆ч,Љ“”√јѕ»Ћі≤±я„ш±г∆ч,20 ~ 50,0.45,0.8,-0.452,15% ~ 20%,-0.1,3,0.55,0.1,0.429,35,28,0.175,4.9
2026/08/07,„ш±г∆ч,ґщЌѓ¬нЌ∞„ш±г∆ч”§”„ґщ„®”√,20 ~ 50,0.45,0.98,0.463,25% ~ 30%,0.6,7,1.35,0.03,0.5,35,34.3,0.275,9.4325
2026/08/07,„ш±г∆ч,Њ≈ƒЅЌх„ш±г∆ч,20 ~ 50,0.25,0.62,-0.235,5% ~ 7.5%,0,1,0,0.06,0.2,35,21.7,0.062,1.3454
2026/08/07,„ш±г∆ч,„ш±г∆ч¬нЌ∞≈дЉю,20 ~ 50,0.1,0.47,-0.472,15% ~ 20%,-0.5,2,-0.65,0,0,35,16.45,0.175,2.8787
2026/08/07,„ш±г∆ч,–°ґщ¬нЌ∞„ш±г∆ч,20 ~ 50,-0.25,0.68,-0.244,30% ~ 35%,0.65,6,0.25,0.47,-0.217,35,23.8,0.325,7.735
2026/08/07,„ш±г∆ч,„ш±г∆чљшЋЃЈІ,20 ~ 50,0.8,0.46,-0.132,25% ~ 30%,0,3,0,0,-1,35,16.1,0.275,4.4275
2026/08/07,„ш±г∆ч,Їзќь љ„ш±г∆ч,20 ~ 50,0.8,0.6,0.225,0% ~ 1%,0,0,0,0,0,35,21,0.005,0.105
2026/08/07,„ш±г∆ч,Ѕў ±„ш±г∆ч,20 ~ 50,0,0.73,0.46,20% ~ 25%,0.35,3,0.55,0,-1,35,25.55,0.225,5.7488
2026/08/07,„ш±г∆ч,ƒ–±¶±¶„ш±г∆ч,20 ~ 50,0,1.12,-0.009,50% ~ 55%,0.95,9,0.55,0,-1,35,39.2,0.525,20.58
2026/08/07,„ш±г∆ч,„ш±г∆чЈјЈіЋЃƒж÷єЈІ,20 ~ 50,0.55,0.63,-0.125,65% ~ 70%,2.7,8,3.05,0,-1,35,22.05,0.675,14.8838
2026/08/07,„ш±г∆ч,ƒ–±¶±¶„ш±г∆ч,20 ~ 50,0,1.12,-0.009,50% ~ 55%,0.95,9,0.55,0,-1,35,39.2,0.525,20.58
2026/08/07,„ш±г∆ч,„ш±г∆ч≈дЉю,20 ~ 50,0,0.87,-0.164,20% ~ 25%,-0.2,4,0,0,0,35,30.45,0.225,6.8513
2026/08/07,„ш±г∆ч,ќј…ъЉд„ш±г∆ч…ѕµƒ÷√ќпЉ№,20 ~ 50,0.1,0.62,-0.215,5% ~ 7.5%,-0.25,1,0,0,-1,35,21.7,0.062,1.3454
2026/08/07,„ш±г∆ч,–°їІ–Ќ„ш±г∆ч,20 ~ 50,0.55,0.73,-0.04,0% ~ 1%,0,0,0,0,-1,35,25.55,0.005,0.1278
2026/08/07,„ш±г∆ч,»Ђ„‘ґѓ÷«ƒ№„ш±г∆ч,20 ~ 50,-0.45,0.65,0.354,0% ~ 1%,-1.05,0,-1.05,0,-1,35,22.75,0.005,0.1138
2026/08/07,„ш±г∆ч,”§ґщ„ш±г∆ч≈Ѓ±¶±¶,20 ~ 50,-0.25,0.69,-0.384,10% ~ 15%,-0.55,2,-0.7,0,-1,35,24.15,0.125,3.0187
2026/08/07,„ш±г∆ч, јЉЌ±¶±іЈ¬’ж„ш±г∆ч,20 ~ 50,-0.15,1.3,0.024,0% ~ 1%,0,0,0,0,-1,35,45.5,0.005,0.2275
2026/08/07,„ш±г∆ч,„ш±г∆чљ≈≤»µ ,20 ~ 50,0.55,1.04,1.122,30% ~ 35%,0,3,0,0,-1,35,36.4,0.325,11.83
2026/08/07,„ш±г∆ч,ґ„≤ёЄƒ„ш±г∆ч,20 ~ 50,0.55,0.65,0.083,15% ~ 20%,-0.4,3,0,0,0,35,22.75,0.175,3.9812
2026/08/07,„ш±г∆ч,Љ”Єя„ш±г∆ч,20 ~ 50,0.95,0.65,-0.294,15% ~ 20%,-0.45,3,0,0,-1,35,22.75,0.175,3.9812
2026/08/07,„ш±г∆ч,Їзќь„ш±г∆ч,20 ~ 50,0,0,0,0% ~ 1%,0,0,0,0,0,35,0,0.005,0
2026/08/07,„ш±г∆ч,Їу≈≈ љ¬нЌ∞„ш±г∆ч,20 ~ 50,0,0.71,0.092,20% ~ 25%,1.05,3,0.55,0,-1,35,24.85,0.225,5.5912
2026/08/07,„ш±г∆ч,≈©іеЇµ≤ё„®”√„ш±г∆ч,20 ~ 50,0.3,0.38,-0.387,25% ~ 30%,0.15,2,0,0,-1,35,13.3,0.275,3.6575
2026/08/07,„ш±г∆ч,ґ„њ”„ш±г∆чґщЌѓ,20 ~ 50,0,0.78,0.054,25% ~ 30%,0,4,0,0,-1,35,27.3,0.275,7.5075
2026/08/07,„ш±г∆ч,≤ї–вЄ÷„ш±г∆ч,20 ~ 50,0.6,0.5,-0.254,10% ~ 15%,0,1,0,0,-1,35,17.5,0.125,2.1875
2026/08/07,„ш±г∆ч,ґщЌѓґ„≤ё„ш±г∆ч,20 ~ 50,0.7,0.81,0.446,10% ~ 15%,-0.45,2,0,0,-1,35,28.35,0.125,3.5438
2026/08/07,„ш±г∆ч,‘–ЄЊµ „”„ш±г∆ч,20 ~ 50,-0.35,0.89,-0.033,15% ~ 20%,-0.5,3,-0.55,0,-1,35,31.15,0.175,5.4512
2026/08/07,„ш±г∆ч,јѕƒк„ш±г∆ч,20 ~ 50,0.25,0.67,-0.515,15% ~ 20%,-0.45,3,-0.3,0,-1,35,23.45,0.175,4.1038
2026/08/07,„ш±г∆ч,≤ёЋщ„ш±г∆ч,20 ~ 50,-0.35,0.37,-0.61,7.5% ~ 10%,0.25,1,0,0,0,35,12.95,0.087,1.1266
2026/08/07,„ш±г∆ч,¬÷“ќ„ш±г∆ч,20 ~ 50,-0.5,0.72,-0.014,20% ~ 25%,-0.1,3,-0.3,0,-1,35,25.2,0.225,5.67
2026/08/07,„ш±г∆ч,Ј¬’ж„ш±г∆ч јЉЌ±¶±іbh149c,20 ~ 50,1.9,1.89,0.08,0% ~ 1%,0,0,0,0,-1,35,66.15,0.005,0.3307
2026/08/07,„ш±г∆ч,јѕ»Ћ„ш±г∆ч“∆ґѓ¬нЌ∞≤–Љ≤»Ћ„ш±г“ќ,20 ~ 50,0,0.76,0,15% ~ 20%,0,2,0,0,0,35,26.6,0.175,4.655
2026/08/07,„ш±г∆ч,¬÷“ќћ±їЊјѕ»Ћ„®”√іш„ш±г∆чњ…ѕі‘и,20 ~ 50,-0.05,1.27,0.608,0% ~ 1%,-1.05,0,-1.05,0,-1,35,44.45,0.005,0.2223
2026/08/07,„ш±г∆ч,¬нЌ∞ґщЌѓ„ш±г∆чƒ–ЇҐ,20 ~ 50,0.95,0.67,-0.673,10% ~ 15%,-0.6,2,-0.35,0,-1,35,23.45,0.125,2.9313
2026/08/07,„ш±г∆ч,÷ъ––∆ч„ш±г∆ч,20 ~ 50,0.45,0.96,1.286,20% ~ 25%,-0.5,2,-0.35,0,-1,35,33.6,0.225,7.56
2026/08/07,„ш±г∆ч,ґщЌѓ¬нЌ∞„ш±г∆ч6Ћк“‘…ѕЉ”іуЇ≈,20 ~ 50,-0.25,1.55,-0.006,35% ~ 40%,0.45,5,-0.2,0,-1,35,54.25,0.375,20.3438
2026/08/07,„ш±г∆ч,–°ЇҐ¬нЌ∞„ш±г∆ч≈Ѓ±¶±¶,20 ~ 50,0.5,0.9,0.25,45% ~ 50%,0,9,0,0,-1,35,31.5,0.475,14.9625
2026/08/07,„ш±г∆ч,„ш±г∆ч¬нЌ∞ЋҐ,20 ~ 50,0.4,0.97,0.228,35% ~ 40%,-0.25,7,0,0,-1,35,33.95,0.375,12.7312
2026/08/07,„ш±г∆ч,Њ≈ƒЅ„ш±г∆ч,20 ~ 50,-0.3,0.47,-0.662,0% ~ 1%,0,0,0,0,-1,35,16.45,0.005,0.0823
2026/08/07,„ш±г∆ч,јѕ»ЋЉт“„„ш±г∆ч,20 ~ 50,0.25,0.7,-0.333,40% ~ 45%,0.25,6,0.25,0,-1,35,24.5,0.425,10.4125
2026/08/07,„ш±г∆ч,јѕ»ЋЉт“„„ш±г∆ч,20 ~ 50,0.25,0.7,-0.333,40% ~ 45%,0.25,6,0.25,0,-1,35,24.5,0.425,10.4125
2026/08/07,„ш±г∆ч,Њ≈ƒЅ„ш±г∆ч,20 ~ 50,-0.3,0.47,-0.662,0% ~ 1%,0,0,0,0,-1,35,16.45,0.005,0.0823
2026/08/07,„ш±г∆ч, јЉЌ±¶±іЈ¬’ж„ш±г∆чpvcњо,20 ~ 50,0.1,0.44,-0.611,0% ~ 1%,0,0,0,0,-1,35,15.4,0.005,0.077
2026/08/07,„ш±г∆ч,„ш±г∆чЄ«„”Ќ®”√,20 ~ 50,0.1,0.6,0.017,15% ~ 20%,-0.65,2,-0.55,0,-1,35,21,0.175,3.675
2026/08/07,„ш±г∆ч,јѕƒк»Ћ„ш±г∆чЈц ÷,20 ~ 50,0.45,0.53,-0.459,7.5% ~ 10%,-0.8,1,-0.8,0,-1,35,18.55,0.087,1.6139
2026/08/07,„ш±г∆ч,Јјґ≥„ш±г∆ч,20 ~ 50,2.55,0.56,0,50% ~ 55%,0,1,0,0,-1,35,19.6,0.525,10.29
2026/08/07,„ш±г∆ч,„ш±г∆ч¬нЌ∞µ ,20 ~ 50,1.35,0.71,0.578,25% ~ 30%,0,3,0,0,0,35,24.85,0.275,6.8338
2026/08/07,„ш±г∆ч,„ш±г∆ч“∆ќї∆ч,20 ~ 50,0.35,0.38,0,10% ~ 15%,0,1,0,0,0,35,13.3,0.125,1.6625
2026/08/07,„ш±г∆ч,„ш±г∆чћ„,20 ~ 50,0.35,0.72,0.075,60% ~ 65%,-0.05,7,0.2,0,0,35,25.2,0.625,15.75
2026/08/07,„ш±г∆ч,Ј≈‘Џґ„±г…ѕµƒ„ш±г∆ч,20 ~ 50,0.1,0.71,-0.268,15% ~ 20%,-0.1,2,0,0,-1,35,24.85,0.175,4.3487
2026/08/07,„ш±г∆ч,Ј≈‘Џґ„±г…ѕµƒ„ш±г∆ч,20 ~ 50,0.1,0.71,-0.268,15% ~ 20%,-0.1,2,0,0,-1,35,24.85,0.175,4.3487
2026/08/07,„ш±г∆ч,„ш±г∆ч¬нЌ∞µ ,20 ~ 50,1.35,0.71,0.578,25% ~ 30%,0,3,0,0,0,35,24.85,0.275,6.8338
2026/08/07,„ш±г∆ч,„ш±г∆чЄ«„”Ќ®”√,20 ~ 50,0.1,0.6,0.017,15% ~ 20%,-0.65,2,-0.55,0,-1,35,21,0.175,3.675
2026/08/07,„ш±г∆ч,„ш±г∆ч¬нЌ∞»¶,20 ~ 50,-0.25,0.56,-0.233,30% ~ 35%,-0.25,3,-0.55,0,0,35,19.6,0.325,6.37
2026/08/07,„ш±г∆ч,–°ЇҐґ„њ”„ш±г∆ч,20 ~ 50,0.35,0.72,-0.226,30% ~ 35%,-0.1,5,0.7,0,-1,35,25.2,0.325,8.19
2026/08/07,„ш±г∆ч,„ш±г∆ч«еѕі…с∆ч,20 ~ 50,-0.2,0.62,-0.392,30% ~ 35%,-0.3,2,-0.65,0,-1,35,21.7,0.325,7.0525
2026/08/07,„ш±г∆ч,јѕƒк “ƒЏ„ш±г∆ч,20 ~ 50,0.45,0.79,-0.427,50% ~ 55%,-0.2,6,0,0,-1,35,27.65,0.525,14.5163
2026/08/07,„ш±г∆ч,„ш±г∆чґ„њ”…с∆чњ…’џµю,20 ~ 50,-0.05,0.67,-0.337,10% ~ 15%,0,1,0,0,-1,35,23.45,0.125,2.9313
2026/08/07,„ш±г∆ч,јѕƒк»Ћ¬нЌ∞„ш±г∆чњ…“∆ґѓ∆мљҐµк,20 ~ 50,0.15,0.88,-0.417,20% ~ 25%,0,3,0,0,-1,35,30.8,0.225,6.93
2026/08/07,„ш±г∆ч,≤–Љ≤»Ћ¬нЌ∞„ш±г∆ч,20 ~ 50,0,0.77,-0.222,7.5% ~ 10%,-0.75,1,-0.8,0,-1,35,26.95,0.087,2.3446
2026/08/07,„ш±г∆ч,„ш±г∆ч«еѕі…с∆ч,20 ~ 50,-0.2,0.62,-0.392,30% ~ 35%,-0.3,2,-0.65,0,-1,35,21.7,0.325,7.0525
2026/08/07,„ш±г∆ч,„ш±г∆ч¬нЌ∞»¶,20 ~ 50,-0.25,0.56,-0.233,30% ~ 35%,-0.25,3,-0.55,0,0,35,19.6,0.325,6.37
2026/08/07,„ш±г∆ч,„ш±г∆чґ„њ”…с∆чњ…’џµю,20 ~ 50,-0.05,0.67,-0.337,10% ~ 15%,0,1,0,0,-1,35,23.45,0.125,2.9313
2026/08/07,„ш±г∆ч,јѕ»Ћ±г–ѓ љ„ш±г∆ч,0 ~ 20,0.2,0.97,0.47,35% ~ 40%,2.5,5,4.05,0,-1,10,9.7,0.375,3.6375
2026/08/07,„ш±г∆ч,Љэ≈∆„ш±г∆ч,0 ~ 20,0.3,0.9,0.154,7.5% ~ 10%,-0.65,1,-0.55,0,-1,10,9,0.087,0.783
2026/08/07,„ш±г∆ч,јѕ»Ћ„®”√„ш±г∆ч,0 ~ 20,0.3,0.81,-0.336,15% ~ 20%,-0.55,2,-0.65,0,-1,10,8.1,0.175,1.4175
2026/08/07,„ш±г∆ч,∆’Ќ®„ш±г∆ч,0 ~ 20,0.1,0.7,0.944,0% ~ 1%,0,0,0,0,-1,10,7,0.005,0.035
2026/08/07,„ш±г∆ч,¬нЌ∞ љ„ш±г∆ч,0 ~ 20,0.6,1.13,1.306,10% ~ 15%,-0.65,2,0,0,0,10,11.3,0.125,1.4125
2026/08/07,„ш±г∆ч,≥…»Ћ„ш±г∆ч,0 ~ 20,-0.2,1.07,0.982,15% ~ 20%,1.3,3,2.05,0,-1,10,10.7,0.175,1.8725
2026/08/07,„ш±г∆ч,іу±г„ш±г∆ч,0 ~ 20,-0.2,0.65,0,25% ~ 30%,0,3,0,0,0,10,6.5,0.275,1.7875
2026/08/07,„ш±г∆ч,„ш±г∆ч¬нЌ∞Љ“”√µжЋƒЉЊ,0 ~ 20,-0.15,0.87,-0.256,70% ~ 75%,0.5,8,0,0,-1,10,8.7,0.725,6.3075
2026/08/07,„ш±г∆ч,„ш±г∆ч≈Ѓ њ,0 ~ 20,0.25,0.74,-0.026,50% ~ 55%,0,2,0,0,-1,10,7.4,0.525,3.885
2026/08/07,„ш±г∆ч,„ш±г∆чЈц ÷,0 ~ 20,0,0.62,-0.262,15% ~ 20%,0.3,2,0,0,-1,10,6.2,0.175,1.085
2026/08/07,„ш±г∆ч,¬нЌ∞ґщЌѓ„ш±г∆ч3Ћк“‘…ѕЉ”іу–ЌЇ≈,0 ~ 20,-0.15,0.93,-0.177,10% ~ 15%,0,2,0,0,-1,10,9.3,0.125,1.1625
2026/08/07,„ш±г∆ч,”¶Љ±„ш±г∆ч,0 ~ 20,-0.6,0.21,-0.543,0% ~ 1%,-1.05,0,-1.05,0,-1,10,2.1,0.005,0.0105
2026/08/07,„ш±г∆ч,„ш±г∆ч–°їІ–Ќ,0 ~ 20,-0.25,0.66,-0.12,10% ~ 15%,0,1,0,0,-1,10,6.6,0.125,0.825
2026/08/07,„ш±г∆ч,Њ≈ƒЅєўЈљ∆мљҐµк„ш±г∆ч,0 ~ 20,0.25,0.41,-0.163,0% ~ 1%,0,0,0,0,-1,10,4.1,0.005,0.0205
2026/08/07,„ш±г∆ч,њ÷Ѕъ„ш±г∆ч,0 ~ 20,0,0,0,0% ~ 1%,0,0,0,0,0,10,0,0.005,0
2026/08/07,„ш±г∆ч,ґ„Єƒ„ш±г∆ч,0 ~ 20,1.3,0.8,-0.512,20% ~ 25%,0.25,2,1.05,0,0,10,8,0.225,1.8
2026/08/07,„ш±г∆ч,Љ“”√≤ёЋщ„ш±г∆ч,0 ~ 20,0.4,0.38,-0.506,0% ~ 1%,-1.05,0,-1.05,0,0,10,3.8,0.005,0.019
2026/08/07,„ш±г∆ч,„ш±г∆ч≈Ѓ њ,0 ~ 20,0.25,0.74,-0.026,50% ~ 55%,0,2,0,0,-1,10,7.4,0.525,3.885
2026/08/07,„ш±г∆ч,„ш±г∆ч–°їІ–Ќ,0 ~ 20,-0.25,0.66,-0.12,10% ~ 15%,0,1,0,0,-1,10,6.6,0.125,0.825
2026/08/07,„ш±г∆ч,¬нЌ∞‘цЄя„ш±г∆ч,0 ~ 20,-0.3,0.71,-0.145,25% ~ 30%,-0.5,2,-0.75,0,-1,10,7.1,0.275,1.9525
2026/08/07,„ш±г∆ч,ќёЋЃ„ш±г∆ч,0 ~ 20,-0.2,0.21,4.25,0% ~ 1%,0,0,0,0,-1,10,2.1,0.005,0.0105
2026/08/07,„ш±г∆ч,ґ„Єƒ„ш±г∆ч,0 ~ 20,1.3,0.8,-0.512,20% ~ 25%,0.25,2,1.05,0,0,10,8,0.225,1.8
2026/08/07,„ш±г∆ч,”¶Љ±„ш±г∆ч,0 ~ 20,-0.6,0.21,-0.543,0% ~ 1%,-1.05,0,-1.05,0,-1,10,2.1,0.005,0.0105
2026/08/07,„ш±г∆ч,¬нЌ∞ґщЌѓ„ш±г∆ч3Ћк“‘…ѕЉ”іу–ЌЇ≈,0 ~ 20,-0.15,0.93,-0.177,10% ~ 15%,0,2,0,0,-1,10,9.3,0.125,1.1625
2026/08/07,„ш±г∆ч,ґщЌѓ¬нЌ∞„ш±г∆ч≈Ѓ±¶±¶2Ћк,0 ~ 20,0.55,0.95,-0.448,5% ~ 7.5%,-0.85,1,-0.8,0,-1,10,9.5,0.062,0.589
2026/08/07,„ш±г∆ч,“ќ„”„ш±г∆ч,0 ~ 20,0.15,0.57,-0.066,40% ~ 45%,2.65,2,1.05,0,-1,10,5.7,0.425,2.4225
2026/08/07,„ш±г∆ч,ґщЌѓ„ш±г∆ч«ељаіь,0 ~ 20,0.35,1.1,0.009,15% ~ 20%,-0.7,2,-0.65,0,-1,10,11,0.175,1.925
2026/08/07,„ш±г∆ч,”„ґщ¬нЌ∞„ш±г∆ч,0 ~ 20,1.85,0.75,-0.157,20% ~ 25%,0.2,3,2.05,0,0,10,7.5,0.225,1.6875
2026/08/07,„ш±г∆ч,„ш±г∆ч≈≈ЋЃЈІ,0 ~ 20,0.75,0.77,-0.061,20% ~ 25%,0.45,2,1.05,0,0,10,7.7,0.225,1.7325
2026/08/07,„ш±г∆ч,≤°»ЋЉ“”√„ш±г∆ч,0 ~ 20,0.75,1.09,1.018,10% ~ 15%,-0.55,1,0,0,0,10,10.9,0.125,1.3625
2026/08/07,„ш±г∆ч,ґ„њ”Єƒ„ш±г∆ч,0 ~ 20,-0.3,1.22,0.356,5% ~ 7.5%,0,1,0,0,-1,10,12.2,0.062,0.7564
2026/08/07,„ш±г∆ч,ґщЌѓ¬нЌ∞„ш±г∆ч»эЇѕ“ї,0 ~ 20,0.25,1.19,0.75,0% ~ 1%,-1.05,0,-1.05,0,-1,10,11.9,0.005,0.0595
2026/08/07,„ш±г∆ч,ґщЌѓ–°„ш±г∆ч,0 ~ 20,-0.5,0.29,-0.147,0% ~ 1%,-1.05,0,-1.05,0,-1,10,2.9,0.005,0.0145
2026/08/07,„ш±г∆ч,ґщЌѓ¬нЌ∞„ш±г∆ч10Ћк“‘…ѕ,0 ~ 20,0.15,0.58,-0.275,25% ~ 30%,1.05,2,1.05,0,-1,10,5.8,0.275,1.595
2026/08/07,„ш±г∆ч,„ш±г∆ч…ѕЋЃЈІ,0 ~ 20,0.9,0.57,0.966,20% ~ 25%,-0.65,2,1.05,0,-1,10,5.7,0.225,1.2825
2026/08/07,„ш±г∆ч,јѕ»ЋЉ“”√“∆ґѓ„ш±г∆ч,0 ~ 20,0.45,0.88,-0.323,35% ~ 40%,0.55,3,0.55,0,0,10,8.8,0.375,3.3
2026/08/07,„ш±г∆ч,„ш±г∆чЋЃѕдљшЋЃЈІ,0 ~ 20,-0.5,0.74,-0.221,15% ~ 20%,-0.5,2,-0.8,0,-1,10,7.4,0.175,1.295
2026/08/07,„ш±г∆ч,„ш±г∆чЋЃѕдљшЋЃЈІ,0 ~ 20,-0.5,0.74,-0.221,15% ~ 20%,-0.5,2,-0.8,0,-1,10,7.4,0.175,1.295
2026/08/07,„ш±г∆ч,ґщЌѓ„ш±г∆ч«ељаіь,0 ~ 20,0.35,1.1,0.009,15% ~ 20%,-0.7,2,-0.65,0,-1,10,11,0.175,1.925
2026/08/07,„ш±г∆ч,„ш±г∆ч…ѕЋЃЈІ,0 ~ 20,0.9,0.57,0.966,20% ~ 25%,-0.65,2,1.05,0,-1,10,5.7,0.225,1.2825
2026/08/07,„ш±г∆ч,ґ„њ”Єƒ„ш±г∆ч,0 ~ 20,-0.3,1.22,0.356,5% ~ 7.5%,0,1,0,0,-1,10,12.2,0.062,0.7564
2026/08/07,„ш±г∆ч,±Џє“ љ„ш±г∆ч,0 ~ 20,0.15,0.18,-0.308,0% ~ 1%,0,0,0,0,-1,10,1.8,0.005,0.009
2026/08/07,„ш±г∆ч,Ј≈‘Џ¬нЌ∞…ѕµƒ„ш±г∆ч,0 ~ 20,0,0.65,0.512,35% ~ 40%,0,3,0,0,-1,10,6.5,0.375,2.4375
2026/08/07,„ш±г∆ч,”„ґщ„ш±г∆ч,0 ~ 20,-0.1,0.65,-0.217,30% ~ 35%,0.85,3,0.55,0,-1,10,6.5,0.325,2.1125
2026/08/07,„ш±г∆ч,≈©іе”√„ш±г∆ч,0 ~ 20,0.8,1.21,1.75,20% ~ 25%,0,1,0,0,-1,10,12.1,0.225,2.7225
2026/08/07,„ш±г∆ч,“їіќ–‘„ш±г∆ч,0 ~ 20,-0.45,0.62,1,25% ~ 30%,1.05,1,0,0,-1,10,6.2,0.275,1.705
2026/08/07,„ш±г∆ч,Ќ®¬нЌ∞…с∆ч“ї≈ЏЌ®„ш±г∆ч„®”√,0 ~ 20,0.8,0.48,-0.551,0% ~ 1%,-1.05,0,-1.05,0,-1,10,4.8,0.005,0.024
2026/08/07,„ш±г∆ч,„ш±г∆чјѕ»Ћ“∆ґѓ¬нЌ∞њ…’џµю,0 ~ 20,0.1,1.1,0.009,0% ~ 1%,0,0,0,0,-1,10,11,0.005,0.055
2026/08/07,„ш±г∆ч, јЉЌ±¶±іЈ¬’ж„ш±г∆чbh149c,0 ~ 20,-0.1,0.54,-0.365,0% ~ 1%,0,0,0,0,-1,10,5.4,0.005,0.027
2026/08/07,„ш±г∆ч,“їіќ–‘„ш±г∆ч,0 ~ 20,-0.45,0.62,1,25% ~ 30%,1.05,1,0,0,-1,10,6.2,0.275,1.705
2026/08/07,„ш±г∆ч,Ќ®¬нЌ∞…с∆ч“ї≈ЏЌ®„ш±г∆ч„®”√,0 ~ 20,0.8,0.48,-0.551,0% ~ 1%,-1.05,0,-1.05,0,-1,10,4.8,0.005,0.024
2026/08/07,„ш±г∆ч,≈©іе”√„ш±г∆ч,0 ~ 20,0.8,1.21,1.75,20% ~ 25%,0,1,0,0,-1,10,12.1,0.225,2.7225
2026/08/07,„ш±г∆ч,Јј≥ф„ш±г∆ч,0 ~ 20,1.55,0.46,1.091,0% ~ 1%,0,0,0,0,0,10,4.6,0.005,0.023
2026/08/07,„ш±г∆ч,јѕ»Ћ„ш±г∆чіу±гµ ,0 ~ 20,-0.45,0.61,-0.358,10% ~ 15%,-0.7,1,-0.85,0,-1,10,6.1,0.125,0.7625
2026/08/07,„ш±г∆ч,Љ“”√Љт“„„ш±г∆ч,0 ~ 20,-0.3,1.18,0.844,50% ~ 55%,1.3,5,1.55,0,-1,10,11.8,0.525,6.195
2026/08/07,„ш±г∆ч,„ш±г∆чЇу√ж÷√ќпЉ№,0 ~ 20,0.3,1,0.492,30% ~ 35%,0.1,4,1.05,0,-1,10,10,0.325,3.25
2026/08/07,„ш±г∆ч,„ш±г∆чµ„≤њ√№Јвћх,0 ~ 20,0.4,0.5,-0.594,20% ~ 25%,-0.7,2,-0.55,0,-1,10,5,0.225,1.125
2026/08/07,„ш±г∆ч,„ш±г∆чЄ«∞е,0 ~ 20,0.4,3.97,0.106,15% ~ 20%,-0.35,3,-0.3,0,0,10,39.7,0.175,6.9475
2026/08/07,„ш±г∆ч, јЉЌ±¶±іґщЌѓ„ш±г∆ч,0 ~ 20,0.4,1.51,2.432,0% ~ 1%,0,0,0,0,-1,10,15.1,0.005,0.0755
2026/08/07,„ш±г∆ч,ґщЌѓљ„ћЁ љ„ш±г∆ч,0 ~ 20,0.3,0.65,0.066,40% ~ 45%,1.05,4,1.05,0,-1,10,6.5,0.425,2.7625
2026/08/07,„ш±г∆ч,÷«ƒ№„ш±г∆ч¬нЌ∞Є«,0 ~ 20,0.1,0.5,1.632,0% ~ 1%,0,0,0,0,-1,10,5,0.005,0.025
2026/08/07,„ш±г∆ч,≈©іе„ш±г∆ч,0 ~ 20,0.9,0.38,-0.558,15% ~ 20%,0,1,0,0,-1,10,3.8,0.175,0.665
2026/08/07,„ш±г∆ч,„ш±г∆ч‘цЄяµж,0 ~ 20,0,0.74,-0.229,10% ~ 15%,-0.55,1,-0.7,0,-1,10,7.4,0.125,0.925
2026/08/07,„ш±г∆ч,Јј≥ф„ш±г∆ч,0 ~ 20,1.55,0.46,1.091,0% ~ 1%,0,0,0,0,0,10,4.6,0.005,0.023
2026/08/07,„ш±г∆ч,ґщЌѓ”√„ш±г∆ч,0 ~ 20,0.55,0.55,-0.712,0% ~ 1%,-1.05,0,-1.05,0,-1,10,5.5,0.005,0.0275
2026/08/07,„ш±г∆ч,±г≥Ў„ш±г∆ч,0 ~ 20,0.4,0.8,0.29,0% ~ 1%,-1.05,0,-1.05,0,-1,10,8,0.005,0.04
2026/08/07,„ш±г∆ч,2026–¬њо¬нЌ∞µжЋƒЉЊЌ®”√√вѕіЈјЋЃ„ш±г∆ч¬нЌ∞µж»¶’≥ћщ љѕƒЉЊ„шµж„”,0 ~ 20,0,0.61,0.271,100% ~ 105%,0,10 ~ 50,-0.1,0,-1,10,6.1,1.025,6.2525
2026/08/07,„ш±г∆ч, јЉЌ±¶±іґщЌѓ„ш±г∆ч,0 ~ 20,0.4,1.51,2.432,0% ~ 1%,0,0,0,0,-1,10,15.1,0.005,0.0755
2026/08/07,„ш±г∆ч,јѕ»Ћ„ш±г∆ч“∆ґѓ¬нЌ∞љб µ,0 ~ 20,-0.35,1.32,0.361,25% ~ 30%,0.55,3,0.55,0,-1,10,13.2,0.275,3.63
2026/08/07,„ш±г∆ч,„ш±г∆чјѕ»Ћ“∆ґѓ¬нЌ∞іуЇ≈,0 ~ 20,0.4,0.6,-0.531,40% ~ 45%,1.85,2,1.05,0,-1,10,6,0.425,2.55
2026/08/07,„ш±г∆ч,„ш±г∆чµ„≤њ√№Јвћх,0 ~ 20,0.4,0.5,-0.594,20% ~ 25%,-0.7,2,-0.55,0,-1,10,5,0.225,1.125
2026/08/07,„ш±г∆ч,„ш±г∆ч‘цЄяµж,0 ~ 20,0,0.74,-0.229,10% ~ 15%,-0.55,1,-0.7,0,-1,10,7.4,0.125,0.925
2026/08/07,„ш±г∆ч,„ш±г∆чЄ«∞е,0 ~ 20,0.4,3.97,0.106,15% ~ 20%,-0.35,3,-0.3,0,0,10,39.7,0.175,6.9475
2026/08/07,„ш±г∆ч,њ…“∆ґѓјѕƒк„ш±г∆ч,0 ~ 20,-0.15,0.49,-0.605,40% ~ 45%,-0.1,3,-0.45,0,-1,10,4.9,0.425,2.0825
2026/08/07,„ш±г∆ч,¬нЌ∞„ш±г∆чґщЌѓ±г–ѓ,0 ~ 20,0.4,0.44,-0.371,0% ~ 1%,-1.05,0,-1.05,0,-1,10,4.4,0.005,0.022
2026/08/07,„ш±г∆ч,„ш±г∆чЇу√ж÷√ќпЉ№,0 ~ 20,0.3,1,0.492,30% ~ 35%,0.1,4,1.05,0,-1,10,10,0.325,3.25
2026/08/07,„ш±г∆ч,Јј≥ф„ш±г∆ч,0 ~ 20,1.55,0.46,1.091,0% ~ 1%,0,0,0,0,0,10,4.6,0.005,0.023
2026/08/07,„ш±г∆ч,Њ≈ƒЅ„ш±г∆ч¬нЌ∞,0 ~ 20,-0.15,0.44,-0.214,0% ~ 1%,0,0,0,0,-1,10,4.4,0.005,0.022
2026/08/07,„ш±г∆ч,јѕ»Ћі≤…ѕ„ш±г∆ч,0 ~ 20,0.6,0.68,0.259,10% ~ 15%,-0.3,1,0,0,-1,10,6.8,0.125,0.85
2026/08/07,„ш±г∆ч,јѕ»Ћ„ш±г∆ч“∆ґѓ¬нЌ∞¬÷“ќ,0 ~ 20,-0.5,0.77,-0.061,7.5% ~ 10%,-0.5,1,-0.7,0,-1,10,7.7,0.087,0.6699
2026/08/07,„ш±г∆ч,ґ„≈и„ш±г∆ч,0 ~ 20,-0.1,0.24,-0.736,0% ~ 1%,-1.05,0,-1.05,0,-1,10,2.4,0.005,0.012
2026/08/07,„ш±г∆ч,ґщЌѓ¬нЌ∞„ш±г∆ч≈Ѓ±¶±¶іуЇ≈,0 ~ 20,0.45,0.87,-0.627,0% ~ 1%,-1.05,0,-1.05,0,-1,10,8.7,0.005,0.0435
2026/08/07,„ш±г∆ч,„ш±г∆ч„шµж,0 ~ 20,-0.45,1.2,0.043,75% ~ 80%,0.15,7,-0.25,0,0,10,12,0.775,9.3
2026/08/07,„ш±г∆ч,„ш±г∆ч¬нЌ∞Є«≈дЉюЌ®”√,0 ~ 20,0.8,0.79,0.756,0% ~ 1%,-1.05,0,-1.05,0,0,10,7.9,0.005,0.0395
2026/08/07,„ш±г∆ч,ґ„њ”…ѕµƒ„ш±г∆ч,0 ~ 20,-0.1,0.87,0.208,30% ~ 35%,-0.15,2,-0.35,0,-1,10,8.7,0.325,2.8275
2026/08/07,„ш±г∆ч,¬нЌ∞„ш±г∆чµ„≤њєћґ®√№ЈвљЇ,0 ~ 20,0,0.61,-0.33,0% ~ 1%,-1.05,0,-1.05,0,-1,10,6.1,0.005,0.0305
2026/08/07,„ш±г∆ч,≥…»Ћ„ш±г∆чµ „”,0 ~ 20,1.05,0.55,-0.276,25% ~ 30%,-0.3,2,1.05,0,-1,10,5.5,0.275,1.5125
2026/08/07,„ш±г∆ч,÷«ƒ№¬нЌ∞„ш±г∆ч»Ђ„‘ґѓ,0 ~ 20,-0.3,0.38,0.9,0% ~ 1%,0,0,0,0,-1,10,3.8,0.005,0.019
2026/08/07,„ш±г∆ч,ґ„≈и„ш±г∆ч,0 ~ 20,-0.1,0.24,-0.736,0% ~ 1%,-1.05,0,-1.05,0,-1,10,2.4,0.005,0.012
2026/08/07,„ш±г∆ч,„ш±г∆ч≈≈ЋЃЈІ≈дЉю,0 ~ 20,-0.25,0.62,0.051,10% ~ 15%,-0.55,1,-0.55,0,-1,10,6.2,0.125,0.775
2026/08/07,„ш±г∆ч,„ш±г∆ч¬нЌ∞Є«≈дЉюЌ®”√,0 ~ 20,0.8,0.79,0.756,0% ~ 1%,-1.05,0,-1.05,0,0,10,7.9,0.005,0.0395
2026/08/07,„ш±г∆ч,¬ьЅъ„ш±г∆ч,0 ~ 20,-0.1,0.46,-0.164,0% ~ 1%,-1.05,0,-1.05,0,-1,10,4.6,0.005,0.023
2026/08/07,„ш±г∆ч,Њ≈ƒЅіу≥еЅ¶„ш±г∆ч,0 ~ 20,-0.65,0.06,1,0% ~ 1%,0,0,0,0,-1,10,0.6,0.005,0.003
2026/08/07,„ш±г∆ч,„ш±г∆ч¬нЌ∞ћ„,0 ~ 20,0.2,0.69,-0.289,50% ~ 55%,-0.15,3,-0.3,0,0,10,6.9,0.525,3.6225
2026/08/07,„ш±г∆ч,є«’џ≤°»Ћ„ш±г∆ч,0 ~ 20,0.1,0.63,-0.073,10% ~ 15%,0,1,0,0,-1,10,6.3,0.125,0.7875
2026/08/07,„ш±г∆ч,ґ„ љ„ш±г∆ч,0 ~ 20,-0.4,0.81,0.125,10% ~ 15%,0.15,1,0,0,-1,10,8.1,0.125,1.0125
2026/08/07,„ш±г∆ч,јѕ»Ћ„ш±г∆ч“∆ґѓ¬нЌ∞Љ”Єя,0 ~ 20,-0.1,0.93,0.257,10% ~ 15%,0,1,0,0,-1,10,9.3,0.125,1.1625
2026/08/07,„ш±г∆ч,Њ≈ƒЅіу≥еЅ¶„ш±г∆ч,0 ~ 20,-0.65,0.06,1,0% ~ 1%,0,0,0,0,-1,10,0.6,0.005,0.003
2026/08/07,„ш±г∆ч,јѕƒк„ш±г∆чјѕ»ЋЉ“”√,0 ~ 20,-0.15,0.86,-0.323,20% ~ 25%,-0.15,2,-0.35,0,-1,10,8.6,0.225,1.935
2026/08/07,„ш±г∆ч,є«’џ≤°»Ћ„ш±г∆ч,0 ~ 20,0.1,0.63,-0.073,10% ~ 15%,0,1,0,0,-1,10,6.3,0.125,0.7875
2026/08/07,„ш±г∆ч,“љ”√¬нЌ∞„ш±г∆ч,0 ~ 20,0.35,0.63,0.211,15% ~ 20%,-0.7,1,0,0,-1,10,6.3,0.175,1.1025
2026/08/07,„ш±г∆ч,„‘ґѓ„ш±г∆ч,0 ~ 20,-0.45,0.4,0.739,0% ~ 1%,0,0,0,0,-1,10,4,0.005,0.02
2026/08/07,„ш±г∆ч,„ш±г∆ч¬нЌ∞ћ„,0 ~ 20,0.2,0.69,-0.289,50% ~ 55%,-0.15,3,-0.3,0,0,10,6.9,0.525,3.6225
2026/08/07,„ш±г∆ч,‘–ЄЊґ„њ”„ш±г∆ч,0 ~ 20,0.1,0.43,-0.659,0% ~ 1%,-1.05,0,-1.05,0,0,10,4.3,0.005,0.0215
2026/08/07,„ш±г∆ч,њ…’џµю„ш±г∆ч,0 ~ 20,-0.35,1,0.205,0% ~ 1%,-1.05,0,-1.05,0,-1,10,10,0.005,0.05
2026/08/07,„ш±г∆ч,¬÷“ќјѕ»Ћ„®”√іш„ш±г∆ч,0 ~ 20,0,0.77,0.262,20% ~ 25%,0,2,0,0,-1,10,7.7,0.225,1.7325
2026/08/07,„ш±г∆ч,і≤±я¬нЌ∞њ…“∆ґѓ„ш±г∆ч,0 ~ 20,0.65,0.58,-0.383,10% ~ 15%,-0.7,1,-0.55,0,-1,10,5.8,0.125,0.725
2026/08/07,„ш±г∆ч,њ…’џµю„ш±г∆ч,0 ~ 20,-0.35,1,0.205,0% ~ 1%,-1.05,0,-1.05,0,-1,10,10,0.005,0.05
2026/08/07,„ш±г∆ч,„ш±г∆ч–¬њо,0 ~ 20,0.45,0.33,-0.738,0% ~ 1%,0,0,0,0,0,10,3.3,0.005,0.0165
2026/08/07,„ш±г∆ч,„ш±г∆чјѕ»Ћ“∆ґѓ¬нЌ∞≈©іе,0 ~ 20,0,0.94,0.382,0% ~ 1%,-1.05,0,-1.05,0,-1,10,9.4,0.005,0.047
2026/08/07,„ш±г∆ч,ґ„ љ„ш±г∆ч,0 ~ 20,-0.4,0.81,0.125,10% ~ 15%,0.15,1,0,0,-1,10,8.1,0.125,1.0125
2026/08/07,„ш±г∆ч,„ш±г∆чјђїшіь,0 ~ 20,-0.3,0.78,0.147,55% ~ 60%,1.05,5,0.7,0,-1,10,7.8,0.575,4.485
2026/08/07,„ш±г∆ч,“їіќ–‘„ш±г∆чћ„,0 ~ 20,-0.2,1.04,-0.096,40% ~ 45%,-0.35,3,-0.6,0,-1,10,10.4,0.425,4.42
2026/08/07,„ш±г∆ч,„ш±г∆ч¬нЌ∞ћ„,0 ~ 20,0.2,0.69,-0.289,50% ~ 55%,-0.15,3,-0.3,0,0,10,6.9,0.525,3.6225
2026/08/07,„ш±г∆ч,јѕ»Ћ„ш±г∆ч“∆ґѓ¬нЌ∞Љ”Єя,0 ~ 20,-0.1,0.93,0.257,10% ~ 15%,0,1,0,0,-1,10,9.3,0.125,1.1625
2026/08/07,„ш±г∆ч,≈©іеЇµ≤ё„ш±г∆чЈј≥ф∆ч,0 ~ 20,-0.3,0.66,-0.096,30% ~ 35%,3.35,2,1.05,0,-1,10,6.6,0.325,2.145
2026/08/07,„ш±г∆ч,є«’џ≤°»Ћ„ш±г∆ч,0 ~ 20,0.1,0.63,-0.073,10% ~ 15%,0,1,0,0,-1,10,6.3,0.125,0.7875
2026/08/07,„ш±г∆ч,є«’џ≤°»Ћ„ш±г∆ч,0 ~ 20,0.1,0.63,-0.073,10% ~ 15%,0,1,0,0,-1,10,6.3,0.125,0.7875
2026/08/07,„ш±г∆ч,¬÷“ќјѕ»Ћ„®”√іш„ш±г∆ч,0 ~ 20,0,0.77,0.262,20% ~ 25%,0,2,0,0,-1,10,7.7,0.225,1.7325
2026/08/07,„ш±г∆ч,“∆ґѓ¬нЌ∞ЇЌ≥…»Ћ„ш±г∆ч‘х√і—°,0 ~ 20,0.35,0.76,-0.29,15% ~ 20%,0,1,0,0,-1,10,7.6,0.175,1.33
2026/08/07,„ш±г∆ч,ґ„±гЄƒ„ш±г∆ч¬нЌ∞Љ“”√,0 ~ 20,-0.1,1.92,1.259,0% ~ 1%,0,0,0,0,0,10,19.2,0.005,0.096
2026/08/07,„ш±г∆ч,¬÷“ќћ±їЊјѕ»Ћ„®”√іш„ш±г∆ч,0 ~ 20,0,0.89,-0.136,10% ~ 15%,-0.7,1,-0.55,0,-1,10,8.9,0.125,1.1125
2026/08/07,„ш±г∆ч,„ш±г∆чЄƒґ„±г∆ч,0 ~ 20,0.25,0.48,0.297,0% ~ 1%,0,0,0,0,0,10,4.8,0.005,0.024
2026/08/07,„ш±г∆ч,ґщЌѓ„ш±г∆чґ„њ”,0 ~ 20,0.1,0.83,-0.067,30% ~ 35%,0,2,-0.35,0,-1,10,8.3,0.325,2.6975
2026/08/07,„ш±г∆ч,„ш±г∆чЄ«„”,0 ~ 20,-0.25,1.57,1.754,35% ~ 40%,0.9,3,0.55,0,-1,10,15.7,0.375,5.8875
2026/08/07,„ш±г∆ч,¬нЌ∞„ш±г∆чѕыґЊ…±Њъ ™љн,0 ~ 20,-0.25,1.2,0.29,40% ~ 45%,0.9,5,1.55,0,-1,10,12,0.425,5.1
2026/08/07,„ш±г∆ч,…ѕ≤ёЋщ„ш±г∆ч,0 ~ 20,0.75,0.39,-0.381,10% ~ 15%,-0.3,1,0,0,-1,10,3.9,0.125,0.4875
2026/08/07,„ш±г∆ч,ґ„±гЄƒ„ш±г∆ч¬нЌ∞Љ“”√,0 ~ 20,-0.1,1.92,1.259,0% ~ 1%,0,0,0,0,0,10,19.2,0.005,0.096
2026/08/07,„ш±г∆ч,„ш±г∆чЄ«„”,0 ~ 20,-0.25,1.57,1.754,35% ~ 40%,0.9,3,0.55,0,-1,10,15.7,0.375,5.8875
2026/08/07,„ш±г∆ч, хЇу„ш±г∆ч,0 ~ 20,0.25,0.68,0.03,0% ~ 1%,-1.05,0,-1.05,0,-1,10,6.8,0.005,0.034
2026/08/07,„ш±г∆ч,Њ≈ƒЅ¬нЌ∞„ш±г∆чЉ“”√Їзќь љіу≥еЅ¶,0 ~ 20,-0.25,0.55,-0.564,20% ~ 25%,0,1,0,0,-1,10,5.5,0.225,1.2375
2026/08/07,„ш±г∆ч,»Ђ„‘ґѓ„ш±г∆ч,0 ~ 20,0,0.64,3,10% ~ 15%,0,1,0,0,0,10,6.4,0.125,0.8
2026/08/07,„ш±г∆ч,„ш±г∆чјѕ»Ћ,0 ~ 20,-0.1,0.69,-0.43,30% ~ 35%,0.7,3,0.55,0,0,10,6.9,0.325,2.2425
2026/08/07,„ш±г∆ч,„ш±г∆ч…ѕЈљ÷√ќпЉ№,0 ~ 20,-0.15,0.9,0.035,0% ~ 1%,-1.05,0,-1.05,0,-1,10,9,0.005,0.045
2026/08/07,„ш±г∆ч,ґщЌѓ„ш±г∆чґ„њ”,0 ~ 20,0.1,0.83,-0.067,30% ~ 35%,0,2,-0.35,0,-1,10,8.3,0.325,2.6975
2026/08/07,„ш±г∆ч,„ш±г∆ч¬нЌ∞ЋҐќёЋјљ«,0 ~ 20,-0.1,0.85,-0.183,50% ~ 55%,0.55,5,0.3,0,-1,10,8.5,0.525,4.4625
2026/08/07,„ш±г∆ч,„ш±г∆чњ…’џµю,0 ~ 20,-0.5,0.71,-0.297,25% ~ 30%,-0.4,2,-0.75,0,-1,10,7.1,0.275,1.9525
2026/08/07,„ш±г∆ч,јѕƒк»Ћ’џµю„ш±г∆ч,0 ~ 20,0,0.41,0,0% ~ 1%,0,0,0,0,0,10,4.1,0.005,0.0205
2026/08/07,„ш±г∆ч,≥…»Ћ“∆ґѓ„ш±г∆ч,0 ~ 20,0.25,0.35,-0.598,0% ~ 1%,-1.05,0,-1.05,0,-1,10,3.5,0.005,0.0175
2026/08/07,„ш±г∆ч,“∆ґѓ¬нЌ∞ЇЌ≥…»Ћ„ш±г∆ч‘х√і—°,0 ~ 20,0.35,0.76,-0.29,15% ~ 20%,0,1,0,0,-1,10,7.6,0.175,1.33
2026/08/07,„ш±г∆ч,„ш±г∆ч…ѕЈљ÷√ќпЉ№,0 ~ 20,-0.15,0.9,0.035,0% ~ 1%,-1.05,0,-1.05,0,-1,10,9,0.005,0.045
2026/08/07,„ш±г∆ч,¬нЌ∞‘–ЄЊ„ш±г∆ч “ƒЏ,0 ~ 20,0,0.8,0,35% ~ 40%,0,3,0,0,0,10,8,0.375,3
2026/08/07,„ш±г∆ч,ґщЌѓј≠ Ї„ш±г∆ч,0 ~ 20,-0.55,0.45,-0.5,30% ~ 35%,0.2,2,-0.55,0,-1,10,4.5,0.325,1.4625
2026/08/07,„ш±г∆ч,„ш±г∆чјѕ»Ћ,0 ~ 20,-0.1,0.69,-0.43,30% ~ 35%,0.7,3,0.55,0,0,10,6.9,0.325,2.2425
2026/08/07,„ш±г∆ч,÷«ƒ№„ш±г∆ч≈дЉю,0 ~ 20,0.55,0.24,-0.385,0% ~ 1%,0,0,0,0,-1,10,2.4,0.005,0.012
2026/08/07,„ш±г∆ч,±¶±¶ґ„њ”„ш±г∆ч,0 ~ 20,-0.25,0.49,-0.449,10% ~ 15%,-0.45,1,-0.55,0,-1,10,4.9,0.125,0.6125
2026/08/07,„ш±г∆ч,≤а≈≈ љ¬нЌ∞„ш±г∆ч,0 ~ 20,0.85,0.44,-0.522,0% ~ 1%,-1.05,0,-1.05,0,-1,10,4.4,0.005,0.022
2026/08/07,„ш±г∆ч,„ш±г∆ч…ѕЋЃ∆ч≈дЉюЌ®”√,0 ~ 20,0.85,0.57,-0.287,30% ~ 35%,0,2,1.05,0,0,10,5.7,0.325,1.8525
2026/08/07,„ш±г∆ч,’џµю¬нЌ∞„ш±г∆ч,0 ~ 20,-0.3,0.63,-0.113,0% ~ 1%,-1.05,0,-1.05,0,0,10,6.3,0.005,0.0315
2026/08/07,„ш±г∆ч,„ш±г∆ч≈©іеЇµ≤ё,0 ~ 20,-0.2,0.71,1.151,50% ~ 55%,0.55,1,0,0,-1,10,7.1,0.525,3.7275
2026/08/07,„ш±г∆ч,toto„ш±г∆ч,0 ~ 20,-0.4,0.32,-0.439,0% ~ 1%,0,0,0,0,0,10,3.2,0.005,0.016
2026/08/07,„ш±г∆ч,і≤≈‘„ш±г∆ч,0 ~ 20,0,1.07,0,30% ~ 35%,0,2,0,0,0,10,10.7,0.325,3.4775
2026/08/07,„ш±г∆ч,ґщЌѓ„ш±г∆ч¬•ћЁ љ,0 ~ 20,-0.35,1.34,0.558,10% ~ 15%,-0.55,1,-0.55,0,-1,10,13.4,0.125,1.675
2026/08/07,„ш±г∆ч,Ј¬’ж„ш±г∆ч,0 ~ 20,0.25,0.28,-0.263,0% ~ 1%,0,0,0,0,-1,10,2.8,0.005,0.014
2026/08/07,„ш±г∆ч,Ѕљ”√„ш±г∆ч,0 ~ 20,0,0.77,0,10% ~ 15%,0,1,0,0,0,10,7.7,0.125,0.9625
2026/08/07,„ш±г∆ч,“∆ґѓ љ„ш±г∆ч,0 ~ 20,-0.2,0.33,-0.365,0% ~ 1%,-1.05,0,-1.05,0,-1,10,3.3,0.005,0.0165
2026/08/07,„ш±г∆ч,≤а≈≈ љ¬нЌ∞„ш±г∆ч,0 ~ 20,0.85,0.44,-0.522,0% ~ 1%,-1.05,0,-1.05,0,-1,10,4.4,0.005,0.022
2026/08/07,„ш±г∆ч,јѕƒк»Ћ…ѕ≤ёЋщ„ш±г∆ч,0 ~ 20,0.6,0.51,-0.239,20% ~ 25%,0,1,0,0,-1,10,5.1,0.225,1.1475
2026/08/07,„ш±г∆ч,toto„ш±г∆ч,0 ~ 20,-0.4,0.32,-0.439,0% ~ 1%,0,0,0,0,0,10,3.2,0.005,0.016
2026/08/07,„ш±г∆ч,„ш±г∆ч≥еЋЃ∆ч,0 ~ 20,0,0.67,0,30% ~ 35%,0,1,0,0,0,10,6.7,0.325,2.1775
2026/08/07,„ш±г∆ч,і≤≈‘„ш±г∆ч,0 ~ 20,0,1.07,0,30% ~ 35%,0,2,0,0,0,10,10.7,0.325,3.4775
2026/08/07,„ш±г∆ч,„ш±г∆ч…ѕЋЃ∆ч≈дЉюЌ®”√,0 ~ 20,0.85,0.57,-0.287,30% ~ 35%,0,2,1.05,0,0,10,5.7,0.325,1.8525
2026/08/07,„ш±г∆ч,’џµю¬нЌ∞„ш±г∆ч,0 ~ 20,-0.3,0.63,-0.113,0% ~ 1%,-1.05,0,-1.05,0,0,10,6.3,0.005,0.0315
2026/08/07,„ш±г∆ч,ґщЌѓљ„ћЁ љ»эЇѕ“ї¬нЌ∞„ш±г∆ч,0 ~ 20,0,0.86,0,30% ~ 35%,0,2,0,0,0,10,8.6,0.325,2.795
2026/08/07,„ш±г∆ч,≥µ‘Ў„ш±г∆ч,0 ~ 20,0,0.7,-0.014,0% ~ 1%,0,0,0,0,-1,10,7,0.005,0.035
2026/08/07,„ш±г∆ч,„ш±г∆чЈјљ¶ƒт,0 ~ 20,0.4,0.55,5.111,15% ~ 20%,0,1,0,0,-1,10,5.5,0.175,0.9625
2026/08/07,„ш±г∆ч,“їіќ–‘„ш±г∆чћ„ґјЅҐ∞ь„∞,0 ~ 20,-0.1,1.3,0.912,60% ~ 65%,1.15,6,2.05,0,-1,10,13,0.625,8.125
2026/08/07,„ш±г∆ч,„ш±г∆ч≥еЋЃ∆ч,0 ~ 20,0,0.67,0,30% ~ 35%,0,1,0,0,0,10,6.7,0.325,2.1775
2026/08/07,„ш±г∆ч,„ш±г∆чјѕ»Ћ“∆ґѓ¬нЌ∞ішЈц ÷,0 ~ 20,0,0.36,0,0% ~ 1%,0,0,0,0,0,10,3.6,0.005,0.018
2026/08/07,„ш±г∆ч,„ш±г∆чЅђљ”є№,0 ~ 20,0,0.82,0,40% ~ 45%,0,3,0,0,0,10,8.2,0.425,3.485
2026/08/07,„ш±г∆ч,“∆ґѓ љ„ш±г∆ч,0 ~ 20,-0.2,0.33,-0.365,0% ~ 1%,-1.05,0,-1.05,0,-1,10,3.3,0.005,0.0165
2026/08/07,„ш±г∆ч,Ѕљ”√„ш±г∆ч,0 ~ 20,0,0.77,0,10% ~ 15%,0,1,0,0,0,10,7.7,0.125,0.9625
2026/08/07,„ш±г∆ч,ґщЌѓіуЇ≈„ш±г∆ч,0 ~ 20,-0.25,0.77,0.328,30% ~ 35%,-0.25,2,-0.35,0,-1,10,7.7,0.325,2.5025
2026/08/07,„ш±г∆ч,¬нЌ∞„ш±г∆чґщЌѓ»эЇѕ“ї,0 ~ 20,0.15,1.08,0.44,25% ~ 30%,0.55,2,1.05,0,-1,10,10.8,0.275,2.97
2026/08/07,„ш±г∆ч,„ш±г∆ч∞і≈•,0 ~ 20,0,1.57,0,15% ~ 20%,0,1,0,0,0,10,15.7,0.175,2.7475
2026/08/07,„ш±г∆ч,„ш±г∆чјѕ»Ћ“∆ґѓ¬нЌ∞≈дЉю,0 ~ 20,-0.35,0.55,-0.368,25% ~ 30%,0.05,2,-0.35,0,-1,10,5.5,0.275,1.5125
2026/08/07,„ш±г∆ч,ґ„њ”Єƒ¬нЌ∞„ш±г∆ч,0 ~ 20,0.45,0.5,-0.519,0% ~ 1%,-1.05,0,-1.05,0,0,10,5,0.005,0.025
2026/08/07,„ш±г∆ч,„ш±г∆ч«ељаЋҐ,0 ~ 20,-0.25,0.96,0.011,40% ~ 45%,-0.35,2,-0.55,0,-1,10,9.6,0.425,4.08
2026/08/07,„ш±г∆ч,–°±¶±¶„ш±г∆ч,0 ~ 20,0.7,0.52,0.04,10% ~ 15%,0,1,0,0,0,10,5.2,0.125,0.65
2026/08/07,„ш±г∆ч,”Ґ ѕґщЌѓ„ш±г∆ч,0 ~ 20,0.45,0.9,0.324,40% ~ 45%,0.65,2,1.05,0,-1,10,9,0.425,3.825
2026/08/07,„ш±г∆ч,јѕ»ЋЈљ±г„ш±г∆ч,0 ~ 20,-0.2,0.76,-0.095,30% ~ 35%,0,2,0,0,-1,10,7.6,0.325,2.47
2026/08/07,„ш±г∆ч,ќ‘ “„ш±г∆ч,0 ~ 20,0.3,0.44,-0.371,60% ~ 65%,0,3,0,0,-1,10,4.4,0.625,2.75
2026/08/07,„ш±г∆ч,„ш±г∆чЋЃѕд’ыћ„,0 ~ 20,-0.4,0,-1,0% ~ 1%,0,0,0,0,-1,10,0,0.005,0
2026/08/07,„ш±г∆ч,≈ЃЇҐ„ш±г∆ч,0 ~ 20,0.7,1.93,2.217,50% ~ 55%,0,1,0,0,-1,10,19.3,0.525,10.1325
2026/08/07,„ш±г∆ч,„ш±г∆чЋЃѕд,0 ~ 20,0,0.86,0,35% ~ 40%,0,3,0,0,0,10,8.6,0.375,3.225
2026/08/07,„ш±г∆ч,≤ёЋщ’џµю„ш±г∆ч,0 ~ 20,0.45,1.33,0.291,25% ~ 30%,0.45,2,1.05,0,0,10,13.3,0.275,3.6575
2026/08/07,„ш±г∆ч,‘–∆Џ„ш±г∆ч,0 ~ 20,0,1.1,0.068,10% ~ 15%,-0.15,1,0,0,-1,10,11,0.125,1.375
2026/08/07,„ш±г∆ч,“∆ґѓ¬нЌ∞„ш±г∆чјѕ»ЋЈјїђЈј≥ф,0 ~ 20,-0.65,0.7,-0.231,10% ~ 15%,0,1,0,0,-1,10,7,0.125,0.875
2026/08/07,„ш±г∆ч,„ш±г∆ч∞і≈•,0 ~ 20,0,1.57,0,15% ~ 20%,0,1,0,0,0,10,15.7,0.175,2.7475
2026/08/07,„ш±г∆ч,±г≈и„ш±г∆ч‘х√і”√,0 ~ 20,-0.25,0.5,0.613,0% ~ 1%,-1.05,0,-1.05,0,0,10,5,0.005,0.025
2026/08/07,„ш±г∆ч,≤ёЋщ’џµю„ш±г∆ч,0 ~ 20,0.45,1.33,0.291,25% ~ 30%,0.45,2,1.05,0,0,10,13.3,0.275,3.6575
2026/08/07,„ш±г∆ч,≈ЃЇҐ„ш±г∆ч,0 ~ 20,0.7,1.93,2.217,50% ~ 55%,0,1,0,0,-1,10,19.3,0.525,10.1325
2026/08/07,„ш±г∆ч,„ш±г∆ч√№ЈвљЇ,0 ~ 20,0,0.37,-0.532,65% ~ 70%,0.35,2,-0.55,0,-1,10,3.7,0.675,2.4975
2026/08/07,„ш±г∆ч,”§”„ґщ¬нЌ∞„ш±г∆ч,0 ~ 20,-0.2,0.65,-0.244,25% ~ 30%,0.45,2,0,0,-1,10,6.5,0.275,1.7875
2026/08/07,„ш±г∆ч,„ш±г∆чјѕ»Ћ“∆ґѓ¬нЌ∞≈дЉю,0 ~ 20,-0.35,0.55,-0.368,25% ~ 30%,0.05,2,-0.35,0,-1,10,5.5,0.275,1.5125
2026/08/07,„ш±г∆ч,ґщЌѓ¬нЌ∞„ш±г∆ч¬•ћЁ љ,0 ~ 20,0,0.86,0,35% ~ 40%,0,3,0,0,0,10,8.6,0.375,3.225
2026/08/07,„ш±г∆ч,јѕ»Ћ “ƒЏ„ш±г∆ч,0 ~ 20,0.7,1.3,1.063,20% ~ 25%,-0.25,1,0,0,-1,10,13,0.225,2.925
2026/08/07,„ш±г∆ч,јѕ»ЋЈљ±г„ш±г∆ч,0 ~ 20,-0.2,0.76,-0.095,30% ~ 35%,0,2,0,0,-1,10,7.6,0.325,2.47
2026/08/07,„ш±г∆ч,”Ґ ѕґщЌѓ„ш±г∆ч,0 ~ 20,0.45,0.9,0.324,40% ~ 45%,0.65,2,1.05,0,-1,10,9,0.425,3.825
2026/08/07,„ш±г∆ч,±г≈и„ш±г∆ч‘х√і”√,0 ~ 20,-0.25,0.5,0.613,0% ~ 1%,-1.05,0,-1.05,0,0,10,5,0.005,0.025
2026/08/07,„ш±г∆ч,≤ї–вЄ÷¬нЌ∞„ш±г∆ч,0 ~ 20,0.15,0.59,1.809,20% ~ 25%,0,1,0,0,-1,10,5.9,0.225,1.3275
2026/08/07,„ш±г∆ч,‘–∆Џ„ш±г∆ч,0 ~ 20,0,1.1,0.068,10% ~ 15%,-0.15,1,0,0,-1,10,11,0.125,1.375
2026/08/07,„ш±г∆ч,√®¬нЌ∞„ш±г∆ч,0 ~ 20,-0.15,0.74,-0.417,10% ~ 15%,-0.65,1,-0.7,0,-1,10,7.4,0.125,0.925
2026/08/07,„ш±г∆ч,¬нЌ∞„ш±г∆чґщЌѓ”Ґ ѕ,0 ~ 20,0,3.19,0,15% ~ 20%,0,1,0,0,0,10,31.9,0.175,5.5825
2026/08/07,„ш±г∆ч,–°ЇҐ„ш±г∆ч¬нЌ∞,0 ~ 20,0,1,0,15% ~ 20%,0,1,0,0,0,10,10,0.175,1.75
2026/08/07,„ш±г∆ч,Ќ»љ≈≤ї±г„ш±г∆ч,0 ~ 20,0,0.44,-0.511,0% ~ 1%,0,0,0,0,-1,10,4.4,0.005,0.022
2026/08/07,„ш±г∆ч,ґщЌѓ¬нЌ∞„ш±г∆ч«ељаіь,0 ~ 20,-0.35,1.03,0.062,70% ~ 75%,-0.15,5,-0.4,0,-1,10,10.3,0.725,7.4675
2026/08/07,„ш±г∆ч,≥…»Ћ„ш±г∆чЉ“”√њ…’џµю,0 ~ 20,0.55,0.85,2.4,0% ~ 1%,0,0,0,0,-1,10,8.5,0.005,0.0425
2026/08/07,„ш±г∆ч,јѕ»Ћ„ш±г∆ч“∆ґѓµ „”,0 ~ 20,0.55,0.21,-0.611,0% ~ 1%,0,0,0,0,-1,10,2.1,0.005,0.0105
2026/08/07,„ш±г∆ч,Њ≈ƒЅ„ш±г∆ч¬нЌ∞Љ“”√,0 ~ 20,-0.15,0.69,0.605,0% ~ 1%,0,0,0,0,-1,10,6.9,0.005,0.0345
2026/08/07,„ш±г∆ч,Ј≈¬нЌ∞…ѕµƒ„ш±г∆ч,0 ~ 20,-0.2,0.61,-0.176,0% ~ 1%,0,0,0,0,-1,10,6.1,0.005,0.0305
2026/08/07,„ш±г∆ч,„ш±г∆чЋЃѕд≈≈ЋЃЈІ,0 ~ 20,-0.35,0.88,-0.241,25% ~ 30%,1.3,2,1.05,0,0,10,8.8,0.275,2.42
2026/08/07,„ш±г∆ч,јѕ љ„ш±г∆чЋЃѕд≈дЉю,0 ~ 20,0.15,0.72,-0.122,30% ~ 35%,0,1,-0.55,0,0,10,7.2,0.325,2.34
2026/08/07,„ш±г∆ч,ґщЌѓ„ш±г∆чƒ–±¶±¶„®”√,0 ~ 20,-0.45,0.76,0.101,30% ~ 35%,1.05,3,0.55,0,-1,10,7.6,0.325,2.47
2026/08/07,„ш±г∆ч,≈©іеЇµ≤ё√в≥е„ш±г∆ч,0 ~ 20,0,0.44,-0.653,0% ~ 1%,-1.05,0,-1.05,0,-1,10,4.4,0.005,0.022
2026/08/07,„ш±г∆ч,јѕ»Ћ„ш±г∆ч‘цЄя,0 ~ 20,0,1.17,0,50% ~ 55%,0,3,0,0,0,10,11.7,0.525,6.1425
2026/08/07,„ш±г∆ч,µ „”„ш±г∆ч,0 ~ 20,-0.5,1.51,2.595,35% ~ 40%,3.15,3,2.05,0,-1,10,15.1,0.375,5.6625
2026/08/07,„ш±г∆ч,„ш±г∆ч¬нЌ∞Љ“”√іу≥еЅ¶,0 ~ 20,-0.15,0.78,0.114,0% ~ 1%,0,0,0,0,0,10,7.8,0.005,0.039
2026/08/07,„ш±г∆ч,–°≥яіз„ш±г∆ч,0 ~ 20,-0.15,0.92,-0.41,0% ~ 1%,-1.05,0,-1.05,0,-1,10,9.2,0.005,0.046
2026/08/07,„ш±г∆ч,–°ЇҐ„ш±г∆ч¬нЌ∞,0 ~ 20,0,1,0,15% ~ 20%,0,1,0,0,0,10,10,0.175,1.75
2026/08/07,„ш±г∆ч,Ќ»љ≈≤ї±г„ш±г∆ч,0 ~ 20,0,0.44,-0.511,0% ~ 1%,0,0,0,0,-1,10,4.4,0.005,0.022
2026/08/07,„ш±г∆ч,ґщЌѓ¬нЌ∞„ш±г∆ч«ељаіь,0 ~ 20,-0.35,1.03,0.062,70% ~ 75%,-0.15,5,-0.4,0,-1,10,10.3,0.725,7.4675
2026/08/07,„ш±г∆ч,¬нЌ∞„ш±г∆чґщЌѓ”Ґ ѕ,0 ~ 20,0,3.19,0,15% ~ 20%,0,1,0,0,0,10,31.9,0.175,5.5825
2026/08/07,„ш±г∆ч,„ш±г∆ч¬нЌ∞Љ“”√µж,0 ~ 20,0,0.43,-0.482,30% ~ 35%,-0.2,1,-0.55,0,0,10,4.3,0.325,1.3975
2026/08/07,„ш±г∆ч,„ш±г∆чЋЃѕдЄ«,0 ~ 20,0.15,0.65,-0.177,20% ~ 25%,0,1,0,0,-1,10,6.5,0.225,1.4625
2026/08/07,„ш±г∆ч,Љ“”√Їзќь„ш±г∆ч,0 ~ 20,0,0,0,0% ~ 1%,0,0,0,0,0,10,0,0.005,0
2026/08/07,„ш±г∆ч,≈©іеЇµ≤ё√в≥е„ш±г∆ч,0 ~ 20,0,0.44,-0.653,0% ~ 1%,-1.05,0,-1.05,0,-1,10,4.4,0.005,0.022
2026/08/07,„ш±г∆ч,–°ЇҐ„ш±г∆ч¬нЌ∞,0 ~ 20,0,1,0,15% ~ 20%,0,1,0,0,0,10,10,0.175,1.75
2026/08/07,„ш±г∆ч,µ „”„ш±г∆ч,0 ~ 20,-0.5,1.51,2.595,35% ~ 40%,3.15,3,2.05,0,-1,10,15.1,0.375,5.6625
2026/08/07,„ш±г∆ч,јѕƒк»Ћґ„њ”„ш±г∆ч,0 ~ 20,-0.5,0.77,0.132,0% ~ 1%,-1.05,0,-1.05,0,-1,10,7.7,0.005,0.0385
2026/08/07,„ш±г∆ч,јѕ»Ћ„ш±г∆ч‘цЄя,0 ~ 20,0,1.17,0,50% ~ 55%,0,3,0,0,0,10,11.7,0.525,6.1425
2026/08/07,„ш±г∆ч, “ƒЏ„ш±г∆ч,0 ~ 20,0.15,0.22,-0.833,0% ~ 1%,0,0,0,0,-1,10,2.2,0.005,0.011
2026/08/07,„ш±г∆ч,≈Ѓ њі≤…ѕ„ш±г∆ч,0 ~ 20,0,0.47,0,20% ~ 25%,0,1,0,0,0,10,4.7,0.225,1.0575
2026/08/07,„ш±г∆ч,Љ“”√Їзќь„ш±г∆ч,0 ~ 20,0,0,0,0% ~ 1%,0,0,0,0,0,10,0,0.005,0
2026/08/07,„ш±г∆ч,Љ“”√„ш±г∆чњ…“∆ґѓ¬нЌ∞,0 ~ 20,0.55,0.77,0.4,0% ~ 1%,-1.05,0,-1.05,0,0,10,7.7,0.005,0.0385
2026/08/07,„ш±г∆ч,Ј≈¬нЌ∞…ѕµƒ„ш±г∆ч,0 ~ 20,-0.2,0.61,-0.176,0% ~ 1%,0,0,0,0,-1,10,6.1,0.005,0.0305
2026/08/07,„ш±г∆ч,„ш±г∆чјѕ»Ћ“∆ґѓ¬нЌ∞њ…≥еЋЃ,0 ~ 20,-0.15,0.7,-0.176,10% ~ 15%,0,1,0,0,-1,10,7,0.125,0.875
2026/08/07,„ш±г∆ч,јѕ»Ћ„ш±г∆ч“∆ґѓµ „”,0 ~ 20,0.55,0.21,-0.611,0% ~ 1%,0,0,0,0,-1,10,2.1,0.005,0.0105
2026/08/07,„ш±г∆ч,јѕƒк»Ћґ„њ”„ш±г∆ч,0 ~ 20,-0.5,0.77,0.132,0% ~ 1%,-1.05,0,-1.05,0,-1,10,7.7,0.005,0.0385
2026/08/07,„ш±г∆ч,¬нЌ∞„ш±г∆чµж»¶,0 ~ 20,0.55,0.96,0.92,30% ~ 35%,0,2,0,0,0,10,9.6,0.325,3.12
2026/08/07,„ш±г∆ч,¬нЌ∞ЋЃѕд≈дЉюіу»ЂљшЋЃЈІ≈≈ЋЃ„ш±г∆ч,0 ~ 20,0.15,0.43,-0.318,0% ~ 1%,-1.05,0,-1.05,0,-1,10,4.3,0.005,0.0215
2026/08/07,„ш±г∆ч,”§ґщ¬нЌ∞„ш±г∆ч,0 ~ 20,0,1.2,0,30% ~ 35%,0,2,0,0,0,10,12,0.325,3.9
2026/08/07,„ш±г∆ч,¬нЌ∞„ш±г∆чґщЌѓ”Ґ ѕ,0 ~ 20,0,3.19,0,15% ~ 20%,0,1,0,0,0,10,31.9,0.175,5.5825
2026/08/07,„ш±г∆ч,ґщЌѓ„ш±г∆чƒ–±¶±¶„®”√,0 ~ 20,-0.45,0.76,0.101,30% ~ 35%,1.05,3,0.55,0,-1,10,7.6,0.325,2.47
2026/08/07,„ш±г∆ч,јѕ»Ћ„ш±г∆ч“∆ґѓ¬нЌ∞Љ”Єя50cm,0 ~ 20,-0.4,1.17,0.026,20% ~ 25%,-0.25,1,-0.55,0,-1,10,11.7,0.225,2.6325
2026/08/07,„ш±г∆ч,≈Ѓ њі≤…ѕ„ш±г∆ч,0 ~ 20,0,0.47,0,20% ~ 25%,0,1,0,0,0,10,4.7,0.225,1.0575
2026/08/07,„ш±г∆ч,јѕ»Ћ„ш±г∆ч‘цЄя,0 ~ 20,0,1.17,0,50% ~ 55%,0,3,0,0,0,10,11.7,0.525,6.1425
2026/08/07,„ш±г∆ч,‘–ЄЊЄ®÷ъ„ш±г∆ч,0 ~ 20,0.35,2.95,9.926,25% ~ 30%,0,1,0,0,-1,10,29.5,0.275,8.1125
2026/08/07,„ш±г∆ч,јѕ»Ћ„ш±г∆ч¬нЌ∞“ќ„”Љ“”√ µƒЊ,0 ~ 20,0.35,1.12,0.349,20% ~ 25%,-0.45,1,-0.55,0,-1,10,11.2,0.225,2.52
2026/08/07,„ш±г∆ч,‘–ЄЊ”√„ш±г∆ч,0 ~ 20,-0.3,0.4,-0.588,25% ~ 30%,-0.65,1,-0.8,0,0,10,4,0.275,1.1
2026/08/07,„ш±г∆ч,ґщЌѓіу±г„ш±г∆ч,0 ~ 20,-0.5,0.5,-0.432,50% ~ 55%,0.2,2,-0.35,0,-1,10,5,0.525,2.625
2026/08/07,„ш±г∆ч,„ш±г∆ч ÷«ƒ№,0 ~ 20,0,0.61,0,0% ~ 1%,0,0,0,0,0,10,6.1,0.005,0.0305
2026/08/07,„ш±г∆ч,≤–Љ≤»Ћ„ш±г∆ч,0 ~ 20,0.35,1.17,1.34,0% ~ 1%,-1.05,0,-1.05,0,0,10,11.7,0.005,0.0585
2026/08/07,„ш±г∆ч,¬нЌ∞ґщЌѓ„ш±г∆ч≈Ѓ±¶±¶,0 ~ 20,-0.15,0.74,-0.567,25% ~ 30%,1.05,1,0,0,-1,10,7.4,0.275,2.035
2026/08/07,„ш±г∆ч,  Їѕјѕƒк»Ћµƒ„ш±г∆ч,0 ~ 20,0.15,0.33,-0.441,0% ~ 1%,-1.05,0,-1.05,0,0,10,3.3,0.005,0.0165
2026/08/07,„ш±г∆ч,„ш±г∆чґ¬њ„»ы,0 ~ 20,0.15,0.86,0.483,0% ~ 1%,-1.05,0,-1.05,0,-1,10,8.6,0.005,0.043
2026/08/07,„ш±г∆ч,Ѕў ±¬нЌ∞„ш±г∆ч,0 ~ 20,0,0.73,0.014,15% ~ 20%,-0.35,1,0,0,-1,10,7.3,0.175,1.2775
2026/08/07,„ш±г∆ч,‘–ЄЊ„ш±г∆чњ…’џµю,0 ~ 20,-0.25,0.69,-0.349,0% ~ 1%,-1.05,0,-1.05,0,-1,10,6.9,0.005,0.0345
2026/08/07,„ш±г∆ч,„ш±г∆ч«еѕіЉЅ,0 ~ 20,0,0.83,0,60% ~ 65%,0,3,0,0,0,10,8.3,0.625,5.1875
2026/08/07,„ш±г∆ч,Ѕў ±¬нЌ∞„ш±г∆ч,0 ~ 20,0,0.73,0.014,15% ~ 20%,-0.35,1,0,0,-1,10,7.3,0.175,1.2775
2026/08/07,„ш±г∆ч,Ј≈‘ЏЌ∞…ѕµƒ„ш±г∆ч,0 ~ 20,-0.15,0.32,-0.667,20% ~ 25%,-0.75,1,-0.85,0,-1,10,3.2,0.225,0.72
2026/08/07,„ш±г∆ч,ћµ”џ„ш±г∆чґщЌѓ,0 ~ 20,-0.55,1.09,0.912,35% ~ 40%,3.15,3,2.05,0,-1,10,10.9,0.375,4.0875
2026/08/07,„ш±г∆ч,„ш±г∆ч¬нЌ∞Є«≈дЉю,0 ~ 20,0,0.47,0,30% ~ 35%,0,1,0,0,0,10,4.7,0.325,1.5275
2026/08/07,„ш±г∆ч,Љ“”√њ…’џµю„ш±г∆ч,0 ~ 20,0.15,0.77,-0.33,25% ~ 30%,0,1,0,0,-1,10,7.7,0.275,2.1175
2026/08/07,„ш±г∆ч,„ш±г∆чњ…µчљЏЄяґ»,0 ~ 20,0.15,0.56,0.556,25% ~ 30%,0,1,0,0,-1,10,5.6,0.275,1.54
2026/08/07,„ш±г∆ч,“љ”√„ш±г∆ч,0 ~ 20,-0.25,1.77,2.278,50% ~ 55%,0,2,0,0,-1,10,17.7,0.525,9.2925
2026/08/07,„ш±г∆ч,„ш±г∆чљшЋЃЈІЌ®”√,0 ~ 20,-0.15,0.96,1.182,40% ~ 45%,0,2,0,0,-1,10,9.6,0.425,4.08
2026/08/07,„ш±г∆ч,‘–ЄЊЄ®÷ъ„ш±г∆ч,0 ~ 20,0.35,2.95,9.926,25% ~ 30%,0,1,0,0,-1,10,29.5,0.275,8.1125
2026/08/07,„ш±г∆ч,Јјїђ„ш±г∆ч,0 ~ 20,0.35,1,0.639,25% ~ 30%,0,1,0,0,0,10,10,0.275,2.75
2026/08/07,„ш±г∆ч,Њ≈ƒЅ„ш±г∆ч11386,0 ~ 20,0,0.39,0,0% ~ 1%,0,0,0,0,0,10,3.9,0.005,0.0195
2026/08/07,„ш±г∆ч,≈©іе≤ёЋщ„ш±г∆ч,0 ~ 20,-0.35,0.46,0.022,0% ~ 1%,-1.05,0,-1.05,0,-1,10,4.6,0.005,0.023
2026/08/07,„ш±г∆ч,“љ”√„ш±г∆ч,0 ~ 20,-0.25,1.77,2.278,50% ~ 55%,0,2,0,0,-1,10,17.7,0.525,9.2925
2026/08/07,„ш±г∆ч,ґщЌѓ¬нЌ∞„ш±г∆ч≈дЉю,0 ~ 20,0,0.75,0,0% ~ 1%,0,0,0,0,0,10,7.5,0.005,0.0375
2026/08/07,„ш±г∆ч,ґщЌѓљ„ћЁ„ш±г∆ч,0 ~ 20,0,1.1,0,25% ~ 30%,0,2,0,0,0,10,11,0.275,3.025
2026/08/07,„ш±г∆ч,„ш±г∆ч«еѕіЉЅ,0 ~ 20,0,0.83,0,60% ~ 65%,0,3,0,0,0,10,8.3,0.625,5.1875
2026/08/07,„ш±г∆ч,ґщЌѓіу±г„ш±г∆ч,0 ~ 20,-0.5,0.5,-0.432,50% ~ 55%,0.2,2,-0.35,0,-1,10,5,0.525,2.625
2026/08/07,„ш±г∆ч,„ш±г∆ч¬нЌ∞Љ“”√–°їІ–Ќ,0 ~ 20,0.15,1.45,0,0% ~ 1%,-1.05,0,-1.05,0,0,10,14.5,0.005,0.0725
2026/08/07,„ш±г∆ч,јѕ»Ћ„ш±г∆ч¬нЌ∞“ќ„”Љ“”√ µƒЊ,0 ~ 20,0.35,1.12,0.349,20% ~ 25%,-0.45,1,-0.55,0,-1,10,11.2,0.225,2.52
2026/08/07,„ш±г∆ч,≤°»Ћі≤…ѕ¬нЌ∞„ш±г∆ч,0 ~ 20,-0.15,0.62,0.192,0% ~ 1%,-1.05,0,-1.05,0,-1,10,6.2,0.005,0.031
2026/08/07,„ш±г∆ч,„ш±г∆ч ÷«ƒ№,0 ~ 20,0,0.61,0,0% ~ 1%,0,0,0,0,0,10,6.1,0.005,0.0305
2026/08/07,„ш±г∆ч,„ш±г∆чљшЋЃє№,0 ~ 20,0,0.32,-0.484,30% ~ 35%,1.05,1,0,0,-1,10,3.2,0.325,1.04
2026/08/07,„ш±г∆ч,„ш±г∆чњ…µчљЏЄяґ»,0 ~ 20,0.15,0.56,0.556,25% ~ 30%,0,1,0,0,-1,10,5.6,0.275,1.54
2026/08/07,„ш±г∆ч,јѕƒк»Ћ¬нЌ∞„ш±г∆чњ…“∆ґѓЉ”Єя,0 ~ 20,-0.15,1,0.818,40% ~ 45%,1.85,2,1.05,0,-1,10,10,0.425,4.25
2026/08/07,„ш±г∆ч,“∆ґѓ„ш±г∆чјѕ»Ћ,0 ~ 20,-0.15,0.64,-0.179,40% ~ 45%,0,2,0,0,0,10,6.4,0.425,2.72
2026/08/07,„ш±г∆ч,Љ“”√њ…’џµю„ш±г∆ч,0 ~ 20,0.15,0.77,-0.33,25% ~ 30%,0,1,0,0,-1,10,7.7,0.275,2.1175
2026/08/07,„ш±г∆ч,„ш±г∆чљшЋЃЈІЌ®”√,0 ~ 20,-0.15,0.96,1.182,40% ~ 45%,0,2,0,0,-1,10,9.6,0.425,4.08
2026/08/07,„ш±г∆ч,“љ”√„ш±г∆ч,0 ~ 20,-0.25,1.77,2.278,50% ~ 55%,0,2,0,0,-1,10,17.7,0.525,9.2925
2026/08/07,„ш±г∆ч,Њ≈ƒЅ„ш±г∆ч11386,0 ~ 20,0,0.39,0,0% ~ 1%,0,0,0,0,0,10,3.9,0.005,0.0195
2026/08/07,„ш±г∆ч, µƒЊ„ш±г∆ч,0 ~ 20,0,0.61,0,25% ~ 30%,0,1,0,0,0,10,6.1,0.275,1.6775
2026/08/07,„ш±г∆ч,‘–ЄЊЄ®÷ъ„ш±г∆ч,0 ~ 20,0.35,2.95,9.926,25% ~ 30%,0,1,0,0,-1,10,29.5,0.275,8.1125
2026/08/07,„ш±г∆ч,Јјїђ„ш±г∆ч,0 ~ 20,0.35,1,0.639,25% ~ 30%,0,1,0,0,0,10,10,0.275,2.75
2026/08/07,„ш±г∆ч,±г–ѓ љјѕ»Ћ„ш±г∆ч,0 ~ 20,0.15,0.35,-0.397,0% ~ 1%,-1.05,0,-1.05,0,0,10,3.5,0.005,0.0175
2026/08/07,„ш±г∆ч,Љ“”√јѕ»Ћ„ш±г∆чњ…“∆ґѓ¬нЌ∞ “ƒЏ±г–ѓ љ,0 ~ 20,-0.25,1.13,0.395,20% ~ 25%,0.65,1,0,0,-1,10,11.3,0.225,2.5425
2026/08/07,„ш±г∆ч,„ш±г∆ч¬нЌ∞Є«≈дЉю,0 ~ 20,0,0.47,0,30% ~ 35%,0,1,0,0,0,10,4.7,0.325,1.5275
2026/08/07,„ш±г∆ч,јѕ»Ћ„ш±г∆ч¬нЌ∞“ќ„”Љ“”√ µƒЊ,0 ~ 20,0.35,1.12,0.349,20% ~ 25%,-0.45,1,-0.55,0,-1,10,11.2,0.225,2.52
2026/08/07,„ш±г∆ч,¬нЌ∞„ш±г∆чґщЌѓ“ЋЉ“,0 ~ 20,0,0.95,0,0% ~ 1%,0,0,0,0,0,10,9.5,0.005,0.0475
2026/08/07,„ш±г∆ч,¬нЌ∞ґщЌѓ„ш±г∆ч3Ћк“‘…ѕЄ®÷ъ…ѕ≤ё,0 ~ 20,0.2,2.33,1.33,40% ~ 45%,0.25,2,1.05,0,-1,10,23.3,0.425,9.9025
2026/08/06,„ш±г∆ч,„ш±г∆чЋ—Ћчі ,2500 ~ 5000,-0.05,0.54,0.038,15% ~ 20%,0.15,100 ~ 250,0.15,0.07,0,3750,2025,0.175,354.375
2026/08/06,„ш±г∆ч,¬нЌ∞„ш±г∆чґщЌѓ,1200 ~ 2500,-0.3,0.93,0.045,20% ~ 25%,-0.05,100 ~ 250,-0.3,0.2,-0.286,1850,1720.5,0.225,387.1125
2026/08/06,„ш±г∆ч,„ш±г∆чјѕ»Ћ“∆ґѓ¬нЌ∞,600 ~ 1200,0.05,0.83,-0.024,15% ~ 20%,-0.2,100 ~ 250,-0.2,0.23,0.045,900,747,0.175,130.725
2026/08/06,„ш±г∆ч,јѕ»Ћ„ш±г∆ч,600 ~ 1200,0.05,0.88,-0.043,20% ~ 25%,-0.05,100 ~ 250,0,0.1,0.111,900,792,0.225,178.2
2026/08/06,„ш±г∆ч,¬нЌ∞ґщЌѓ„ш±г∆ч,600 ~ 1200,1.25,0.93,0.057,25% ~ 30%,0.05,100 ~ 250,1.2,0.14,1.333,900,837,0.275,230.175
2026/08/06,„ш±г∆ч,„ш±г∆ч¬нЌ∞,600 ~ 1200,-0.05,0.57,-0.034,7.5% ~ 10%,0.1,10 ~ 50,0.1,0.01,-0.5,900,513,0.087,44.631
2026/08/06,„ш±г∆ч,јѕ»Ћ“∆ґѓ¬нЌ∞„ш±г∆ч,600 ~ 1200,0.05,0.8,0.026,15% ~ 20%,0.05,50 ~ 100,0,0.13,0,900,720,0.175,126
2026/08/06,„ш±г∆ч,„ш±г∆ч¬нЌ∞Љ“”√,300 ~ 600,0.05,0.67,0.136,5% ~ 7.5%,0.1,10 ~ 50,0.2,0.03,0,450,301.5,0.062,18.693
2026/08/06,„ш±г∆ч,ґщЌѓ„ш±г∆ч,300 ~ 600,-0.1,0.95,0.08,25% ~ 30%,0.2,50 ~ 100,0.05,0.08,-0.111,450,427.5,0.275,117.5625
2026/08/06,„ш±г∆ч,¬нЌ∞„ш±г∆чЉ“”√,300 ~ 600,0.1,0.53,-0.102,10% ~ 15%,-0.1,10 ~ 50,0,0.03,0.5,450,238.5,0.125,29.8125
2026/08/06,„ш±г∆ч,¬нЌ∞„ш±г∆ч“∆ґѓјѕ»Ћ,300 ~ 600,-0.05,0.76,0,15% ~ 20%,0.25,50 ~ 100,0.25,0.1,0,450,342,0.175,59.85
2026/08/06,„ш±г∆ч,‘–ЄЊ„ш±г∆ч,300 ~ 600,-0.05,0.81,-0.09,15% ~ 20%,-0.3,10 ~ 50,-0.35,0.06,0,450,364.5,0.175,63.7875
2026/08/06,„ш±г∆ч,„ш±г∆ч≈дЉюіу»Ђ,300 ~ 600,-0.05,0.63,-0.087,25% ~ 30%,-0.05,50 ~ 100,0,0.32,-0.059,450,283.5,0.275,77.9625
2026/08/06,„ш±г∆ч,ґщЌѓ¬нЌ∞„ш±г∆ч≈Ѓ±¶±¶,300 ~ 600,0.05,1,0.111,25% ~ 30%,0.05,50 ~ 100,0.05,0.24,0.043,450,450,0.275,123.75
2026/08/06,„ш±г∆ч,„ш±г∆чґ„њ”…с∆ч,300 ~ 600,0.1,0.74,-0.063,15% ~ 20%,0.05,10 ~ 50,0.1,0.1,0.111,450,333,0.175,58.275
2026/08/06,„ш±г∆ч,јѕ»Ћ“∆ґѓ„ш±г∆ч,300 ~ 600,0.05,0.77,-0.025,10% ~ 15%,0.3,10 ~ 50,0.35,0.07,0.167,450,346.5,0.125,43.3125
2026/08/06,„ш±г∆ч,ґщЌѓ¬нЌ∞„ш±г∆чƒ–Ќѓ,300 ~ 600,0.1,0.93,0.057,20% ~ 25%,-0.35,50 ~ 100,-0.3,1.79,0.078,450,418.5,0.225,94.1625
2026/08/06,„ш±г∆ч,±¶±¶„ш±г∆ч,150 ~ 300,-0.15,0.97,0.01,20% ~ 25%,0.35,10 ~ 50,0.25,0.05,-0.167,225,218.25,0.225,49.1063
2026/08/06,„ш±г∆ч,јѕƒк»Ћ„ш±г∆ч“ќ„”,150 ~ 300,-0.2,0.76,-0.062,25% ~ 30%,0.55,10 ~ 50,0.4,0.69,-0.169,225,171,0.275,47.025
2026/08/06,„ш±г∆ч,¬нЌ∞‘–ЄЊ„ш±г∆ч,150 ~ 300,0.1,0.88,0.023,10% ~ 15%,-0.45,10 ~ 50,-0.45,0.05,0.25,225,198,0.125,24.75
2026/08/06,„ш±г∆ч,јѕ»Ћ„ш±г∆ч¬нЌ∞“ќ„”Љ“”√,150 ~ 300,-0.1,0.77,-0.072,10% ~ 15%,-0.45,10 ~ 50,-0.55,0.43,-0.065,225,173.25,0.125,21.6562
2026/08/06,„ш±г∆ч,÷«ƒ№¬нЌ∞„ш±г∆ч,150 ~ 300,-0.1,0.59,0.18,1% ~ 2.5%,0,2,0,0.03,0,225,132.75,0.018,2.3895
2026/08/06,„ш±г∆ч,јѕƒк»Ћ„ш±г∆ч“∆ґѓ¬нЌ∞,150 ~ 300,0.2,0.75,-0.096,15% ~ 20%,0.3,10 ~ 50,0.5,0.13,0.182,225,168.75,0.175,29.5312
2026/08/06,„ш±г∆ч,ґщЌѓ¬нЌ∞„ш±г∆ч,150 ~ 300,0.2,0.86,0.117,25% ~ 30%,0.3,10 ~ 50,0.5,0.04,0.333,225,193.5,0.275,53.2125
2026/08/06,„ш±г∆ч,јѕ»Ћ„ш±г∆ч“∆ґѓ¬нЌ∞,150 ~ 300,-0.35,0.76,-0.084,20% ~ 25%,0.3,10 ~ 50,-0.2,0.04,-0.429,225,171,0.225,38.475
2026/08/06,„ш±г∆ч,“∆ґѓ¬нЌ∞„ш±г∆чјѕ»Ћ,150 ~ 300,-0.15,0.79,0.254,15% ~ 20%,0.2,10 ~ 50,0.2,0.04,-0.2,225,177.75,0.175,31.1062
2026/08/06,„ш±г∆ч,≈©іеЇµ≤ё„ш±г∆ч,150 ~ 300,-0.1,0.67,0.031,10% ~ 15%,0.45,10 ~ 50,0.3,0.15,-0.062,225,150.75,0.125,18.8438
2026/08/06,„ш±г∆ч,„ш±г∆чґщЌѓ,150 ~ 300,0.15,0.75,-0.227,20% ~ 25%,-0.1,10 ~ 50,-0.05,0.02,0,225,168.75,0.225,37.9688
2026/08/06,„ш±г∆ч,±г–ѓ љ„ш±г∆ч,150 ~ 300,0.2,0.72,0.091,25% ~ 30%,0.2,10 ~ 50,0.45,0.06,0.2,225,162,0.275,44.55
2026/08/06,„ш±г∆ч,¬нЌ∞„ш±г∆ч,150 ~ 300,0.3,0.67,-0.309,10% ~ 15%,0.05,10 ~ 50,0.25,0,0,225,150.75,0.125,18.8438
2026/08/06,„ш±г∆ч,јѕ»Ћ¬нЌ∞„ш±г∆чњ…“∆ґѓ,150 ~ 300,0.35,0.76,0.013,15% ~ 20%,0.4,10 ~ 50,1.05,0.07,0.167,225,171,0.175,29.925
2026/08/06,„ш±г∆ч,јѕƒк»Ћ¬нЌ∞„ш±г∆чњ…“∆ґѓ,150 ~ 300,-0.1,0.77,0.203,10% ~ 15%,-0.3,10 ~ 50,-0.3,0.19,-0.05,225,173.25,0.125,21.6562
2026/08/06,„ш±г∆ч,¬нЌ∞ґщЌѓ„ш±г∆ч3Ћк“‘…ѕ,50 ~ 150,-0.2,0.88,-0.054,35% ~ 40%,0.95,10 ~ 50,0.55,6.68,-0.183,100,88,0.375,33
2026/08/06,„ш±г∆ч,≥…»Ћ„ш±г∆чЉ“”√,50 ~ 150,0.1,0.76,0.07,15% ~ 20%,-0.1,10 ~ 50,-0.1,0.09,0.125,100,76,0.175,13.3
2026/08/06,„ш±г∆ч,„ш±г∆чµж»¶,50 ~ 150,-0.4,0.73,0.028,40% ~ 45%,0.5,10 ~ 50,-0.2,0.05,-0.286,100,73,0.425,31.025
2026/08/06,„ш±г∆ч, јЉЌ±¶±і„ш±г∆ч,50 ~ 150,0.15,0.88,-0.111,0% ~ 1%,-1.05,0,-1.05,0.5,0.163,100,88,0.005,0.44
2026/08/06,„ш±г∆ч,‘–ЄЊ¬нЌ∞„ш±г∆ч,50 ~ 150,0.1,0.86,0.012,15% ~ 20%,0,10 ~ 50,0,0.02,0,100,86,0.175,15.05
2026/08/06,„ш±г∆ч,Їµ≤ё„ш±г∆ч≈©іе,50 ~ 150,-0.1,0.52,-0.088,7.5% ~ 10%,-0.25,5,-0.2,0.09,0,100,52,0.087,4.524
2026/08/06,„ш±г∆ч,„ш±г∆чЋЃѕд≈дЉю,50 ~ 150,0.05,0.53,-0.264,20% ~ 25%,0.5,10 ~ 50,0.55,0.02,0,100,53,0.225,11.925
2026/08/06,„ш±г∆ч,„ш±г∆ч‘–ЄЊ„®”√,50 ~ 150,-0.1,1.15,0.322,10% ~ 15%,-0.15,10 ~ 50,-0.2,0.27,-0.069,100,115,0.125,14.375
2026/08/06,„ш±г∆ч,ґ„њ”„ш±г∆ч,50 ~ 150,-0.15,0.76,0.086,20% ~ 25%,0.2,10 ~ 50,-0.1,0.01,0,100,76,0.225,17.1
2026/08/06,„ш±г∆ч,Љт“„„ш±г∆ч,50 ~ 150,0.15,0.69,0.095,20% ~ 25%,0.1,10 ~ 50,0.35,0.08,0.143,100,69,0.225,15.525
2026/08/06,„ш±г∆ч,–°ЇҐ¬нЌ∞„ш±г∆ч,50 ~ 150,0,0.74,0.138,20% ~ 25%,0.1,10 ~ 50,0.3,0.04,0,100,74,0.225,16.65
2026/08/06,„ш±г∆ч,„ш±г∆чЉ“”√,50 ~ 150,-0.25,0.56,-0.151,15% ~ 20%,0.5,8,0,0,-1,100,56,0.175,9.8
2026/08/06,„ш±г∆ч,÷«ƒ№¬нЌ∞“їће љ»Ђ„‘ґѓ„ш±г∆ч≥еѕіЇжЄ…,50 ~ 150,0.05,0.53,0.152,0% ~ 1%,0,0,0,2.09,0.045,100,53,0.005,0.265
2026/08/06,„ш±г∆ч,Љт“„¬нЌ∞„ш±г∆чјѕ»Ћ,50 ~ 150,0,0.87,0.243,15% ~ 20%,-0.25,10 ~ 50,-0.2,0.14,0,100,87,0.175,15.225
2026/08/06,„ш±г∆ч,≤°»Ћ¬нЌ∞„ш±г∆ч,50 ~ 150,-0.2,0.85,0.417,15% ~ 20%,-0.15,9,-0.2,0.03,0,100,85,0.175,14.875
2026/08/06,„ш±г∆ч,„ш±г∆ч±¶±¶,50 ~ 150,0.15,0.83,-0.284,20% ~ 25%,0.35,10 ~ 50,0.7,0.02,0,100,83,0.225,18.675
2026/08/06,„ш±г∆ч,≥…»Ћ“∆ґѓ¬нЌ∞„ш±г∆ч,50 ~ 150,0.35,0.82,0.344,15% ~ 20%,-0.15,9,0.15,0.06,0.2,100,82,0.175,14.35
2026/08/06,„ш±г∆ч,„ш±г∆чјѕ»Ћ„®”√,50 ~ 150,0.35,0.75,-0.026,15% ~ 20%,-0.45,9,-0.15,0.11,0.375,100,75,0.175,13.125
2026/08/06,„ш±г∆ч,ґщЌѓ¬нЌ∞„ш±г∆чµж»¶,50 ~ 150,0.35,0.73,-0.284,30% ~ 35%,0.45,10 ~ 50,1.15,0.28,0.333,100,73,0.325,23.725
2026/08/06,„ш±г∆ч,–¬њо„ш±г∆ч,50 ~ 150,-0.1,0.53,-0.117,7.5% ~ 10%,-0.65,3,-0.65,0.04,0,100,53,0.087,4.611
2026/08/06,„ш±г∆ч,‘–ЄЊ„ш±г∆чґ„њ”…с∆ч,50 ~ 150,-0.2,0.86,0.132,15% ~ 20%,0.05,8,-0.15,0.05,-0.167,100,86,0.175,15.05
2026/08/06,„ш±г∆ч,±¶±¶¬нЌ∞„ш±г∆ч≈Ѓ±¶,50 ~ 150,-0.05,1.13,0.066,25% ~ 30%,-0.05,10 ~ 50,0.15,1.11,-0.035,100,113,0.275,31.075
2026/08/06,„ш±г∆ч,„ш±г∆чЈц ÷Љ№јѕ»ЋЉ“”√,50 ~ 150,0.5,0.71,0.224,15% ~ 20%,4.9,8,7.05,0.48,0.5,100,71,0.175,12.425
2026/08/06,„ш±г∆ч,ќј…ъЉд„ш±г∆ч,50 ~ 150,0.1,0.6,0.091,10% ~ 15%,-0.25,4,-0.25,0.01,0,100,60,0.125,7.5
2026/08/06,„ш±г∆ч,јѕ»Ћ„ш±г∆чµЏ“ї√ы,50 ~ 150,0.2,0.67,-0.385,10% ~ 15%,-0.35,5,-0.2,0.01,0,100,67,0.125,8.375
2026/08/06,„ш±г∆ч,ґщЌѓ¬нЌ∞„ш±г∆чƒ–±¶±¶„®”√,50 ~ 150,-0.1,1.06,-0.019,20% ~ 25%,-0.25,10 ~ 50,-0.3,0.06,0,100,106,0.225,23.85
2026/08/06,„ш±г∆ч,±¶±¶„ш±г∆ч≈Ѓ±¶,50 ~ 150,0.15,1.13,0.108,20% ~ 25%,0.25,10 ~ 50,0.55,1.02,0.133,100,113,0.225,25.425
2026/08/06,„ш±г∆ч,Їµ≤ё„ш±г∆ч,50 ~ 150,0.2,0.57,0.425,2.5% ~ 5%,-0.8,1,-0.8,0.05,0.25,100,57,0.037,2.109
2026/08/06,„ш±г∆ч,±¶±¶„ш±г∆ч≈Ѓ±¶,50 ~ 150,0.15,1.13,0.108,20% ~ 25%,0.25,10 ~ 50,0.55,0,-1,100,113,0.225,25.425
2026/08/06,„ш±г∆ч,”§ґщ„ш±г∆ч,50 ~ 150,0.2,0.85,-0.175,25% ~ 30%,-0.15,10 ~ 50,-0.1,0,-1,100,85,0.275,23.375
2026/08/06,„ш±г∆ч,„ш±г∆ч¬нЌ∞Є«,50 ~ 150,-0.2,0.63,-0.267,25% ~ 30%,0.3,10 ~ 50,-0.1,0,-1,100,63,0.275,17.325
2026/08/06,„ш±г∆ч,ґщЌѓ¬нЌ∞„ш±г∆ч6Ћк“‘…ѕ,50 ~ 150,0.15,0.86,0.284,15% ~ 20%,0.25,9,0.55,0,-1,100,86,0.175,15.05
2026/08/06,„ш±г∆ч,Љ“”√јѕ»Ћ„ш±г∆чњ…“∆ґѓ¬нЌ∞ “ƒЏ,50 ~ 150,-0.1,0.9,0.059,10% ~ 15%,-0.45,5,-0.45,0,-1,100,90,0.125,11.25
2026/08/06,„ш±г∆ч,„ш±г∆чµ „”,50 ~ 150,-0.2,0.68,-0.218,15% ~ 20%,-0.1,7,-0.4,0,-1,100,68,0.175,11.9
2026/08/06,„ш±г∆ч,„ш±г∆ч…ѕіҐќпЉ№,50 ~ 150,0.5,0.86,0.117,10% ~ 15%,0.2,6,0.55,0,-1,100,86,0.125,10.75
2026/08/06,„ш±г∆ч,ґщЌѓ„ш±г∆ч¬нЌ∞»¶,50 ~ 150,0.15,0.92,0.211,35% ~ 40%,0.8,10 ~ 50,0.8,0,-1,100,92,0.375,34.5
2026/08/06,„ш±г∆ч,јѕ»Ћ„ш±г∆ч“∆ґѓ¬нЌ∞ѕі‘иЅљ”√,50 ~ 150,0.4,0.82,0.577,10% ~ 15%,0.35,3,0.55,0,-1,100,82,0.125,10.25
2026/08/06,„ш±г∆ч,ґ„±г…ѕµƒ„ш±г∆ч,50 ~ 150,0.25,0.74,0.156,25% ~ 30%,1.75,10 ~ 50,2.35,0,-1,100,74,0.275,20.35
2026/08/06,„ш±г∆ч,¬нЌ∞ѕыґЊ…±Њъ≈зќнќј…ъЉд„ш±г∆ч,50 ~ 150,0.35,0.77,0.203,35% ~ 40%,-0.35,10 ~ 50,-0.1,0,-1,100,77,0.375,28.875
2026/08/06,„ш±г∆ч,Љ“”√¬нЌ∞„ш±г∆ч,50 ~ 150,-0.1,0.77,0.013,10% ~ 15%,0.75,5,0.7,0,0,100,77,0.125,9.625
2026/08/06,„ш±г∆ч,≥…»Ћ“∆ґѓ¬нЌ∞„ш±г∆чіуЇ≈,50 ~ 150,-0.1,0.63,-0.232,5% ~ 7.5%,-0.55,2,-0.65,0,-1,100,63,0.062,3.906
2026/08/06,„ш±г∆ч,Ј≈‘Џ¬нЌ∞…ѕµƒґщЌѓ„ш±г∆ч,50 ~ 150,1.1,0.9,-0.043,30% ~ 35%,0.6,10 ~ 50,3.05,0,-1,100,90,0.325,29.25
2026/08/06,„ш±г∆ч,ґщЌѓ„ш±г∆ч≈ЃЇҐ,50 ~ 150,-0.3,0.99,0.053,20% ~ 25%,-0.3,7,-0.55,0,-1,100,99,0.225,22.275
2026/08/06,„ш±г∆ч,јѕƒк»Ћ„ш±г∆ч,50 ~ 150,0,0.92,0.46,20% ~ 25%,1,7,0.8,0,-1,100,92,0.225,20.7
2026/08/06,„ш±г∆ч,–°ЇҐ„ш±г∆ч,50 ~ 150,0.05,1.1,0.392,30% ~ 35%,1.1,10 ~ 50,1.2,0,-1,100,110,0.325,35.75
2026/08/06,„ш±г∆ч,“∆ґѓ„ш±г∆ч,50 ~ 150,0.1,0.78,0.013,5% ~ 7.5%,-0.8,2,-0.8,0,-1,100,78,0.062,4.836
2026/08/06,„ш±г∆ч,Љ“”√јѕ»Ћ„ш±г∆чњ…“∆ґѓ¬нЌ∞,50 ~ 150,-0.05,0.84,0.077,20% ~ 25%,-0.15,8,0,0,-1,100,84,0.225,18.9
2026/08/06,„ш±г∆ч,Ј≈¬нЌ∞…ѕµƒґщЌѓ„ш±г∆ч,50 ~ 150,0.3,1.18,0.356,15% ~ 20%,-0.35,7,0,0,-1,100,118,0.175,20.65
2026/08/06,„ш±г∆ч,Љ“”√ љ„ш±г∆ч,50 ~ 150,0,0.44,-0.624,15% ~ 20%,-0.35,4,-0.35,0,-1,100,44,0.175,7.7
2026/08/06,„ш±г∆ч,÷«ƒ№„ш±г∆ч,50 ~ 150,0.15,0.71,0.315,5% ~ 7.5%,0,1,0,0,-1,100,71,0.062,4.402
2026/08/06,„ш±г∆ч,±¶±¶ј≠ Ї„ш±г∆ч,50 ~ 150,0.55,0.78,-0.17,25% ~ 30%,-0.25,9,0.15,0,-1,100,78,0.275,21.45
2026/08/06,„ш±г∆ч,і≤…ѕ„ш±г∆ч,50 ~ 150,0.15,0.77,0.167,20% ~ 25%,0.1,6,0,0,-1,100,77,0.225,17.325
2026/08/06,„ш±г∆ч,јѕ»Ћ„ш±г∆ч„ш±г“ќ,50 ~ 150,-0.05,0.65,-0.156,30% ~ 35%,0.25,7,-0.15,0,-1,100,65,0.325,21.125
2026/08/06,„ш±г∆ч,ћµ”џ„ш±г∆ч,50 ~ 150,0.45,0.89,0.127,15% ~ 20%,-0.1,6,0.55,0,-1,100,89,0.175,15.575
2026/08/06,„ш±г∆ч,ґщЌѓґ„њ”„ш±г∆ч,50 ~ 150,-0.15,0.92,-0.107,10% ~ 15%,-0.65,3,-0.75,0,-1,100,92,0.125,11.5
2026/08/06,„ш±г∆ч,јѕƒк»Ћ¬нЌ∞„ш±г∆чњ…“∆ґѓ±г–ѓ љ,50 ~ 150,0.15,0.73,-0.189,15% ~ 20%,-0.25,6,0,0,-1,100,73,0.175,12.775
2026/08/06,„ш±г∆ч,„ш±г∆ч иЌ®…с∆ч,20 ~ 50,-0.1,0.91,-0.188,45% ~ 50%,0.35,10 ~ 50,0.35,0,-1,35,31.85,0.475,15.1288
2026/08/06,„ш±г∆ч,„ш±г∆ч Ѓіу∆Ј≈∆,20 ~ 50,-0.45,0.64,0.016,0% ~ 1%,-1.05,0,-1.05,0,-1,35,22.4,0.005,0.112
2026/08/06,„ш±г∆ч,„ш±г∆ч иЌ®…с∆ч,20 ~ 50,-0.1,0.91,-0.188,45% ~ 50%,0.35,10 ~ 50,0.35,0,-1,35,31.85,0.475,15.1288
2026/08/06,„ш±г∆ч,јѕƒк»Ћ„®”√„ш±г∆ч,20 ~ 50,0.05,0.7,0.129,25% ~ 30%,0.45,6,0.55,0,-1,35,24.5,0.275,6.7375
2026/08/06,„ш±г∆ч,„ш±г∆чµж„”,20 ~ 50,0.15,0.91,0.152,40% ~ 45%,0.35,10 ~ 50,0.4,0,-1,35,31.85,0.425,13.5363
2026/08/06,„ш±г∆ч,ґщЌѓ≤ёЋщ„ш±г∆ч,20 ~ 50,0.1,0.77,-0.061,15% ~ 20%,-0.15,6,0,0,-1,35,26.95,0.175,4.7162
2026/08/06,„ш±г∆ч,±г–ѓ љ„ш±г∆чњ…’џµю,20 ~ 50,-0.25,0.74,-0.129,30% ~ 35%,0.35,10 ~ 50,0.15,0,-1,35,25.9,0.325,8.4175
2026/08/06,„ш±г∆ч,„ш±г∆чµ„≤њ√№ЈвљЇ,20 ~ 50,-0.4,1,0.031,30% ~ 35%,0.45,9,-0.15,0,-1,35,35,0.325,11.375
2026/08/06,„ш±г∆ч,≈Ѓ њ„ш±г∆ч,20 ~ 50,0.05,0.63,0.068,10% ~ 15%,-0.2,3,-0.3,0,-1,35,22.05,0.125,2.7563
2026/08/06,„ш±г∆ч,¬÷“ќ„ш±г∆ч,20 ~ 50,0.55,0.73,0.058,20% ~ 25%,2.2,4,3.05,0,-1,35,25.55,0.225,5.7488
2026/08/06,„ш±г∆ч,Љт“„¬нЌ∞„ш±г∆ч,20 ~ 50,-0.15,0.74,-0.039,5% ~ 7.5%,-0.7,2,-0.8,0,-1,35,25.9,0.062,1.6058
2026/08/06,„ш±г∆ч,–°ЇҐ„”¬нЌ∞„ш±г∆ч,20 ~ 50,-0.35,0.76,-0.106,20% ~ 25%,-0.35,5,-0.6,0,-1,35,26.6,0.225,5.985
2026/08/06,„ш±г∆ч,Љ“”√„ш±г∆ч,20 ~ 50,-0.2,0.81,0.174,25% ~ 30%,3.05,8,3.05,0,0,35,28.35,0.275,7.7963
2026/08/06,„ш±г∆ч,»Ђ„‘ґѓ÷«ƒ№„ш±г∆ч,20 ~ 50,0,0.48,0.021,10% ~ 15%,0,2,0,0.01,0,35,16.8,0.125,2.1
2026/08/06,„ш±г∆ч,јѕƒк»Ћі≤±я„ш±г∆ч,20 ~ 50,0.15,0.84,-0.349,10% ~ 15%,-0.75,3,-0.65,0.17,0.062,35,29.4,0.125,3.675
2026/08/06,„ш±г∆ч,’џµю„ш±г∆ч,20 ~ 50,-0.2,0.93,0.107,30% ~ 35%,0.3,9,-0.15,0.01,0,35,32.55,0.325,10.5788
2026/08/06,„ш±г∆ч,¬нЌ∞„ш±г∆чµ„≤њєћґ®љЇ,20 ~ 50,0.1,1.21,0.862,25% ~ 30%,0.05,6,0,0.16,0.067,35,42.35,0.275,11.6463
2026/08/06,„ш±г∆ч,ґщЌѓ„ш±г∆чƒ–±¶,20 ~ 50,-0.25,0.68,-0.15,15% ~ 20%,0.15,5,0,0.1,-0.167,35,23.8,0.175,4.165
2026/08/06,„ш±г∆ч,јѕ»Ћ„ш±г∆ч¬нЌ∞“ќ,20 ~ 50,0.15,0.76,-0.062,20% ~ 25%,-0.35,5,-0.3,0.01,0,35,26.6,0.225,5.985
2026/08/06,„ш±г∆ч,”¶Љ±„ш±г∆ч,20 ~ 50,0.15,0.46,0.484,5% ~ 7.5%,0,1,0,0.1,0.111,35,16.1,0.062,0.9982
2026/08/06,„ш±г∆ч,ґ„≤ё„ш±г∆чґщЌѓ,20 ~ 50,-0.3,0.69,0.232,2.5% ~ 5%,-0.7,1,-0.85,0.04,-0.2,35,24.15,0.037,0.8935
2026/08/06,„ш±г∆ч,„ш±г∆чЈ®јЉ√№Јв»¶,20 ~ 50,-0.3,0.72,-0.133,25% ~ 30%,-0.1,8,-0.25,0.02,-0.333,35,25.2,0.275,6.93
2026/08/06,„ш±г∆ч,Ћ№Ѕѕ¬нЌ∞„ш±г∆ч≥…»Ћ,20 ~ 50,0,0.6,-0.294,10% ~ 15%,-0.6,3,-0.6,0.21,0,35,21,0.125,2.625
2026/08/06,„ш±г∆ч,”§ґщ¬нЌ∞„ш±г∆ч≈Ѓ±¶±¶,20 ~ 50,-0.05,0.8,-0.316,20% ~ 25%,1.05,7,1.35,0.07,0,35,28,0.225,6.3
2026/08/06,„ш±г∆ч,„ш±г∆чЈ®јЉ√№Јв»¶,20 ~ 50,-0.3,0.72,-0.133,25% ~ 30%,-0.1,8,-0.25,0.02,-0.333,35,25.2,0.275,6.93
2026/08/06,„ш±г∆ч,”„ґщ¬нЌ∞„ш±г∆ч≈Ѓ,20 ~ 50,0.2,0.99,0.088,15% ~ 20%,-0.4,5,-0.4,0.03,0.5,35,34.65,0.175,6.0637
2026/08/06,„ш±г∆ч,јѕ»Ћ„ш±г∆ч¬нЌ∞“ќ„”Љ“”√≈©іејќєћ–Ќ,20 ~ 50,-0.25,0.62,-0.319,10% ~ 15%,-0.45,3,-0.65,4.75,-0.208,35,21.7,0.125,2.7125
2026/08/06,„ш±г∆ч,¬÷“ќіш„ш±г∆ч,20 ~ 50,-0.3,0.95,0.218,15% ~ 20%,-0.3,5,-0.3,0.04,-0.333,35,33.25,0.175,5.8187
2026/08/06,„ш±г∆ч,“їіќ–‘¬нЌ∞„ш±г∆ч,20 ~ 50,-0.25,0.54,-0.308,20% ~ 25%,-0.25,4,-0.45,0.02,0,35,18.9,0.225,4.2525
2026/08/06,„ш±г∆ч,„ш±г∆ч≥еЋЃ∞і≈•,20 ~ 50,0.35,0.95,1.111,40% ~ 45%,-0.2,9,0.3,0.01,0,35,33.25,0.425,14.1312
2026/08/06,„ш±г∆ч,–°≈у”—¬нЌ∞„ш±г∆ч,20 ~ 50,-0.1,0.88,0.114,10% ~ 15%,0.2,3,0,0.75,-0.074,35,30.8,0.125,3.85
2026/08/06,„ш±г∆ч,„ш±г∆ч“їіќ–‘ћ„,20 ~ 50,0.45,1.22,0.052,45% ~ 50%,0.35,10 ~ 50,1.05,0.03,0.5,35,42.7,0.475,20.2825
2026/08/06,„ш±г∆ч,–°ґщ¬нЌ∞„ш±г∆ч,20 ~ 50,0.6,0.9,-0.404,15% ~ 20%,-0.2,5,0.3,0.6,0.579,35,31.5,0.175,5.5125
2026/08/06,„ш±г∆ч,–°≈у”—¬нЌ∞„ш±г∆ч,20 ~ 50,-0.1,0.88,0.114,10% ~ 15%,0.2,3,0,0.75,-0.074,35,30.8,0.125,3.85
2026/08/06,„ш±г∆ч,Њ≈ƒЅіу≥еЅ¶„ш±г∆ч,20 ~ 50,-0.55,0.03,-0.8,0% ~ 1%,-1.05,0,-1.05,0.11,-0.522,35,1.05,0.005,0.0053
2026/08/06,„ш±г∆ч,ґщЌѓіу¬нЌ∞„ш±г∆ч,20 ~ 50,0.15,0.65,-0.145,25% ~ 30%,0.2,6,0.25,0.03,0,35,22.75,0.275,6.2563
2026/08/06,„ш±г∆ч,≤ёЋщ„ш±г∆ч,20 ~ 50,0.2,0.95,0.301,5% ~ 7.5%,-0.65,1,-0.55,0,0,35,33.25,0.062,2.0615
2026/08/06,„ш±г∆ч,¬нЌ∞„ш±г∆чѕі∆®є…,20 ~ 50,-0.15,0.69,-0.266,35% ~ 40%,-0.2,5,-0.4,0.16,-0.158,35,24.15,0.375,9.0562
2026/08/06,„ш±г∆ч,≤ёЋщґ„њ”„ш±г∆ч,20 ~ 50,0.15,0.56,-0.398,10% ~ 15%,-0.7,2,-0.75,0.01,0,35,19.6,0.125,2.45
2026/08/06,„ш±г∆ч,±г–ѓ„ш±г∆ч,20 ~ 50,0.4,0.38,0.056,10% ~ 15%,-0.2,2,1.05,0.01,0,35,13.3,0.125,1.6625
2026/08/06,„ш±г∆ч,±г≈и„ш±г∆ч,20 ~ 50,-0.4,0.54,-0.069,10% ~ 15%,-0.15,2,-0.55,0,0,35,18.9,0.125,2.3625
2026/08/06,„ш±г∆ч,”§ґщ„ш±г∆ч≈Ѓ±¶±¶,20 ~ 50,0.3,1.12,-0.074,25% ~ 30%,0.15,6,0.25,0.06,0.5,35,39.2,0.275,10.78
2026/08/06,„ш±г∆ч,ґщЌѓ–°„ш±г∆ч,20 ~ 50,1.15,0.34,-0.667,10% ~ 15%,-0.7,1,-0.55,0.01,0,35,11.9,0.125,1.4875
2026/08/06,„ш±г∆ч,±¶±¶¬нЌ∞„ш±г∆ч¬•ћЁ,20 ~ 50,-0.3,0.81,0.174,30% ~ 35%,0.2,6,0,0.08,-0.2,35,28.35,0.325,9.2138
2026/08/06,„ш±г∆ч,јѕƒк»ЋЉ“”√„ш±г∆ч,20 ~ 50,0.15,0.82,-0.401,20% ~ 25%,-0.3,4,-0.25,0.02,0,35,28.7,0.225,6.4575
2026/08/06,„ш±г∆ч,¬нЌ∞„ш±г∆чґщЌѓ¬•ћЁ љ,20 ~ 50,-0.25,0.94,-0.229,25% ~ 30%,-0.3,6,-0.3,0.09,-0.25,35,32.9,0.275,9.0475
2026/08/06,„ш±г∆ч,јѕ»Ћ„ш±г∆ч¬нЌ∞“∆ґѓ,20 ~ 50,0.85,1.09,0.535,20% ~ 25%,2.35,5,4.05,0.01,0,35,38.15,0.225,8.5838
2026/08/06,„ш±г∆ч,„ш±г∆чјѕ»ЋЉ“”√љб µ,20 ~ 50,-0.1,0.98,0.167,20% ~ 25%,-0.5,4,-0.6,0.05,0,35,34.3,0.225,7.7175
2026/08/06,„ш±г∆ч,„ш±г∆чЋЃѕдљшЋЃЈІ,20 ~ 50,1.1,0.95,0.301,30% ~ 35%,0.95,8,3.05,0.01,0,35,33.25,0.325,10.8063
2026/08/06,„ш±г∆ч,Њ≈ƒЅ„ш±г∆ч,20 ~ 50,0.15,1.39,1.527,0% ~ 1%,-1.05,0,-1.05,0.01,0,35,48.65,0.005,0.2432
2026/08/06,„ш±г∆ч, јЉЌ±¶±іЈ¬’ж„ш±г∆ч,20 ~ 50,0.9,1.27,1.54,0% ~ 1%,0,0,0,2.14,0.877,35,44.45,0.005,0.2223
2026/08/06,„ш±г∆ч,ј≠ Ї„ш±г∆ч,20 ~ 50,0.4,0.59,-0.119,20% ~ 25%,1.15,4,3.05,0.03,0.5,35,20.65,0.225,4.6463
2026/08/06,„ш±г∆ч,–°ЇҐ¬нЌ∞„ш±г∆чƒ–±¶±¶,20 ~ 50,0.8,0.89,-0.119,45% ~ 50%,1,9,2.05,0.02,1,35,31.15,0.475,14.7963
2026/08/06,„ш±г∆ч, јЉЌ±¶±іЈ¬’ж„ш±г∆ч,20 ~ 50,0.9,1.27,1.54,0% ~ 1%,0,0,0,2.14,0.877,35,44.45,0.005,0.2223
2026/08/06,„ш±г∆ч,Љ“”√ќј…ъЉд„ш±г∆ч,20 ~ 50,-0.15,1.05,1.019,7.5% ~ 10%,-0.25,1,-0.55,0.01,0,35,36.75,0.087,3.1972
2026/08/06,„ш±г∆ч,ґщЌѓ±г≈и„ш±г∆ч,20 ~ 50,-0.15,0.7,0.029,25% ~ 30%,0.1,5,0,0,0,35,24.5,0.275,6.7375
2026/08/06,„ш±г∆ч,јѕ»Ћ„ш±г∆чЈц ÷,20 ~ 50,-0.1,0.74,0.213,10% ~ 15%,-0.2,2,0,0.03,0,35,25.9,0.125,3.2375
2026/08/06,„ш±г∆ч,±¶±¶„ш±г∆ч¬нЌ∞»¶,20 ~ 50,-0.1,1.04,0.156,40% ~ 45%,1.2,7,0.8,0.02,0,35,36.4,0.425,15.47
2026/08/06,„ш±г∆ч,іш„ш±г∆чµƒ¬÷“ќ,20 ~ 50,-0.15,0.52,-0.235,7.5% ~ 10%,0.45,2,1.05,0.03,0,35,18.2,0.087,1.5834
2026/08/06,„ш±г∆ч,ƒ–±¶±¶„ш±г∆ч,20 ~ 50,0.45,1.13,0.087,25% ~ 30%,-0.3,6,0.25,0.01,0,35,39.55,0.275,10.8763
2026/08/06,„ш±г∆ч,Ѕў ±„ш±г∆ч,20 ~ 50,-0.3,0.5,-0.091,15% ~ 20%,0,2,0,0.05,-0.286,35,17.5,0.175,3.0625
2026/08/06,„ш±г∆ч,“їіќ–‘„ш±г∆ч,20 ~ 50,0.7,0.31,-0.184,10% ~ 15%,0,1,0,0.01,0,35,10.85,0.125,1.3562
2026/08/06,„ш±г∆ч,јѕ»Ћ„ш±г∆ч“∆ґѓ¬нЌ∞¬÷“ќ,20 ~ 50,0.9,0.82,0.491,15% ~ 20%,0,3,0,0,-1,35,28.7,0.175,5.0225
2026/08/06,„ш±г∆ч,„ш±г∆ч¬нЌ∞»¶,20 ~ 50,0.45,0.73,-0.392,40% ~ 45%,0.15,6,0.25,0,0,35,25.55,0.425,10.8588
2026/08/06,„ш±г∆ч,„ш±г∆ч≈дЉю,20 ~ 50,0.25,1.04,0.209,25% ~ 30%,-0.5,4,-0.35,0,0,35,36.4,0.275,10.01
2026/08/06,„ш±г∆ч,„ш±г∆ч¬нЌ∞≈дЉю,20 ~ 50,-0.15,0.89,0.011,30% ~ 35%,1.7,5,1.55,0,0,35,31.15,0.325,10.1238
2026/08/06,„ш±г∆ч,јѕ»ЋЉ“”√„ш±г∆ч,20 ~ 50,-0.1,1.04,0.733,10% ~ 15%,-0.4,2,-0.35,0,-1,35,36.4,0.125,4.55
2026/08/06,„ш±г∆ч,јѕ»Ћ„ш±г∆чіу±гµ ,20 ~ 50,-0.6,0.95,0.418,45% ~ 50%,2.05,6,0,0,-1,35,33.25,0.475,15.7937
2026/08/06,„ш±г∆ч,јѕƒк»Ћ¬нЌ∞„ш±г∆чњ…“∆ґѓіуЇ≈,20 ~ 50,0.2,0.65,0.048,10% ~ 15%,0,2,0,0,-1,35,22.75,0.125,2.8438
2026/08/06,„ш±г∆ч,і≤±я„ш±г∆ч,20 ~ 50,0.4,1.12,-0.111,10% ~ 15%,-0.55,2,-0.35,0,-1,35,39.2,0.125,4.9
2026/08/06,„ш±г∆ч,„ш±г∆ч„шµж,20 ~ 50,-0.3,1.15,0.139,65% ~ 70%,0.65,9,0,0,-1,35,40.25,0.675,27.1688
2026/08/06,„ш±г∆ч,“∆ґѓ¬нЌ∞„ш±г∆чјѕ»ЋЈјїђЈј≥ф,20 ~ 50,1.3,0.91,0.896,0% ~ 1%,0,0,0,0,-1,35,31.85,0.005,0.1593
2026/08/06,„ш±г∆ч,ґщЌѓј≠ Ї„ш±г∆ч,20 ~ 50,0.95,0.9,0.25,25% ~ 30%,1.3,4,3.05,0,-1,35,31.5,0.275,8.6625
2026/08/06,„ш±г∆ч,і≤±я„ш±г∆ч,20 ~ 50,0.4,1.12,-0.111,10% ~ 15%,-0.55,2,-0.35,0,-1,35,39.2,0.125,4.9
2026/08/06,„ш±г∆ч,ґ„њ”„ш±г∆чґщЌѓ,20 ~ 50,0.2,0.74,-0.274,0% ~ 1%,0,0,0,0,-1,35,25.9,0.005,0.1295
2026/08/06,„ш±г∆ч,“∆ґѓ¬нЌ∞„ш±г∆чјѕ»ЋЈјїђЈј≥ф,20 ~ 50,1.3,0.91,0.896,0% ~ 1%,0,0,0,0,-1,35,31.85,0.005,0.1593
2026/08/06,„ш±г∆ч,¬нЌ∞‘цЄя„ш±г∆ч,20 ~ 50,0.65,0.83,-0.245,45% ~ 50%,0.1,7,0.8,0,-1,35,29.05,0.475,13.7987
2026/08/06,„ш±г∆ч,„ш±г∆ч«еѕі…с∆ч,20 ~ 50,0.45,1.02,0.569,45% ~ 50%,-0.35,5,0.3,0,-1,35,35.7,0.475,16.9575
2026/08/06,„ш±г∆ч,ќј…ъЉд„ш±г∆ч…ѕµƒ÷√ќпЉ№,20 ~ 50,0.45,0.79,-0.194,5% ~ 7.5%,-0.25,1,0,0,-1,35,27.65,0.062,1.7143
2026/08/06,„ш±г∆ч,¬÷“ќћ±їЊјѕ»Ћ„®”√іш„ш±г∆чњ…ѕі‘и,20 ~ 50,0.3,0.79,-0.269,5% ~ 7.5%,-0.55,1,-0.55,0,-1,35,27.65,0.062,1.7143
2026/08/06,„ш±г∆ч,≥…»Ћ„ш±г∆ч,20 ~ 50,0.1,0.54,-0.63,7.5% ~ 10%,-0.65,1,-0.55,0,-1,35,18.9,0.087,1.6443
2026/08/06,„ш±г∆ч,„ш±г∆ч–°їІ–Ќ,20 ~ 50,0.2,0.75,0.531,0% ~ 1%,0,0,0,0,-1,35,26.25,0.005,0.1313
2026/08/06,„ш±г∆ч,„ш±г∆ч–°їІ–Ќ,20 ~ 50,0.2,0.75,0.531,0% ~ 1%,0,0,0,0,-1,35,26.25,0.005,0.1313
2026/08/06,„ш±г∆ч,іу±г„ш±г∆ч,20 ~ 50,0.1,0.65,-0.343,0% ~ 1%,-1.05,0,-1.05,0,0,35,22.75,0.005,0.1138
2026/08/06,„ш±г∆ч,ґ„њ”Єƒ„ш±г∆ч,20 ~ 50,0.2,0.9,0.406,0% ~ 1%,-1.05,0,-1.05,0,0,35,31.5,0.005,0.1575
2026/08/06,„ш±г∆ч,њ…“∆ґѓ¬нЌ∞јѕ»Ћ„ш±г∆ч,20 ~ 50,-0.55,0.8,0.013,7.5% ~ 10%,-0.65,1,-0.9,0,-1,35,28,0.087,2.436
2026/08/06,„ш±г∆ч,Њ≈ƒЅЌх„ш±г∆ч,20 ~ 50,0,0.81,0.025,0% ~ 1%,-1.05,0,-1.05,0,-1,35,28.35,0.005,0.1418
2026/08/06,„ш±г∆ч,јѕ»Ћ”√„ш±г∆ч,20 ~ 50,-0.4,0.87,-0.022,35% ~ 40%,0.55,5,0,0,-1,35,30.45,0.375,11.4187
2026/08/06,„ш±г∆ч,≥…»Ћ„ш±г∆ч,20 ~ 50,0.1,0.54,-0.63,7.5% ~ 10%,-0.65,1,-0.55,0,-1,35,18.9,0.087,1.6443
2026/08/06,„ш±г∆ч,„‘ґѓ„ш±г∆ч,20 ~ 50,0.25,0.23,-0.425,0% ~ 1%,0,0,0,0,0,35,8.05,0.005,0.0403
2026/08/06,„ш±г∆ч,Ћ№Ѕѕ„ш±г∆ч,20 ~ 50,1.25,0.7,0.045,25% ~ 30%,0.15,4,3.05,0,-1,35,24.5,0.275,6.7375
2026/08/06,„ш±г∆ч,ќёЋЃ„ш±г∆ч,20 ~ 50,0,0.04,-0.714,0% ~ 1%,0,0,0,0,-1,35,1.4,0.005,0.007
2026/08/06,„ш±г∆ч,„ш±г∆чњ…’џµю,20 ~ 50,-0.05,1.01,0.53,35% ~ 40%,1.95,7,2.55,0,-1,35,35.35,0.375,13.2563
2026/08/06,„ш±г∆ч,„ш±г∆чµ„≤њ√№Јв»¶,20 ~ 50,0.6,0.67,-0.264,45% ~ 50%,0.4,5,1.55,0,-1,35,23.45,0.475,11.1388
2026/08/06,„ш±г∆ч,јѕ»Ћ„ш±г∆ч“∆ґѓ¬нЌ∞љб µ,20 ~ 50,-0.1,0.97,-0.093,15% ~ 20%,-0.65,2,-0.8,0,-1,35,33.95,0.175,5.9412
2026/08/06,„ш±г∆ч,Љ“”√Љт“„„ш±г∆ч,20 ~ 50,1.35,0.64,-0.229,20% ~ 25%,0,2,0,0,-1,35,22.4,0.225,5.04
2026/08/06,„ш±г∆ч,Љ“”√јѕ»Ћі≤±я„ш±г∆ч,20 ~ 50,-0.05,1.46,0.46,15% ~ 20%,-0.6,2,-0.7,0,-1,35,51.1,0.175,8.9425
2026/08/06,„ш±г∆ч,„щ“ќ љ„ш±г∆ч,20 ~ 50,0.35,0.7,0.273,7.5% ~ 10%,-0.85,1,-0.7,0,-1,35,24.5,0.087,2.1315
2026/08/06,„ш±г∆ч,„ш±г∆чґ„њ”…с∆чњ…’џµю,20 ~ 50,0,1.01,0.384,10% ~ 15%,0,1,0,0,-1,35,35.35,0.125,4.4188
2026/08/06,„ш±г∆ч, јЉЌ±¶±іЈ¬’ж„ш±г∆чpvcњо,20 ~ 50,0.35,1.13,1.974,0% ~ 1%,0,0,0,0,-1,35,39.55,0.005,0.1977
2026/08/06,„ш±г∆ч,јѕ»Ћ„ш±г∆ч»нµж,20 ~ 50,0.7,0.89,-0.288,35% ~ 40%,0.55,5,1.55,0,-1,35,31.15,0.375,11.6813
2026/08/06,„ш±г∆ч,≈©іеЇµ≤ё„®”√„ш±г∆ч,20 ~ 50,-0.15,0.62,0.409,20% ~ 25%,0,2,0,0,-1,35,21.7,0.225,4.8825
2026/08/06,„ш±г∆ч,¬нЌ∞ґщЌѓ„ш±г∆ч3Ћк“‘…ѕЉ”іу–ЌЇ≈,20 ~ 50,0.55,1.13,-0.467,10% ~ 15%,-0.6,2,-0.35,0,-1,35,39.55,0.125,4.9437
2026/08/06,„ш±г∆ч,Ј≈‘Џґ„±г…ѕµƒ„ш±г∆ч,20 ~ 50,0.1,0.97,0.865,15% ~ 20%,1.05,2,1.05,0,-1,35,33.95,0.175,5.9412
2026/08/06,„ш±г∆ч,„ш±г∆ч¬нЌ∞Љ“”√µжЋƒЉЊ,20 ~ 50,-0.4,1.17,0.083,50% ~ 55%,0.25,8,-0.25,0,-1,35,40.95,0.525,21.4987
2026/08/06,„ш±г∆ч,јѕ»Ћ„ш±г∆ч»нµж,20 ~ 50,0.7,0.89,-0.288,35% ~ 40%,0.55,5,1.55,0,-1,35,31.15,0.375,11.6813
2026/08/06,„ш±г∆ч,јѕ»Ћ„ш±г∆ч“∆ґѓ¬нЌ∞јђїшіь,20 ~ 50,-0.15,0.74,0.104,50% ~ 55%,0.2,9,0.15,0,-1,35,25.9,0.525,13.5975
2026/08/06,„ш±г∆ч,‘–ЄЊ¬нЌ∞„ш±г∆чњ…“∆ґѓ,20 ~ 50,-0.15,0.88,0.313,15% ~ 20%,1.2,2,1.05,0,-1,35,30.8,0.175,5.39
2026/08/06,„ш±г∆ч,ґ„ љ„ш±г∆ч,20 ~ 50,0.7,0.72,-0.234,10% ~ 15%,0,1,0,0,-1,35,25.2,0.125,3.15
2026/08/06,„ш±г∆ч,≤–Љ≤»Ћ¬нЌ∞„ш±г∆ч,20 ~ 50,-0.4,0.99,-0.108,30% ~ 35%,1.35,4,1.05,0,-1,35,34.65,0.325,11.2613
2026/08/06,„ш±г∆ч,≤°»Ћ”√µƒ„ш±г∆ч,20 ~ 50,0.7,0.54,-0.495,0% ~ 1%,-1.05,0,-1.05,0,0,35,18.9,0.005,0.0945
2026/08/06,„ш±г∆ч,≈©іеЇµ≤ё„®”√„ш±г∆ч,20 ~ 50,-0.15,0.62,0.409,20% ~ 25%,0,2,0,0,-1,35,21.7,0.225,4.8825
2026/08/06,„ш±г∆ч,јѕ»Ћ„ш±г∆ч»нµж,20 ~ 50,0.7,0.89,-0.288,35% ~ 40%,0.55,5,1.55,0,-1,35,31.15,0.375,11.6813
2026/08/06,„ш±г∆ч,„ш±г∆ч¬нЌ∞Љ“”√µжЋƒЉЊ,20 ~ 50,-0.4,1.17,0.083,50% ~ 55%,0.25,8,-0.25,0,-1,35,40.95,0.525,21.4987
2026/08/06,„ш±г∆ч,„ш±г∆чЉ“”√јѕ»Ћ,0 ~ 20,-0.4,0.63,0.235,15% ~ 20%,-0.2,2,-0.35,0,-1,10,6.3,0.175,1.1025
2026/08/06,„ш±г∆ч,јѕ»Ћґ„њ”„ш±г∆ч,0 ~ 20,-0.45,0.54,-0.206,20% ~ 25%,1.25,2,0,0,-1,10,5.4,0.225,1.215
2026/08/06,„ш±г∆ч,њ…’џµю„ш±г∆ч,0 ~ 20,-0.5,0.83,0.509,10% ~ 15%,1.45,2,1.05,0,-1,10,8.3,0.125,1.0375
2026/08/06,„ш±г∆ч,÷«ƒ№¬нЌ∞„ш±г∆ч»Ђ„‘ґѓ,0 ~ 20,0.1,0.2,-0.13,0% ~ 1%,0,0,0,0,-1,10,2,0.005,0.01
2026/08/06,„ш±г∆ч,„ш±г∆чЈјЈіЋЃƒж÷єЈІ,0 ~ 20,-0.35,0.72,-0.1,15% ~ 20%,1.4,2,1.05,0,-1,10,7.2,0.175,1.26
2026/08/06,„ш±г∆ч,„ш±г∆ч≈≈ЋЃЈІ≈дЉю,0 ~ 20,0.4,0.59,0.073,20% ~ 25%,-0.25,2,0,0,0,10,5.9,0.225,1.3275
2026/08/06,„ш±г∆ч,„ш±г∆чЈц ÷,0 ~ 20,-0.1,0.84,-0.207,10% ~ 15%,1.45,2,1.05,0,-1,10,8.4,0.125,1.05
2026/08/06,„ш±г∆ч,јѕƒк»Ћ¬нЌ∞„ш±г∆чњ…“∆ґѓ∆мљҐµк,0 ~ 20,-0.1,1.51,0.678,0% ~ 1%,-1.05,0,-1.05,0,-1,10,15.1,0.005,0.0755
2026/08/06,„ш±г∆ч,јѕ»Ћ„ш±г∆ч“∆ґѓ¬нЌ∞ЈјїђЈј≥ф,0 ~ 20,-0.4,0.96,0.455,15% ~ 20%,0.3,2,0,0,-1,10,9.6,0.175,1.68
2026/08/06,„ш±г∆ч,∆’Ќ®„ш±г∆ч,0 ~ 20,-0.15,0.36,-0.698,0% ~ 1%,0,0,0,0,-1,10,3.6,0.005,0.018
2026/08/06,„ш±г∆ч,≈©іеЇµ≤ё„ш±г∆чЈј≥ф∆ч,0 ~ 20,-0.2,0.73,0.237,7.5% ~ 10%,-0.5,1,0,0,-1,10,7.3,0.087,0.6351
2026/08/06,„ш±г∆ч,„ш±г∆чЈјЈіЋЃƒж÷єЈІ,0 ~ 20,-0.35,0.72,-0.1,15% ~ 20%,1.4,2,1.05,0,-1,10,7.2,0.175,1.26
2026/08/06,„ш±г∆ч,„ш±г∆ч≈≈ЋЃЈІ≈дЉю,0 ~ 20,0.4,0.59,0.073,20% ~ 25%,-0.25,2,0,0,0,10,5.9,0.225,1.3275
2026/08/06,„ш±г∆ч,јѕ»ЋЉт“„„ш±г∆ч,0 ~ 20,-0.1,1.05,0.061,35% ~ 40%,2.95,5,4.05,0,-1,10,10.5,0.375,3.9375
2026/08/06,„ш±г∆ч,¬нЌ∞„ш±г∆ч≥…»Ћ,0 ~ 20,0,0.4,-0.494,25% ~ 30%,1.9,2,1.05,0,-1,10,4,0.275,1.1
2026/08/06,„ш±г∆ч,±¶±¶±г≈и„ш±г∆ч,0 ~ 20,0.55,1.6,1.54,35% ~ 40%,1.9,5,4.05,0,0,10,16,0.375,6
2026/08/06,„ш±г∆ч,toto„ш±г∆ч,0 ~ 20,0.55,0.57,1.591,0% ~ 1%,0,0,0,0,0,10,5.7,0.005,0.0285
2026/08/06,„ш±г∆ч,‘–ЄЊ±г–ѓ„ш±г∆ч,0 ~ 20,-0.2,1.7,0.259,30% ~ 35%,-0.25,4,-0.25,0,-1,10,17,0.325,5.525
2026/08/06,„ш±г∆ч,µ „”„ш±г∆ч,0 ~ 20,0,0.42,-0.604,7.5% ~ 10%,-0.6,1,-0.55,0,-1,10,4.2,0.087,0.3654
2026/08/06,„ш±г∆ч,”„ґщ„ш±г∆ч,0 ~ 20,-0.35,0.83,-0.461,15% ~ 20%,-0.55,2,-0.65,0,-1,10,8.3,0.175,1.4525
2026/08/06,„ш±г∆ч,ґ„≤ёЄƒ„ш±г∆ч,0 ~ 20,-0.2,0.6,0.277,25% ~ 30%,0.55,3,0.55,0,0,10,6,0.275,1.65
2026/08/06,„ш±г∆ч,јѕ»Ћ„ш±г∆чЉ”Єя,0 ~ 20,0.55,0.99,-0.075,20% ~ 25%,0,3,0,0,-1,10,9.9,0.225,2.2275
2026/08/06,„ш±г∆ч,–°±¶±¶¬нЌ∞„ш±г∆ч,0 ~ 20,0.35,0.63,-0.37,7.5% ~ 10%,-0.9,1,-0.85,0,0,10,6.3,0.087,0.5481
2026/08/06,„ш±г∆ч,≤–Љ≤»Ћ„®”√„ш±г∆ч,0 ~ 20,0,0.6,-0.062,10% ~ 15%,-0.45,1,-0.55,0,-1,10,6,0.125,0.75
2026/08/06,„ш±г∆ч,„ш±г∆ч“їіќ–‘„шµж,0 ~ 20,1.15,0.89,-0.529,20% ~ 25%,-0.6,2,0,0,-1,10,8.9,0.225,2.0025
2026/08/06,„ш±г∆ч,–°їІ–Ќ„ш±г∆ч,0 ~ 20,0.1,0.76,-0.038,0% ~ 1%,0,0,0,0,-1,10,7.6,0.005,0.038
2026/08/06,„ш±г∆ч,„ш±г∆чљ≈≤»µ ,0 ~ 20,-0.3,0.49,-0.269,0% ~ 1%,-1.05,0,-1.05,0,-1,10,4.9,0.005,0.0245
2026/08/06,„ш±г∆ч,јѕƒк»ЋЉ“Ќ•„ш±г∆чљб µƒЌ”√Јј≥ф,0 ~ 20,0.75,0.75,-0.085,25% ~ 30%,1.15,4,3.05,0,0,10,7.5,0.275,2.0625
2026/08/06,„ш±г∆ч,њ…“∆ґѓјѕƒк„ш±г∆ч,0 ~ 20,0,1.24,0.159,45% ~ 50%,1.3,5,1.55,0,-1,10,12.4,0.475,5.89
2026/08/06,„ш±г∆ч,–°±¶±¶¬нЌ∞„ш±г∆ч,0 ~ 20,0.35,0.63,-0.37,7.5% ~ 10%,-0.9,1,-0.85,0,0,10,6.3,0.087,0.5481
2026/08/06,„ш±г∆ч,јѕƒк»Ћґ„њ”„ш±г∆ч,0 ~ 20,-0.15,0.68,-0.419,10% ~ 15%,-0.75,1,-0.8,0,-1,10,6.8,0.125,0.85
2026/08/06,„ш±г∆ч,„ш±г∆чљ≈≤»µ ,0 ~ 20,-0.3,0.49,-0.269,0% ~ 1%,-1.05,0,-1.05,0,-1,10,4.9,0.005,0.0245
2026/08/06,„ш±г∆ч,„ш±г∆чћ„,0 ~ 20,-0.25,0.67,0.031,65% ~ 70%,1.25,6,1.05,0,0,10,6.7,0.675,4.5225
2026/08/06,„ш±г∆ч,Їзќь љ„ш±г∆ч,0 ~ 20,-0.45,0.49,-0.183,0% ~ 1%,-1.05,0,-1.05,0,0,10,4.9,0.005,0.0245
2026/08/06,„ш±г∆ч,„ш±г∆ч÷«ƒ№,0 ~ 20,0,0.77,-0.072,0% ~ 1%,0,0,0,0,0,10,7.7,0.005,0.0385
2026/08/06,„ш±г∆ч,“їіќ–‘„ш±г∆чћ„,0 ~ 20,-0.15,1.15,0.554,60% ~ 65%,0.1,7,0,0,-1,10,11.5,0.625,7.1875
2026/08/06,„ш±г∆ч,”§ґщ„ш±г∆чƒ–±¶±¶,0 ~ 20,-0.4,0.96,0.091,10% ~ 15%,-0.7,1,-0.9,0,-1,10,9.6,0.125,1.2
2026/08/06,„ш±г∆ч,“ќ„”„ш±г∆ч,0 ~ 20,0,0.61,-0.218,10% ~ 15%,0,1,0,0,-1,10,6.1,0.125,0.7625
2026/08/06,„ш±г∆ч,„ш±г∆ч¬нЌ∞ЋҐ,0 ~ 20,0,0.79,-0.436,50% ~ 55%,0.25,7,0.45,0,-1,10,7.9,0.525,4.1475
2026/08/06,„ш±г∆ч,µ∞–ќ„ш±г∆ч,0 ~ 20,0.5,0.09,-0.871,0% ~ 1%,0,0,0,0,-1,10,0.9,0.005,0.0045
2026/08/06,„ш±г∆ч,Їзќь љ„ш±г∆ч,0 ~ 20,-0.45,0.49,-0.183,0% ~ 1%,-1.05,0,-1.05,0,0,10,4.9,0.005,0.0245
2026/08/06,„ш±г∆ч,Њ≈ƒЅ„ш±г∆ч¬нЌ∞,0 ~ 20,0.1,0.56,0.366,0% ~ 1%,0,0,0,0,-1,10,5.6,0.005,0.028
2026/08/06,„ш±г∆ч,јѕƒк„ш±г∆ч“∆ґѓ¬нЌ∞,0 ~ 20,0.15,1.59,1.65,25% ~ 30%,1.3,3,2.05,0,-1,10,15.9,0.275,4.3725
2026/08/06,„ш±г∆ч,„ш±г∆чЋЃѕд’ыћ„,0 ~ 20,-0.2,0.37,-0.589,0% ~ 1%,-1.05,0,-1.05,0,-1,10,3.7,0.005,0.0185
2026/08/06,„ш±г∆ч,јѕ»Ћ±г–ѓ љ„ш±г∆ч,0 ~ 20,-0.5,0.66,-0.07,10% ~ 15%,-0.6,1,-0.85,0,-1,10,6.6,0.125,0.825
2026/08/06,„ш±г∆ч,ћµ”џ„ш±г∆чґщЌѓ,0 ~ 20,1.7,0.57,-0.162,7.5% ~ 10%,-0.75,1,-0.55,0,0,10,5.7,0.087,0.4959
2026/08/06,„ш±г∆ч,Ј≈‘Џ¬нЌ∞…ѕµƒ„ш±г∆ч,0 ~ 20,0.1,0.43,-0.368,0% ~ 1%,0,0,0,0,-1,10,4.3,0.005,0.0215
2026/08/06,„ш±г∆ч,„ш±г∆ч÷«ƒ№,0 ~ 20,0,0.77,-0.072,0% ~ 1%,0,0,0,0,0,10,7.7,0.005,0.0385
2026/08/06,„ш±г∆ч,Њ≈ƒЅ„ш±г∆ч¬нЌ∞,0 ~ 20,0.1,0.56,0.366,0% ~ 1%,0,0,0,0,-1,10,5.6,0.005,0.028
2026/08/06,„ш±г∆ч,ґщЌѓ„ш±г∆ч¬•ћЁ љ,0 ~ 20,0.25,0.86,0.036,20% ~ 25%,-0.65,2,-0.65,0,-1,10,8.6,0.225,1.935
2026/08/06,„ш±г∆ч,”§ґщ„ш±г∆чƒ–±¶±¶,0 ~ 20,-0.4,0.96,0.091,10% ~ 15%,-0.7,1,-0.9,0,-1,10,9.6,0.125,1.2
2026/08/06,„ш±г∆ч,јѕƒк„ш±г∆ч“∆ґѓ¬нЌ∞,0 ~ 20,0.15,1.59,1.65,25% ~ 30%,1.3,3,2.05,0,-1,10,15.9,0.275,4.3725
2026/08/06,„ш±г∆ч,„ш±г∆чјѕ»Ћ“∆ґѓ¬нЌ∞≈дЉю,0 ~ 20,0.9,0.87,0.891,25% ~ 30%,0.4,3,2.05,0,-1,10,8.7,0.275,2.3925
2026/08/06,„ш±г∆ч,’џµю¬нЌ∞„ш±г∆ч,0 ~ 20,0.7,0.71,-0.548,10% ~ 15%,0,1,0,0,0,10,7.1,0.125,0.8875
2026/08/06,„ш±г∆ч,ґщЌѓ¬нЌ∞„ш±г∆ч–°ЇҐ„®”√≤ёЋщ,0 ~ 20,0.2,1.15,0.917,75% ~ 80%,2.4,6,2.05,0,-1,10,11.5,0.775,8.9125
2026/08/06,„ш±г∆ч,јѕ»Ћ„®”√„ш±г∆ч,0 ~ 20,0.7,1.22,0.488,35% ~ 40%,0,5,0,0,-1,10,12.2,0.375,4.575
2026/08/06,„ш±г∆ч,Њ≈ƒЅ¬нЌ∞„ш±г∆чЉ“”√Їзќь љіу≥еЅ¶,0 ~ 20,0.55,1.26,2.316,0% ~ 1%,0,0,0,0,-1,10,12.6,0.005,0.063
2026/08/06,„ш±г∆ч,–°ЇҐ¬нЌ∞„ш±г∆ч≈Ѓ±¶±¶,0 ~ 20,0.1,0.72,-0.133,0% ~ 1%,-1.05,0,-1.05,0,-1,10,7.2,0.005,0.036
2026/08/06,„ш±г∆ч,јѕ»Ћ„®”√„ш±г∆ч,0 ~ 20,0.7,1.22,0.488,35% ~ 40%,0,5,0,0,-1,10,12.2,0.375,4.575
2026/08/06,„ш±г∆ч,–°ЇҐ¬нЌ∞„ш±г∆ч≈Ѓ±¶±¶,0 ~ 20,0.1,0.72,-0.133,0% ~ 1%,-1.05,0,-1.05,0,-1,10,7.2,0.005,0.036
2026/08/06,„ш±г∆ч,¬нЌ∞„ш±г∆чѕыґЊ…±Њъ ™љн,0 ~ 20,-0.2,0.93,0.033,20% ~ 25%,0.35,2,0,0,-1,10,9.3,0.225,2.0925
2026/08/06,„ш±г∆ч,„ш±г∆чјѕ»Ћ“∆ґѓ¬нЌ∞њ…’џµю,0 ~ 20,-0.1,1.09,-0.248,0% ~ 1%,-1.05,0,-1.05,0,-1,10,10.9,0.005,0.0545
2026/08/06,„ш±г∆ч,±¶±¶ґ„њ”„ш±г∆ч,0 ~ 20,-0.2,0.89,-0.073,20% ~ 25%,0.25,2,0,0,-1,10,8.9,0.225,2.0025
2026/08/06,„ш±г∆ч,ґщЌѓ¬нЌ∞„ш±г∆ч10Ћк“‘…ѕ,0 ~ 20,-0.25,0.8,0.143,10% ~ 15%,-0.2,1,-0.55,0,-1,10,8,0.125,1
2026/08/06,„ш±г∆ч,Љэ≈∆„ш±г∆ч,0 ~ 20,-0.1,0.78,0.219,20% ~ 25%,1.9,2,1.05,0,-1,10,7.8,0.225,1.755
2026/08/06,„ш±г∆ч,¬нЌ∞„ш±г∆чЄ«„”єћґ®≈дЉю,0 ~ 20,0.1,0.53,-0.527,25% ~ 30%,0.4,2,0,0,-1,10,5.3,0.275,1.4575
2026/08/06,„ш±г∆ч,’џµю¬нЌ∞„ш±г∆ч,0 ~ 20,0.7,0.71,-0.548,10% ~ 15%,0,1,0,0,0,10,7.1,0.125,0.8875
2026/08/06,„ш±г∆ч,ґ„≈и„ш±г∆ч,0 ~ 20,0.4,0.91,0.197,20% ~ 25%,0,1,0,0,-1,10,9.1,0.225,2.0475
2026/08/06,„ш±г∆ч,„ш±г∆чјѕ»Ћ“∆ґѓ¬нЌ∞≈дЉю,0 ~ 20,0.9,0.87,0.891,25% ~ 30%,0.4,3,2.05,0,-1,10,8.7,0.275,2.3925
2026/08/06,„ш±г∆ч,јѕ»Ћ„®”√„ш±г∆ч,0 ~ 20,0.7,1.22,0.488,35% ~ 40%,0,5,0,0,-1,10,12.2,0.375,4.575
2026/08/06,„ш±г∆ч,–°ЇҐ¬нЌ∞„ш±г∆ч≈Ѓ±¶±¶,0 ~ 20,0.1,0.72,-0.133,0% ~ 1%,-1.05,0,-1.05,0,-1,10,7.2,0.005,0.036
2026/08/06,„ш±г∆ч,ќј…ъЉдґ„њ”Єƒ„ш±г∆ч,0 ~ 20,0.55,0.69,0.769,10% ~ 15%,0,1,0,0,-1,10,6.9,0.125,0.8625
2026/08/06,„ш±г∆ч,ґ„њ”…ѕµƒ„ш±г∆ч,0 ~ 20,0,0.72,-0.182,35% ~ 40%,0,3,0,0,-1,10,7.2,0.375,2.7
2026/08/06,„ш±г∆ч,Њ≈ƒЅ¬нЌ∞„ш±г∆чЉ“”√Їзќь љіу≥еЅ¶,0 ~ 20,0.55,1.26,2.316,0% ~ 1%,0,0,0,0,-1,10,12.6,0.005,0.063
2026/08/06,„ш±г∆ч,Љэ≈∆„ш±г∆ч,0 ~ 20,-0.1,0.78,0.219,20% ~ 25%,1.9,2,1.05,0,-1,10,7.8,0.225,1.755
2026/08/06,„ш±г∆ч,ґщЌѓ¬нЌ∞„ш±г∆ч10Ћк“‘…ѕ,0 ~ 20,-0.25,0.8,0.143,10% ~ 15%,-0.2,1,-0.55,0,-1,10,8,0.125,1
2026/08/06,„ш±г∆ч,’џµю¬нЌ∞„ш±г∆ч,0 ~ 20,0.7,0.71,-0.548,10% ~ 15%,0,1,0,0,0,10,7.1,0.125,0.8875
2026/08/06,„ш±г∆ч,„ш±г∆ч≈Ѓ њ,0 ~ 20,-0.25,0.76,0.551,0% ~ 1%,-1.05,0,-1.05,0,-1,10,7.6,0.005,0.038
2026/08/06,„ш±г∆ч,„ш±г∆чјѕ»Ћ“∆ґѓ¬нЌ∞≈дЉю,0 ~ 20,0.9,0.87,0.891,25% ~ 30%,0.4,3,2.05,0,-1,10,8.7,0.275,2.3925
2026/08/06,„ш±г∆ч,ќј…ъЉдґ„њ”Єƒ„ш±г∆ч,0 ~ 20,0.55,0.69,0.769,10% ~ 15%,0,1,0,0,-1,10,6.9,0.125,0.8625
2026/08/06,„ш±г∆ч,„ш±г∆ч≈Ѓ њ,0 ~ 20,-0.25,0.76,0.551,0% ~ 1%,-1.05,0,-1.05,0,-1,10,7.6,0.005,0.038
2026/08/06,„ш±г∆ч,¬нЌ∞„ш±г∆чµ„≤њєћґ®√№ЈвљЇ,0 ~ 20,1.05,0.91,-0.364,40% ~ 45%,-0.15,4,1.05,0,-1,10,9.1,0.425,3.8675
2026/08/06,„ш±г∆ч,„ш±г∆ч≥еѕі∆ч,0 ~ 20,0,0.42,-0.106,0% ~ 1%,-1.05,0,-1.05,0,-1,10,4.2,0.005,0.021
2026/08/06,„ш±г∆ч,јѕ»Ћ„ш±г∆ч“∆ґѓ¬нЌ∞Љ”Єя,0 ~ 20,1.05,0.74,-0.63,0% ~ 1%,0,0,0,0,-1,10,7.4,0.005,0.037
2026/08/06,„ш±г∆ч,јѕƒк»Ћ¬÷“ќіш„ш±г∆ч,0 ~ 20,0.1,0.91,0.11,40% ~ 45%,0,2,0,0,-1,10,9.1,0.425,3.8675
2026/08/06,„ш±г∆ч,±Џє“ љ„ш±г∆ч,0 ~ 20,-0.35,0.26,-0.297,0% ~ 1%,0,0,0,0,-1,10,2.6,0.005,0.013
2026/08/06,„ш±г∆ч,јѕƒк “ƒЏ„ш±г∆ч,0 ~ 20,-0.3,1.38,0.394,60% ~ 65%,0.95,6,0.25,0,-1,10,13.8,0.625,8.625
2026/08/06,„ш±г∆ч,÷«ƒ№„ш±г∆ч¬нЌ∞Є«,0 ~ 20,-0.2,0.19,-0.716,0% ~ 1%,-1.05,0,-1.05,0,-1,10,1.9,0.005,0.0095
2026/08/06,„ш±г∆ч,„ш±г∆ч≥еѕі∆®є…,0 ~ 20,0.3,0.74,0.138,15% ~ 20%,0,1,0,0,-1,10,7.4,0.175,1.295
2026/08/06,„ш±г∆ч,ґщЌѓ¬нЌ∞„ш±г∆ч»эЇѕ“ї,0 ~ 20,-0.15,0.68,-0.244,15% ~ 20%,-0.55,1,-0.8,0,-1,10,6.8,0.175,1.19
2026/08/06,„ш±г∆ч,„ш±г∆ч…ѕЈљ÷√ќпЉ№,0 ~ 20,1.35,0.87,-0.275,10% ~ 15%,-0.75,1,0,0,-1,10,8.7,0.125,1.0875
2026/08/06,„ш±г∆ч,„ш±г∆ч≥еѕі∆ч,0 ~ 20,0,0.42,-0.106,0% ~ 1%,-1.05,0,-1.05,0,-1,10,4.2,0.005,0.021
2026/08/06,„ш±г∆ч,јѕ»Ћ„ш±г∆ч“∆ґѓ¬нЌ∞Љ”Єя,0 ~ 20,1.05,0.74,-0.63,0% ~ 1%,0,0,0,0,-1,10,7.4,0.005,0.037
2026/08/06,„ш±г∆ч,±Џє“ љ„ш±г∆ч,0 ~ 20,-0.35,0.26,-0.297,0% ~ 1%,0,0,0,0,-1,10,2.6,0.005,0.013
2026/08/06,„ш±г∆ч,ґ„±г¬нЌ∞„ш±г∆ч,0 ~ 20,0,0.25,-0.359,0% ~ 1%,0,0,0,0,0,10,2.5,0.005,0.0125
2026/08/06,„ш±г∆ч,”§”„ґщ„ш±г∆ч,0 ~ 20,0.45,0.83,-0.411,20% ~ 25%,0.35,2,1.05,0,-1,10,8.3,0.225,1.8675
2026/08/06,„ш±г∆ч,јѕƒк»Ћ¬÷“ќіш„ш±г∆ч,0 ~ 20,0.1,0.91,0.11,40% ~ 45%,0,2,0,0,-1,10,9.1,0.425,3.8675
2026/08/06,„ш±г∆ч,„ш±г∆чґщЌѓіуЇ≈,0 ~ 20,0,1.19,0,25% ~ 30%,0,2,0,0,0,10,11.9,0.275,3.2725
2026/08/06,„ш±г∆ч,„ш±г∆чјѕ»Ћ“∆ґѓ¬нЌ∞≈©іе,0 ~ 20,-0.25,0.68,0.478,10% ~ 15%,0,1,0,0,-1,10,6.8,0.125,0.85
2026/08/06,„ш±г∆ч,„ш±г∆ч¬нЌ∞ЋҐќёЋјљ«,0 ~ 20,0.45,1.04,-0.188,30% ~ 35%,-0.35,4,0,0,0,10,10.4,0.325,3.38
2026/08/06,„ш±г∆ч,„ш±г∆чЋЃѕд≈≈ЋЃЈІ,0 ~ 20,0.9,1.16,1.578,10% ~ 15%,0,1,0,0,0,10,11.6,0.125,1.45
2026/08/06,„ш±г∆ч,±г≈и„ш±г∆ч‘х√і”√,0 ~ 20,0.2,0.31,-0.38,20% ~ 25%,0,1,0,0,0,10,3.1,0.225,0.6975
2026/08/06,„ш±г∆ч,ґщЌѓ¬нЌ∞„ш±г∆ч¬•ћЁ љњ…’џµю,0 ~ 20,0.45,0.93,0.476,50% ~ 55%,2.55,4,3.05,0,-1,10,9.3,0.525,4.8825
2026/08/06,„ш±г∆ч,„ш±г∆ч≈©іеЇµ≤ё,0 ~ 20,0.65,0.33,-0.365,30% ~ 35%,0.7,1,0,0,-1,10,3.3,0.325,1.0725
2026/08/06,„ш±г∆ч,Љ“”√≤ёЋщ„ш±г∆ч,0 ~ 20,1.2,0.77,1.484,40% ~ 45%,0,2,0,0,0,10,7.7,0.425,3.2725
2026/08/06,„ш±г∆ч,“∆ґѓ љ„ш±г∆ч,0 ~ 20,0.1,0.52,-0.639,30% ~ 35%,0.2,2,0,0,-1,10,5.2,0.325,1.69
2026/08/06,„ш±г∆ч,„ш±г∆чґщЌѓіуЇ≈,0 ~ 20,0,1.19,0,25% ~ 30%,0,2,0,0,0,10,11.9,0.275,3.2725
2026/08/06,„ш±г∆ч,’џµю љ„ш±г∆ч,0 ~ 20,0.45,0.83,1.184,25% ~ 30%,0.45,2,1.05,0,-1,10,8.3,0.275,2.2825
2026/08/06,„ш±г∆ч,¬÷“ќјѕ»Ћ„®”√іш„ш±г∆ч,0 ~ 20,0.2,0.61,-0.047,0% ~ 1%,-1.05,0,-1.05,0,-1,10,6.1,0.005,0.0305
2026/08/06,„ш±г∆ч,ґщЌѓ„ш±г∆ч«ељаіь,0 ~ 20,0,1.09,-0.035,50% ~ 55%,-0.35,5,-0.4,0,-1,10,10.9,0.525,5.7225
2026/08/06,„ш±г∆ч,„ш±г∆чјѕ»Ћ“∆ґѓ¬нЌ∞≈©іе,0 ~ 20,-0.25,0.68,0.478,10% ~ 15%,0,1,0,0,-1,10,6.8,0.125,0.85
2026/08/06,„ш±г∆ч,„ш±г∆чЄƒґ„њ”…с∆ч,0 ~ 20,0,0.32,0,0% ~ 1%,0,0,0,0,0,10,3.2,0.005,0.016
2026/08/06,„ш±г∆ч,„ш±г∆ч≈©іеЇµ≤ё,0 ~ 20,0.65,0.33,-0.365,30% ~ 35%,0.7,1,0,0,-1,10,3.3,0.325,1.0725
2026/08/06,„ш±г∆ч,„ш±г∆чґщЌѓіуЇ≈,0 ~ 20,0,1.19,0,25% ~ 30%,0,2,0,0,0,10,11.9,0.275,3.2725
2026/08/06,„ш±г∆ч,ґ„±гЄƒ„ш±г∆ч¬нЌ∞Љ“”√,0 ~ 20,0,0.85,0,0% ~ 1%,0,0,0,0,0,10,8.5,0.005,0.0425
2026/08/06,„ш±г∆ч,ґщЌѓіуЇ≈„ш±г∆ч,0 ~ 20,-0.3,0.58,0.415,40% ~ 45%,0,3,0,0,-1,10,5.8,0.425,2.465
2026/08/06,„ш±г∆ч,“їіќ–‘„ш±г∆чћ„ґјЅҐ∞ь„∞,0 ~ 20,0,0.68,0,25% ~ 30%,0,2,0,0,0,10,6.8,0.275,1.87
2026/08/06,„ш±г∆ч,¬нЌ∞ґщЌѓ„ш±г∆чƒ–ЇҐ,0 ~ 20,1.05,2.05,0.814,30% ~ 35%,-0.45,3,0.55,0,0,10,20.5,0.325,6.6625
2026/08/06,„ш±г∆ч,¬нЌ∞ љ„ш±г∆ч,0 ~ 20,-0.15,0.49,-0.338,40% ~ 45%,0.45,2,0,0,0,10,4.9,0.425,2.0825
2026/08/06,„ш±г∆ч,„ш±г∆ч≥еѕі≈зЌЈ,0 ~ 20,0,1.02,0,25% ~ 30%,0,2,0,0,0,10,10.2,0.275,2.805
2026/08/06,„ш±г∆ч,¬нЌ∞ґщЌѓ„ш±г∆чƒ–ЇҐ,0 ~ 20,1.05,2.05,0.814,30% ~ 35%,-0.45,3,0.55,0,0,10,20.5,0.325,6.6625
2026/08/06,„ш±г∆ч,„ш±г∆чЇу√ж÷√ќпЉ№,0 ~ 20,-0.25,0.67,-0.239,25% ~ 30%,0.9,2,0,0,-1,10,6.7,0.275,1.8425
2026/08/06,„ш±г∆ч,є«’џ≤°»Ћ„ш±г∆ч,0 ~ 20,0,0.68,0.133,10% ~ 15%,0,1,0,0,-1,10,6.8,0.125,0.85
2026/08/06,„ш±г∆ч,ґщЌѓ¬нЌ∞„ш±г∆ч≈Ѓ±¶±¶2Ћк,0 ~ 20,-0.55,1.72,0.686,40% ~ 45%,0.4,4,-0.25,0,-1,10,17.2,0.425,7.31
2026/08/06,„ш±г∆ч,„ш±г∆чµж„”Ќ®”√,0 ~ 20,-0.25,0.89,-0.053,55% ~ 60%,0.4,5,0.3,0,-1,10,8.9,0.575,5.1175
2026/08/06,„ш±г∆ч,јѕ»ЋЈљ±г„ш±г∆ч,0 ~ 20,0.75,0.84,1.71,0% ~ 1%,-1.05,0,-1.05,0,-1,10,8.4,0.005,0.042
2026/08/06,„ш±г∆ч,„ш±г∆ч≥эєЄЉЅ,0 ~ 20,-0.45,0.88,-0.043,55% ~ 60%,0.55,4,-0.35,0,-1,10,8.8,0.575,5.06
2026/08/06,„ш±г∆ч,јѕ»ЋЉ“”√“∆ґѓ„ш±г∆ч,0 ~ 20,-0.55,1.3,0.494,25% ~ 30%,0.65,2,0,0,-1,10,13,0.275,3.575
2026/08/06,„ш±г∆ч,ґщЌѓљ„ћЁ љ„ш±г∆ч,0 ~ 20,-0.55,0.61,-0.579,20% ~ 25%,-0.15,2,-0.55,0,-1,10,6.1,0.225,1.3725
2026/08/06,„ш±г∆ч,јѕ»ЋЉ“”√“∆ґѓ„ш±г∆ч,0 ~ 20,-0.55,1.3,0.494,25% ~ 30%,0.65,2,0,0,-1,10,13,0.275,3.575
2026/08/06,„ш±г∆ч,є…є«ЌЈ хЇу„ш±г∆ч,0 ~ 20,1.05,0.63,0.086,20% ~ 25%,0,1,0,0,-1,10,6.3,0.225,1.4175
2026/08/06,„ш±г∆ч,„ш±г∆ч≥еѕі≈зЌЈ,0 ~ 20,0,1.02,0,25% ~ 30%,0,2,0,0,0,10,10.2,0.275,2.805
2026/08/06,„ш±г∆ч,¬÷“ќћ±їЊјѕ»Ћ„®”√іш„ш±г∆ч,0 ~ 20,-0.3,1.03,0.096,30% ~ 35%,0.55,2,0,0,-1,10,10.3,0.325,3.3475
2026/08/06,„ш±г∆ч,„ш±г∆ч≥эєЄЉЅ,0 ~ 20,-0.45,0.88,-0.043,55% ~ 60%,0.55,4,-0.35,0,-1,10,8.8,0.575,5.06
2026/08/06,„ш±г∆ч,“їіќ–‘„ш±г∆чћ„ґјЅҐ∞ь„∞,0 ~ 20,0,0.68,0,25% ~ 30%,0,2,0,0,0,10,6.8,0.275,1.87
2026/08/06,„ш±г∆ч,Ї√ЌёЌё„ш±г∆ч,0 ~ 20,0.35,0.29,-0.442,0% ~ 1%,0,0,0,0,-1,10,2.9,0.005,0.0145
2026/08/06,„ш±г∆ч,¬нЌ∞ґщЌѓ„ш±г∆чƒ–ЇҐ,0 ~ 20,1.05,2.05,0.814,30% ~ 35%,-0.45,3,0.55,0,0,10,20.5,0.325,6.6625
2026/08/06,„ш±г∆ч,»Ђ„‘ґѓ„ш±г∆ч,0 ~ 20,-0.15,0.16,-0.385,0% ~ 1%,0,0,0,0,0,10,1.6,0.005,0.008
2026/08/06,„ш±г∆ч,ґає¶ƒ№јѕƒк»Ћ„ш±г∆ч,0 ~ 20,0.4,0.74,-0.8,50% ~ 55%,1.05,2,1.05,0,-1,10,7.4,0.525,3.885
2026/08/06,„ш±г∆ч,ґщЌѓ„ш±г∆чґ„њ”,0 ~ 20,-0.1,0.89,-0.271,30% ~ 35%,0.55,3,0.55,0,-1,10,8.9,0.325,2.8925
2026/08/06,„ш±г∆ч,‘–ЄЊ”√„ш±г∆ч,0 ~ 20,-0.3,0.97,0.228,65% ~ 70%,2.05,4,1.05,0,0,10,9.7,0.675,6.5475
2026/08/06,„ш±г∆ч,≥µ‘Ў„ш±г∆ч,0 ~ 20,0,0.71,0.183,0% ~ 1%,0,0,0,0,-1,10,7.1,0.005,0.0355
2026/08/06,„ш±г∆ч,Ј≈¬нЌ∞…ѕµƒ„ш±г∆ч,0 ~ 20,0.85,0.74,0.298,0% ~ 1%,0,0,0,0,-1,10,7.4,0.005,0.037
2026/08/06,„ш±г∆ч,„ш±г∆чµ„≤њ√№Јвћх,0 ~ 20,0.15,1.23,0.577,65% ~ 70%,0.15,4,0.35,0,-1,10,12.3,0.675,8.3025
2026/08/06,„ш±г∆ч,ґщЌѓ¬√––„ш±г∆ч,0 ~ 20,0,0.77,0,0% ~ 1%,0,0,0,0,0,10,7.7,0.005,0.0385
2026/08/06,„ш±г∆ч, јЉЌ±¶±іґщЌѓ„ш±г∆ч,0 ~ 20,-0.5,0.44,0,0% ~ 1%,0,0,0,0,-1,10,4.4,0.005,0.022
2026/08/06,„ш±г∆ч,µзґѓ¬÷“ќіш„ш±г∆ч,0 ~ 20,0.6,0.32,-0.238,0% ~ 1%,0,0,0,0,-1,10,3.2,0.005,0.016
2026/08/06,„ш±г∆ч,¬нЌ∞„ш±г∆ч≈дЉю,0 ~ 20,0.25,0.12,-0.846,50% ~ 55%,0.55,1,-0.55,0,0,10,1.2,0.525,0.63
2026/08/06,„ш±г∆ч,≥µ‘Ў„ш±г∆ч,0 ~ 20,0,0.71,0.183,0% ~ 1%,0,0,0,0,-1,10,7.1,0.005,0.0355
2026/08/06,„ш±г∆ч,јѕ»ЋЉ“”√љб µ„ш±г∆ч,0 ~ 20,0,0.88,0,0% ~ 1%,0,0,0,0,0,10,8.8,0.005,0.044
2026/08/06,„ш±г∆ч,ґає¶ƒ№јѕƒк»Ћ„ш±г∆ч,0 ~ 20,0.4,0.74,-0.8,50% ~ 55%,1.05,2,1.05,0,-1,10,7.4,0.525,3.885
2026/08/06,„ш±г∆ч,„ш±г∆чјѕ»Ћ“∆ґѓ¬нЌ∞Љт“„,0 ~ 20,0,0.68,0,10% ~ 15%,0,1,0,0,0,10,6.8,0.125,0.85
2026/08/06,„ш±г∆ч,„ш±г∆ч¬нЌ∞ћ„,0 ~ 20,-0.2,0.97,-0.157,55% ~ 60%,3.6,4,3.05,0,0,10,9.7,0.575,5.5775
2026/08/06,„ш±г∆ч,±г≥Ў„ш±г∆ч,0 ~ 20,0.6,0.62,1.385,25% ~ 30%,0,1,0,0,-1,10,6.2,0.275,1.705
2026/08/06,„ш±г∆ч,µзґѓ¬÷“ќіш„ш±г∆ч,0 ~ 20,0.6,0.32,-0.238,0% ~ 1%,0,0,0,0,-1,10,3.2,0.005,0.016
2026/08/06,„ш±г∆ч,„ш±г∆чјѕ»Ћ“∆ґѓ¬нЌ∞іуЇ≈,0 ~ 20,0.25,1.28,0.641,10% ~ 15%,0,1,0,0,-1,10,12.8,0.125,1.6
2026/08/06,„ш±г∆ч,„ш±г∆чЉ”Єяµж,0 ~ 20,0.15,0.47,-0.096,40% ~ 45%,0,2,0,0,-1,10,4.7,0.425,1.9975
2026/08/06,„ш±г∆ч,„ш±г∆ч¬нЌ∞ иЌ®ЉЅ,0 ~ 20,0.85,1.38,4.111,65% ~ 70%,0,4,0,0,-1,10,13.8,0.675,9.315
2026/08/06,„ш±г∆ч,„ш±г∆ч¬нЌ∞ иЌ®ЉЅ,0 ~ 20,0.85,1.38,4.111,65% ~ 70%,0,4,0,0,-1,10,13.8,0.675,9.315
2026/08/06,„ш±г∆ч, јЉЌ±¶±іґщЌѓ„ш±г∆ч,0 ~ 20,-0.5,0.44,0,0% ~ 1%,0,0,0,0,-1,10,4.4,0.005,0.022
2026/08/06,„ш±г∆ч,„ш±г∆чЉ”Єяµж,0 ~ 20,0.15,0.47,-0.096,40% ~ 45%,0,2,0,0,-1,10,4.7,0.425,1.9975
2026/08/06,„ш±г∆ч,±г≥Ў„ш±г∆ч,0 ~ 20,0.6,0.62,1.385,25% ~ 30%,0,1,0,0,-1,10,6.2,0.275,1.705
2026/08/06,„ш±г∆ч,јѕ»Ћ„ш±г∆чµж»¶,0 ~ 20,0.15,0.92,0.769,35% ~ 40%,0,3,0,0,-1,10,9.2,0.375,3.45
2026/08/06,„ш±г∆ч,јѕƒк»ЋЉт“„„ш±г∆ч,0 ~ 20,0,0.81,0,10% ~ 15%,0,1,0,0,0,10,8.1,0.125,1.0125
2026/08/06,„ш±г∆ч,√®¬нЌ∞„ш±г∆ч,0 ~ 20,-0.2,1.27,0.366,35% ~ 40%,2.05,3,2.05,0,-1,10,12.7,0.375,4.7625
2026/08/06,„ш±г∆ч,„ш±г∆ч¬нЌ∞Љ“”√іу≥еЅ¶,0 ~ 20,-0.6,0.7,0.147,0% ~ 1%,-1.05,0,-1.05,0,-1,10,7,0.005,0.035
2026/08/06,„ш±г∆ч,“љ”√¬нЌ∞„ш±г∆ч,0 ~ 20,-0.1,0.52,0.156,50% ~ 55%,1.55,1,0,0,-1,10,5.2,0.525,2.73
2026/08/06,„ш±г∆ч,ƒ–Ќѓ„ш±г∆ч,0 ~ 20,-0.1,1.07,1.548,0% ~ 1%,-1.05,0,-1.05,0,-1,10,10.7,0.005,0.0535
2026/08/06,„ш±г∆ч, хЇу„ш±г∆ч,0 ~ 20,-0.45,0.66,0.082,40% ~ 45%,0,2,0,0,0,10,6.6,0.425,2.805
2026/08/06,„ш±г∆ч,–°ƒ–ЇҐ¬нЌ∞„ш±г∆ч,0 ~ 20,0.7,0.72,0.125,10% ~ 15%,-0.4,1,0,0,0,10,7.2,0.125,0.9
2026/08/06,„ш±г∆ч,‘–∆Џ„ш±г∆ч,0 ~ 20,0,1.03,0.01,15% ~ 20%,0.55,1,0,0,0,10,10.3,0.175,1.8025
2026/08/06,„ш±г∆ч,ґщЌѓ”√„ш±г∆ч,0 ~ 20,0.3,1.91,1.146,25% ~ 30%,0.3,2,1.05,0,0,10,19.1,0.275,5.2525
2026/08/06,„ш±г∆ч,ƒ–Ќѓ„ш±г∆ч,0 ~ 20,-0.1,1.07,1.548,0% ~ 1%,-1.05,0,-1.05,0,0,10,10.7,0.005,0.0535
2026/08/06,„ш±г∆ч,јѕ»Ћ”√µƒ“∆ґѓ„ш±г∆ч,0 ~ 20,-0.25,0.45,-0.338,0% ~ 1%,-1.05,0,-1.05,0,0,10,4.5,0.005,0.0225
2026/08/06,„ш±г∆ч,„ш±г∆чјѕ»Ћ“∆ґѓ¬нЌ∞њ…≥еЋЃ,0 ~ 20,0.15,0.85,0.214,0% ~ 1%,0,0,0,0,0,10,8.5,0.005,0.0425
2026/08/06,„ш±г∆ч,Є®÷ъ„ш±г∆ч,0 ~ 20,0.7,0.73,-0.24,40% ~ 45%,0,2,0,0,0,10,7.3,0.425,3.1025
2026/08/06,„ш±г∆ч,јѕƒк»Ћњ…“∆ґѓ„ш±г∆ч,0 ~ 20,-0.3,0.76,0.151,15% ~ 20%,-0.2,1,-0.55,0,0,10,7.6,0.175,1.33
2026/08/06,„ш±г∆ч,Ј≈‘Џ„ш±г∆ч…ѕµƒ≈и,0 ~ 20,0.7,1.25,0.078,40% ~ 45%,0.3,3,0.55,0,0,10,12.5,0.425,5.3125
2026/08/06,„ш±г∆ч,ґщЌѓ”√„ш±г∆ч,0 ~ 20,0.3,1.91,1.146,25% ~ 30%,0.3,2,1.05,0,0,10,19.1,0.275,5.2525
2026/08/06,„ш±г∆ч,–°ƒ–ЇҐ¬нЌ∞„ш±г∆ч,0 ~ 20,0.7,0.72,0.125,10% ~ 15%,-0.4,1,0,0,-1,10,7.2,0.125,0.9
2026/08/06,„ш±г∆ч, хЇу„ш±г∆ч,0 ~ 20,-0.45,0.66,0.082,40% ~ 45%,0,2,0,0,-1,10,6.6,0.425,2.805
2026/08/06,„ш±г∆ч,–°ґщ„ш±г∆ч,0 ~ 20,0.3,0.48,-0.495,40% ~ 45%,-0.25,2,-0.35,0,-1,10,4.8,0.425,2.04
2026/08/06,„ш±г∆ч,Љ“”√јѕ»Ћ“∆ґѓ„ш±г∆ч,0 ~ 20,0.3,1.84,0.26,60% ~ 65%,2.05,3,2.05,0,0,10,18.4,0.625,11.5
2026/08/06,„ш±г∆ч,„ш±г∆чЄƒґ„±г∆ч,0 ~ 20,-0.25,0.37,-0.302,0% ~ 1%,0,0,0,0,0,10,3.7,0.005,0.0185
2026/08/06,„ш±г∆ч,√®¬нЌ∞„ш±г∆ч,0 ~ 20,-0.2,1.27,0.366,35% ~ 40%,2.05,3,2.05,0,-1,10,12.7,0.375,4.7625
2026/08/06,„ш±г∆ч,”§ґщ„ш±г∆чƒ–±¶±¶ƒ–ЇҐ,0 ~ 20,0,1.74,0,10% ~ 15%,0,1,0,0,0,10,17.4,0.125,2.175
2026/08/06,„ш±г∆ч,≈©іејѕ»ЋЇµ≤ё„ш±г∆ч,0 ~ 20,0.15,0.97,-0.198,30% ~ 35%,1.05,1,0,0,-1,10,9.7,0.325,3.1525
2026/08/06,„ш±г∆ч,„ш±г∆ч√№ЈвљЇ,0 ~ 20,-0.4,0.79,-0.025,50% ~ 55%,0.25,4,-0.25,0,-1,10,7.9,0.525,4.1475
2026/08/06,„ш±г∆ч,јѕƒк»Ћњ…“∆ґѓ„ш±г∆ч,0 ~ 20,-0.3,0.76,0.151,15% ~ 20%,-0.2,1,-0.55,0,-1,10,7.6,0.175,1.33
2026/08/06,„ш±г∆ч,јѕƒк»ЋЉт“„„ш±г∆ч,0 ~ 20,0,0.81,0,10% ~ 15%,0,1,0,0,0,10,8.1,0.125,1.0125
2026/08/06,„ш±г∆ч,Љ“”√јѕ»Ћ„ш±г∆чњ…“∆ґѓ¬нЌ∞ “ƒЏ±г–ѓ љ,0 ~ 20,-0.2,0.81,-0.707,10% ~ 15%,-0.65,1,-0.55,0,-1,10,8.1,0.125,1.0125
2026/08/06,„ш±г∆ч,„ш±г∆ч≈≈ЋЃЈІ√№Јв»¶,0 ~ 20,-0.45,1.09,0.58,25% ~ 30%,-0.3,2,-0.55,0,-1,10,10.9,0.275,2.9975
2026/08/06,„ш±г∆ч, хЇу„ш±г∆ч,0 ~ 20,-0.45,0.66,0.082,40% ~ 45%,0,2,0,0,-1,10,6.6,0.425,2.805
2026/08/06,„ш±г∆ч,„ш±г∆чјѕ»Ћ“∆ґѓ¬нЌ∞њ…≥еЋЃ,0 ~ 20,0.15,0.85,0.214,0% ~ 1%,0,0,0,0,-1,10,8.5,0.005,0.0425
2026/08/06,„ш±г∆ч,–°ƒ–ЇҐ¬нЌ∞„ш±г∆ч,0 ~ 20,0.7,0.72,0.125,10% ~ 15%,-0.4,1,0,0,-1,10,7.2,0.125,0.9
2026/08/06,„ш±г∆ч,Љ“”√јѕ»Ћ“∆ґѓ„ш±г∆ч,0 ~ 20,0.3,1.84,0.26,60% ~ 65%,2.05,3,2.05,0,0,10,18.4,0.625,11.5
2026/08/06,„ш±г∆ч, иЌ®„ш±г∆ч„®”√є§Њя…с∆ч,0 ~ 20,0,0.73,0.014,70% ~ 75%,1.9,5,1.55,0,-1,10,7.3,0.725,5.2925
2026/08/06,„ш±г∆ч,¬нЌ∞ґщЌѓ„ш±г∆ч≈Ѓ±¶±¶,0 ~ 20,0,1.71,-0.496,10% ~ 15%,-0.8,1,-0.8,0,-1,10,17.1,0.125,2.1375
2026/08/06,„ш±г∆ч,ƒ–ЇҐ„ш±г∆ч,0 ~ 20,0,1.21,0,10% ~ 15%,0,1,0,0,0,10,12.1,0.125,1.5125
2026/08/06,„ш±г∆ч,„ш±г∆чљшЋЃњ™єЎ,0 ~ 20,0,1,0.492,0% ~ 1%,-1.05,0,-1.05,0,-1,10,10,0.005,0.05
2026/08/06,„ш±г∆ч,¬нЌ∞„ш±г∆чґщЌѓ»эЇѕ“ї,0 ~ 20,-0.2,0.75,-0.37,15% ~ 20%,-0.75,1,-0.8,0,-1,10,7.5,0.175,1.3125
2026/08/06,„ш±г∆ч,Ј≈‘ЏЌ∞…ѕµƒ„ш±г∆ч,0 ~ 20,0,0.96,0.811,70% ~ 75%,4.05,5,4.05,0,-1,10,9.6,0.725,6.96
2026/08/06,„ш±г∆ч,Ј÷ће љ„ш±г∆ч,0 ~ 20,0,1.31,0,0% ~ 1%,0,0,0,0,0,10,13.1,0.005,0.0655
2026/08/06,„ш±г∆ч,≤ёЋщ„ш±г∆чјѕ»Ћ“∆ґѓ¬нЌ∞,0 ~ 20,0,0.53,0,0% ~ 1%,0,0,0,0,0,10,5.3,0.005,0.0265
2026/08/06,„ш±г∆ч,„ш±г∆ч–°µ „”,0 ~ 20,0,1.31,0.456,0% ~ 1%,-1.05,0,-1.05,0,-1,10,13.1,0.005,0.0655
2026/08/06,„ш±г∆ч,„ш±г∆ч¬нЌ∞Љ“”√µж,0 ~ 20,0,0.83,0,40% ~ 45%,0,2,0,0,0,10,8.3,0.425,3.5275
2026/08/06,„ш±г∆ч,ƒ–Ќѓ¬нЌ∞„ш±г∆ч,0 ~ 20,0.15,0.73,0,0% ~ 1%,0,0,0,0,-1,10,7.3,0.005,0.0365
2026/08/06,„ш±г∆ч,јѕ»Ћіш„ш±г∆ч¬÷“ќ,0 ~ 20,-0.15,0.58,-0.341,0% ~ 1%,-1.05,0,-1.05,0,-1,10,5.8,0.005,0.029
2026/08/06,„ш±г∆ч,≈©іеЇµ≤ё√в≥е„ш±г∆ч,0 ~ 20,-0.3,1.27,-0.181,30% ~ 35%,0,2,0,0,-1,10,12.7,0.325,4.1275
2026/08/06,„ш±г∆ч,≤°»Ћі≤…ѕ¬нЌ∞„ш±г∆ч,0 ~ 20,0.3,0.52,0.04,25% ~ 30%,0,1,0,0,-1,10,5.2,0.275,1.43
2026/08/06,„ш±г∆ч,Ј÷ће љ„ш±г∆ч,0 ~ 20,0,1.31,0,0% ~ 1%,0,0,0,0,0,10,13.1,0.005,0.0655
2026/08/06,„ш±г∆ч,„ш±г∆ч–¬њо,0 ~ 20,-0.2,1.26,0.853,0% ~ 1%,-1.05,0,-1.05,0,0,10,12.6,0.005,0.063
2026/08/06,„ш±г∆ч,„ш±г∆ч¬нЌ∞Є«ЅгЉю≈дЉю,0 ~ 20,0.55,0.52,0.238,0% ~ 1%,0,0,0,0,-1,10,5.2,0.005,0.026
2026/08/06,„ш±г∆ч,”Ґ ѕ„ш±г∆ч,0 ~ 20,0.55,0.56,-0.018,25% ~ 30%,0,2,1.05,0,-1,10,5.6,0.275,1.54
2026/08/06,„ш±г∆ч,„ш±г∆чЋҐ„”,0 ~ 20,0.55,0.41,-0.637,50% ~ 55%,1.55,2,1.05,0,-1,10,4.1,0.525,2.1525
2026/08/06,„ш±г∆ч,≈©іеЇµ≤ё„ш±г∆ч¬нЌ∞Є«,0 ~ 20,0.15,0.71,-0.134,35% ~ 40%,1.3,3,2.05,0,-1,10,7.1,0.375,2.6625
2026/08/06,„ш±г∆ч,„ш±г∆ч«ељаЉЅ,0 ~ 20,-0.2,0.59,2.278,60% ~ 65%,0.85,3,2.05,0,-1,10,5.9,0.625,3.6875
2026/08/06,„ш±г∆ч,≤ї–вЄ÷¬нЌ∞„ш±г∆ч,0 ~ 20,-0.3,0.21,-0.672,0% ~ 1%,-1.05,0,-1.05,0,-1,10,2.1,0.005,0.0105
2026/08/06,„ш±г∆ч,≤ёЋщ„ш±г∆чјѕ»Ћ“∆ґѓ¬нЌ∞,0 ~ 20,0,0.53,0,0% ~ 1%,0,0,0,0,0,10,5.3,0.005,0.0265
2026/08/06,„ш±г∆ч,ґщЌѓћµ”џ„ш±г∆ч,0 ~ 20,0,0.96,0,0% ~ 1%,0,0,0,0,0,10,9.6,0.005,0.048
2026/08/06,„ш±г∆ч,„ш±г∆ч«ељаЉЅ,0 ~ 20,-0.2,0.59,2.278,60% ~ 65%,0.85,3,2.05,0,-1,10,5.9,0.625,3.6875
2026/08/06,„ш±г∆ч,„ш±г∆чљшЋЃњ™єЎ,0 ~ 20,0,1,0.492,0% ~ 1%,-1.05,0,-1.05,0,-1,10,10,0.005,0.05
2026/08/06,„ш±г∆ч,≈Ѓ±¶¬нЌ∞„ш±г∆ч,0 ~ 20,-0.35,0.61,-0.455,0% ~ 1%,-1.05,0,-1.05,0,-1,10,6.1,0.005,0.0305
2026/08/06,„ш±г∆ч,≤ї–вЄ÷¬нЌ∞„ш±г∆ч,0 ~ 20,-0.3,0.21,-0.672,0% ~ 1%,-1.05,0,-1.05,0,-1,10,2.1,0.005,0.0105
2026/08/06,„ш±г∆ч,‘–ЄЊ¬нЌ∞„ш±г∆чњ…’џµю,0 ~ 20,0.3,1.35,1.143,50% ~ 55%,0,2,0,0,-1,10,13.5,0.525,7.0875
2026/08/06,„ш±г∆ч,≈©іеЇµ≤ё√в≥е„ш±г∆ч,0 ~ 20,-0.3,1.27,-0.181,30% ~ 35%,0,2,0,0,-1,10,12.7,0.325,4.1275
2026/08/06,„ш±г∆ч,іуЌѓ„ш±г∆ч6µљ12Ћк,0 ~ 20,0.55,1.19,-0.017,0% ~ 1%,-1.05,0,-1.05,0,-1,10,11.9,0.005,0.0595
2026/08/06,„ш±г∆ч,јѕ»Ћіш„ш±г∆ч¬÷“ќ,0 ~ 20,-0.15,0.58,-0.341,0% ~ 1%,-1.05,0,-1.05,0,-1,10,5.8,0.005,0.029
2026/08/06,„ш±г∆ч,≈©іеЇµ≤ё„ш±г∆ч¬нЌ∞Є«,0 ~ 20,0.15,0.71,-0.134,35% ~ 40%,1.3,3,2.05,0,-1,10,7.1,0.375,2.6625
2026/08/06,„ш±г∆ч,≈©іеЇµ≤ё√в≥е„ш±г∆ч,0 ~ 20,-0.3,1.27,-0.181,30% ~ 35%,0,2,0,0,-1,10,12.7,0.325,4.1275
2026/08/06,„ш±г∆ч,”Ґ ѕ„ш±г∆ч,0 ~ 20,0.55,0.56,-0.018,25% ~ 30%,0,2,1.05,0,-1,10,5.6,0.275,1.54
2026/08/06,„ш±г∆ч,іу–°±г„ш±г∆ч,0 ~ 20,-0.15,0.5,-0.231,30% ~ 35%,0,1,0,0,-1,10,5,0.325,1.625
2026/08/06,„ш±г∆ч,‘–ЄЊ¬нЌ∞„ш±г∆чњ…’џµю,0 ~ 20,0.3,1.35,1.143,50% ~ 55%,0,2,0,0,-1,10,13.5,0.525,7.0875
2026/08/06,„ш±г∆ч,Ј÷ће љ„ш±г∆ч,0 ~ 20,0,1.31,0,0% ~ 1%,0,0,0,0,0,10,13.1,0.005,0.0655
2026/08/06,„ш±г∆ч,„ш±г∆чљшЋЃњ™єЎ,0 ~ 20,0,1,0.492,0% ~ 1%,-1.05,0,-1.05,0,-1,10,10,0.005,0.05
2026/08/06,„ш±г∆ч,„ш±г∆ч¬нЌ∞Љ“”√µж,0 ~ 20,0,0.83,0,40% ~ 45%,0,2,0,0,0,10,8.3,0.425,3.5275
2026/08/06,„ш±г∆ч,іуЌѓ„ш±г∆ч6µљ12Ћк,0 ~ 20,0.55,1.19,-0.017,0% ~ 1%,-1.05,0,-1.05,0,-1,10,11.9,0.005,0.0595
2026/08/06,„ш±г∆ч,≤°»Ћі≤…ѕ¬нЌ∞„ш±г∆ч,0 ~ 20,0.3,0.52,0.04,25% ~ 30%,0,1,0,0,-1,10,5.2,0.275,1.43
2026/08/06,„ш±г∆ч,≤°»Ћі≤…ѕ¬нЌ∞„ш±г∆ч,0 ~ 20,0.3,0.52,0.04,25% ~ 30%,0,1,0,0,-1,10,5.2,0.275,1.43
2026/08/06,„ш±г∆ч,„ш±г∆ч¬нЌ∞Є«≈дЉюЌ®”√,0 ~ 20,0,0.45,0,50% ~ 55%,0,2,0,0,0,10,4.5,0.525,2.3625
2026/08/06,„ш±г∆ч,„ш±г∆чЈј≥ф…с∆ч,0 ~ 20,0.35,0.61,-0.534,30% ~ 35%,0.35,1,0,0,-1,10,6.1,0.325,1.9825
2026/08/06,„ш±г∆ч, “ƒЏ„ш±г∆ч,0 ~ 20,0,1.32,0,0% ~ 1%,0,0,0,0,0,10,13.2,0.005,0.066
2026/08/06,„ш±г∆ч,¬√––±г–ѓ љ„ш±г∆ч,0 ~ 20,0,0.6,0,0% ~ 1%,0,0,0,0,0,10,6,0.005,0.03
2026/08/06,„ш±г∆ч,њ∆ј’„ш±г∆ч,0 ~ 20,0,0.22,0,0% ~ 1%,0,0,0,0,0,10,2.2,0.005,0.011
2026/08/06,„ш±г∆ч,≈©іеЇµ≤ё„ш±г∆ч¬нЌ∞,0 ~ 20,0,0.43,0,0% ~ 1%,0,0,0,0,0,10,4.3,0.005,0.0215
2026/08/06,„ш±г∆ч,hegiiЇгља“їће÷«ƒ№„ш±г∆ч,0 ~ 20,0,1.86,0,0% ~ 1%,0,0,0,0,0,10,18.6,0.005,0.093
2026/08/06,„ш±г∆ч,„ш±г∆чµж„”“їіќ–‘,0 ~ 20,0,0.83,0,60% ~ 65%,0,3,0,0,0,10,8.3,0.625,5.1875
2026/08/06,„ш±г∆ч,Їгља„ш±г∆ч,0 ~ 20,-0.15,0.23,-0.281,0% ~ 1%,0,0,0,0,-1,10,2.3,0.005,0.0115
2026/08/06,„ш±г∆ч,„ш±г∆чјѕ»ЋЈц ÷,0 ~ 20,0.15,1.08,0.8,25% ~ 30%,-0.3,2,1.05,0,-1,10,10.8,0.275,2.97
2026/08/06,„ш±г∆ч,Ѕў ±¬нЌ∞„ш±г∆ч,0 ~ 20,0.35,0.72,0.385,25% ~ 30%,0,1,0,0,-1,10,7.2,0.275,1.98
2026/08/06,„ш±г∆ч,≈©іеЇµ≤ё»зЇќЉ”„∞„ш±г∆ч,0 ~ 20,-0.15,0.59,0.405,30% ~ 35%,0.35,1,0,0,-1,10,5.9,0.325,1.9175
2026/08/06,„ш±г∆ч,hegiiЇгља“їће÷«ƒ№„ш±г∆ч,0 ~ 20,0,1.86,0,0% ~ 1%,0,0,0,0,0,10,18.6,0.005,0.093
2026/08/06,„ш±г∆ч,„ш±г∆ч¬нЌ∞Є«≈дЉюЌ®”√,0 ~ 20,0,0.45,0,50% ~ 55%,0,2,0,0,0,10,4.5,0.525,2.3625
2026/08/06,„ш±г∆ч,÷«ƒ№„ш±г∆ч≈дЉю,0 ~ 20,-0.15,0.39,-0.546,0% ~ 1%,0,0,0,0,-1,10,3.9,0.005,0.0195
2026/08/06,„ш±г∆ч,Љ“”√ґ„„шЅљ”√¬нЌ∞“їће„ш±г∆ч–¬њо,0 ~ 20,0.35,1,1.857,0% ~ 1%,0,0,0,0,-1,10,10,0.005,0.05
2026/08/06,„ш±г∆ч,±¶±¶„ш±г∆ч≈Ѓ±¶”„ґщ„®”√,0 ~ 20,-0.15,0.97,-0.358,20% ~ 25%,-0.15,1,-0.55,0,-1,10,9.7,0.225,2.1825
2026/08/06,„ш±г∆ч,±г±г≈и±¶±¶„ш±г∆ч,0 ~ 20,-0.3,1,0.887,40% ~ 45%,1.85,2,1.05,0,-1,10,10,0.425,4.25
2026/08/06,„ш±г∆ч,≈©іе„ш±г∆ч,0 ~ 20,-0.3,0.86,0.72,0% ~ 1%,0,0,0,0,-1,10,8.6,0.005,0.043
2026/08/06,„ш±г∆ч,„ш±г∆ч√№Јв»¶,0 ~ 20,-0.65,0.69,0.095,20% ~ 25%,-0.15,1,-0.55,0,-1,10,6.9,0.225,1.5525
2026/08/06,„ш±г∆ч, Іƒ№јѕ»Ћ„ш±г∆ч,0 ~ 20,0,1,-0.187,25% ~ 30%,0.3,1,0,0,-1,10,10,0.275,2.75
2026/08/06,„ш±г∆ч,„ш±г∆ч‘цЄя,0 ~ 20,0.35,1.31,1.787,25% ~ 30%,0,1,0,0,-1,10,13.1,0.275,3.6025
2026/08/06,„ш±г∆ч,babycare„ш±г∆ч,0 ~ 20,0.15,0.74,0.104,0% ~ 1%,0,0,0,0,-1,10,7.4,0.005,0.037
2026/08/06,„ш±г∆ч,ћ’і…„ш±г∆ч,0 ~ 20,0,0.24,0,0% ~ 1%,0,0,0,0,0,10,2.4,0.005,0.012
2026/08/06,„ш±г∆ч,¬ьЅъґщЌѓ¬нЌ∞„ш±г∆ч,0 ~ 20,0.15,0.25,-0.456,0% ~ 1%,-1.05,0,-1.05,0,-1,10,2.5,0.005,0.0125
2026/08/06,„ш±г∆ч,ґ„Єƒ„ш±г∆ч,0 ~ 20,-0.55,1.64,0.312,15% ~ 20%,0.35,1,-0.55,0,-1,10,16.4,0.175,2.87
2026/08/06,„ш±г∆ч,„ш±г∆чµж„”“їіќ–‘,0 ~ 20,0,0.83,0,60% ~ 65%,0,3,0,0,0,10,8.3,0.625,5.1875
2026/08/06,„ш±г∆ч,і≤±я¬нЌ∞њ…“∆ґѓ„ш±г∆ч,0 ~ 20,0.15,0.94,0.146,40% ~ 45%,1.05,2,1.05,0,-1,10,9.4,0.425,3.995
2026/08/06,„ш±г∆ч,–°ЇҐ„ш±г∆ч¬нЌ∞»¶,0 ~ 20,0,1.96,0,25% ~ 30%,0,2,0,0,0,10,19.6,0.275,5.39
2026/08/06,„ш±г∆ч,і≤±я¬нЌ∞њ…“∆ґѓ„ш±г∆ч,0 ~ 20,0.15,0.94,0.146,40% ~ 45%,1.05,2,1.05,0,-1,10,9.4,0.425,3.995
2026/08/06,„ш±г∆ч,„ш±г∆чљшЋЃє№,0 ~ 20,-0.15,0.62,-0.016,15% ~ 20%,-0.85,1,-0.85,0,-1,10,6.2,0.175,1.085
2026/08/06,„ш±г∆ч,„ш±г∆чЈј≥ф…с∆ч,0 ~ 20,0.35,0.61,-0.534,30% ~ 35%,0.35,1,0,0,-1,10,6.1,0.325,1.9825
2026/08/06,„ш±г∆ч,≈©іеЇµ≤ё„ш±г∆ч≈дЉю,0 ~ 20,0,0.3,0,0% ~ 1%,0,0,0,0,0,10,3,0.005,0.015
2026/08/06,„ш±г∆ч,304≤ї–вЄ÷„ш±г∆ч,0 ~ 20,0.15,1.08,1.16,0% ~ 1%,0,0,0,0,-1,10,10.8,0.005,0.054
2026/08/06,„ш±г∆ч,Їгља„ш±г∆ч,0 ~ 20,-0.15,0.23,-0.281,0% ~ 1%,0,0,0,0,-1,10,2.3,0.005,0.0115
2026/08/06,„ш±г∆ч,≈©іеЇµ≤ёЄƒ„ш±г∆ч,0 ~ 20,0.35,0.9,-0.28,10% ~ 15%,-0.6,1,0,0,-1,10,9,0.125,1.125
2026/08/06,„ш±г∆ч, “ƒЏ„ш±г∆ч,0 ~ 20,0,1.32,0,0% ~ 1%,0,0,0,0,0,10,13.2,0.005,0.066
2026/08/06,„ш±г∆ч,Їµ≤ё„®”√„ш±г∆ч,0 ~ 20,0,1.09,0,0% ~ 1%,0,0,0,0,0,10,10.9,0.005,0.0545
2026/08/06,„ш±г∆ч,њ∆ј’„ш±г∆ч,0 ~ 20,0,0.22,0,0% ~ 1%,0,0,0,0,0,10,2.2,0.005,0.011
2026/08/06,„ш±г∆ч,¬ьЅъґщЌѓ¬нЌ∞„ш±г∆ч,0 ~ 20,0.15,0.25,-0.456,0% ~ 1%,-1.05,0,-1.05,0,-1,10,2.5,0.005,0.0125
2026/08/06,„ш±г∆ч,÷«ƒ№„ш±г∆ч≈дЉю,0 ~ 20,-0.15,0.39,-0.546,0% ~ 1%,0,0,0,0,-1,10,3.9,0.005,0.0195
2026/08/06,„ш±г∆ч,»’±ЊљшњЏјѕ»Ћ„ш±г∆ч,0 ~ 20,-0.25,1.13,0.314,0% ~ 1%,0,0,0,0,-1,10,11.3,0.005,0.0565
2026/08/06,„ш±г∆ч,„ш±г∆ч¬нЌ∞Є«≈дЉюЌ®”√,0 ~ 20,0,0.45,0,50% ~ 55%,0,2,0,0,0,10,4.5,0.525,2.3625
2026/08/06,„ш±г∆ч,Ѕў ±¬нЌ∞„ш±г∆ч,0 ~ 20,0.35,0.72,0.385,25% ~ 30%,0,1,0,0,-1,10,7.2,0.275,1.98
2026/08/06,„ш±г∆ч,Љ“”√њ…“∆ґѓјѕ»Ћ„ш±г∆ч≥…»Ћ∞≤»Ђ¬нЌ∞,0 ~ 20,0,1.27,1.19,50% ~ 55%,0,2,0,0,-1,10,12.7,0.525,6.6675
2026/08/06,„ш±г∆ч,„ш±г∆чјѕ»ЋЈц ÷,0 ~ 20,0.15,1.08,0.8,25% ~ 30%,-0.3,2,1.05,0,-1,10,10.8,0.275,2.97
2026/08/06,„ш±г∆ч,≈©іеЇµ≤ёЄƒ‘м„ш±г∆ч,0 ~ 20,0,0.79,0,0% ~ 1%,0,0,0,0,0,10,7.9,0.005,0.0395
2026/08/06,„ш±г∆ч,304≤ї–вЄ÷„ш±г∆ч,0 ~ 20,0.15,1.08,1.16,0% ~ 1%,0,0,0,0,-1,10,10.8,0.005,0.054
2026/08/06,„ш±г∆ч,„ш±г∆чЈј≥ф…с∆ч,0 ~ 20,0.35,0.61,-0.534,30% ~ 35%,0.35,1,0,0,-1,10,6.1,0.325,1.9825
2026/08/06,„ш±г∆ч,„ш±г∆чЈјљ¶ƒт,0 ~ 20,0,0.09,0,0% ~ 1%,0,0,0,0,0,10,0.9,0.005,0.0045
2026/08/06,„ш±г∆ч,±г–ѓ љјѕ»Ћ„ш±г∆ч,0 ~ 20,-0.25,0.58,-0.159,15% ~ 20%,-0.75,1,-0.7,0,-1,10,5.8,0.175,1.015
2026/08/06,„ш±г∆ч,¬нЌ∞…±ЊъѕыґЊ≈зќн≤ёЋщ«ељаЉЅ„ш±г∆ч≥эЊъ,0 ~ 20,0,0.43,0,25% ~ 30%,0,1,0,0,0,10,4.3,0.275,1.1825
2026/08/06,„ш±г∆ч,≤ёЋщ”√„ш±г∆ч,0 ~ 20,0,0.48,-0.284,30% ~ 35%,1.05,1,0,0,0,10,4.8,0.325,1.56
2026/08/06,„ш±г∆ч,≈Ѓ±¶„ш±г∆ч,0 ~ 20,-0.25,0.86,-0.044,30% ~ 35%,-0.6,2,-0.35,0,-1,10,8.6,0.325,2.795
2026/08/06,„ш±г∆ч,”§ґщ„ш±г∆ч–°‘¬Ѕд,0 ~ 20,0,0.48,0,0% ~ 1%,0,0,0,0,0,10,4.8,0.005,0.024
2026/08/06,„ш±г∆ч,≤ёЋщ’џµю„ш±г∆ч,0 ~ 20,0,1.03,0,20% ~ 25%,0,1,0,0,0,10,10.3,0.225,2.3175
2026/08/06,„ш±г∆ч,јѕƒк»Ћ…ѕ≤ёЋщ„ш±г∆ч,0 ~ 20,-0.25,0.67,-0.212,0% ~ 1%,-1.05,0,-1.05,0,-1,10,6.7,0.005,0.0335
2026/08/06,„ш±г∆ч,„ш±г∆чґ¬њ„»ы,0 ~ 20,0.2,0.58,-0.247,20% ~ 25%,0,1,0,0,-1,10,5.8,0.225,1.305
2026/08/06,„ш±г∆ч,‘цЄя„ш±г∆ч,0 ~ 20,0.2,0.29,-0.54,30% ~ 35%,0.35,1,0,0,-1,10,2.9,0.325,0.9425
2026/08/05,„ш±г∆ч,„ш±г∆чЋ—Ћчі ,2500 ~ 5000,0.15,0.52,-0.071,10% ~ 15%,-0.05,100 ~ 250,0.05,0.07,0.167,3750,1950,0.125,243.75
2026/08/05,„ш±г∆ч,¬нЌ∞„ш±г∆чґщЌѓ,1200 ~ 2500,-0.05,0.89,0.035,20% ~ 25%,0.1,250 ~ 500,0.1,0.28,0,1850,1646.5,0.225,370.4625
2026/08/05,„ш±г∆ч,„ш±г∆чјѕ»Ћ“∆ґѓ¬нЌ∞,600 ~ 1200,0.05,0.85,0.049,20% ~ 25%,0.25,100 ~ 250,0.3,0.22,0,900,765,0.225,172.125
2026/08/05,„ш±г∆ч,јѕ»Ћ„ш±г∆ч,600 ~ 1200,0.05,0.92,-0.061,20% ~ 25%,-0.05,100 ~ 250,-0.05,0.09,0,900,828,0.225,186.3
2026/08/05,„ш±г∆ч,„ш±г∆ч¬нЌ∞,600 ~ 1200,-0.1,0.59,0.017,5% ~ 7.5%,0.05,10 ~ 50,-0.15,0.02,0,900,531,0.062,32.922
2026/08/05,„ш±г∆ч,ґщЌѓ„ш±г∆ч,600 ~ 1200,0.1,0.88,-0.064,20% ~ 25%,0.05,50 ~ 100,0.1,0.09,0.125,900,792,0.225,178.2
2026/08/05,„ш±г∆ч,јѕ»Ћ“∆ґѓ¬нЌ∞„ш±г∆ч,600 ~ 1200,0.05,0.78,-0.124,15% ~ 20%,-0.25,50 ~ 100,-0.3,0.13,0,900,702,0.175,122.85
2026/08/05,„ш±г∆ч,„ш±г∆ч¬нЌ∞Љ“”√,300 ~ 600,-0.05,0.59,-0.048,5% ~ 7.5%,0.35,10 ~ 50,0.35,0.03,0,450,265.5,0.062,16.461
2026/08/05,„ш±г∆ч,¬нЌ∞„ш±г∆чЉ“”√,300 ~ 600,0.3,0.59,0,10% ~ 15%,-0.2,10 ~ 50,0.15,0.02,0,450,265.5,0.125,33.1875
2026/08/05,„ш±г∆ч,¬нЌ∞„ш±г∆ч“∆ґѓјѕ»Ћ,300 ~ 600,-0.2,0.76,-0.013,15% ~ 20%,0.05,10 ~ 50,-0.15,0.1,-0.167,450,342,0.175,59.85
2026/08/05,„ш±г∆ч,‘–ЄЊ„ш±г∆ч,300 ~ 600,-0.05,0.89,0.085,25% ~ 30%,0.1,50 ~ 100,0.1,0.06,0,450,400.5,0.275,110.1375
2026/08/05,„ш±г∆ч,„ш±г∆ч≈дЉюіу»Ђ,300 ~ 600,0.05,0.69,-0.068,25% ~ 30%,0.15,50 ~ 100,0.2,0.34,0.03,450,310.5,0.275,85.3875
2026/08/05,„ш±г∆ч,¬нЌ∞ґщЌѓ„ш±г∆ч,300 ~ 600,0.05,0.88,-0.12,25% ~ 30%,0.15,50 ~ 100,0.25,0.06,0,450,396,0.275,108.9
2026/08/05,„ш±г∆ч,јѕƒк»Ћ„ш±г∆ч“ќ„”,300 ~ 600,-0.15,0.81,0.08,15% ~ 20%,0.5,10 ~ 50,0.3,0.83,-0.117,450,364.5,0.175,63.7875
2026/08/05,„ш±г∆ч,ґщЌѓ¬нЌ∞„ш±г∆ч≈Ѓ±¶±¶,300 ~ 600,0.05,0.9,-0.091,25% ~ 30%,0.3,50 ~ 100,0.35,0.23,0.045,450,405,0.275,111.375
2026/08/05,„ш±г∆ч,±¶±¶„ш±г∆ч,300 ~ 600,0.2,0.96,-0.179,15% ~ 20%,-0.4,10 ~ 50,-0.25,0.06,0.2,450,432,0.175,75.6
2026/08/05,„ш±г∆ч,„ш±г∆чґ„њ”…с∆ч,300 ~ 600,0.1,0.79,0.097,15% ~ 20%,-0.15,10 ~ 50,-0.15,0.09,0.125,450,355.5,0.175,62.2125
2026/08/05,„ш±г∆ч,јѕ»Ћ„ш±г∆ч“∆ґѓ¬нЌ∞,300 ~ 600,-0.05,0.83,0.137,15% ~ 20%,-0.15,10 ~ 50,-0.2,0.07,0,450,373.5,0.175,65.3625
2026/08/05,„ш±г∆ч,јѕ»Ћ“∆ґѓ„ш±г∆ч,300 ~ 600,0.05,0.79,0.013,10% ~ 15%,-0.35,10 ~ 50,-0.35,0.06,0,450,355.5,0.125,44.4375
2026/08/05,„ш±г∆ч,ґщЌѓ¬нЌ∞„ш±г∆чƒ–Ќѓ,150 ~ 300,-0.05,0.88,-0.111,35% ~ 40%,0.05,50 ~ 100,0,1.66,-0.051,225,198,0.375,74.25
2026/08/05,„ш±г∆ч,÷«ƒ№¬нЌ∞„ш±г∆ч,150 ~ 300,-0.05,0.5,-0.219,0% ~ 1%,-1.05,0,-1.05,0.03,-0.25,225,112.5,0.005,0.5625
2026/08/05,„ш±г∆ч,јѕ»Ћ„ш±г∆ч¬нЌ∞“ќ„”Љ“”√,150 ~ 300,-0.05,0.83,0.092,20% ~ 25%,0.25,10 ~ 50,0.3,0.46,-0.042,225,186.75,0.225,42.0188
2026/08/05,„ш±г∆ч,¬нЌ∞‘–ЄЊ„ш±г∆ч,150 ~ 300,-0.1,0.86,0.265,20% ~ 25%,0.3,10 ~ 50,0.15,0.04,0,225,193.5,0.225,43.5375
2026/08/05,„ш±г∆ч,“∆ґѓ¬нЌ∞„ш±г∆чјѕ»Ћ,150 ~ 300,-0.1,0.63,-0.113,10% ~ 15%,0.05,10 ~ 50,-0.1,0.05,0,225,141.75,0.125,17.7188
2026/08/05,„ш±г∆ч,≈©іеЇµ≤ё„ш±г∆ч,150 ~ 300,-0.05,0.65,0.102,7.5% ~ 10%,-0.55,8,-0.6,0.16,0,225,146.25,0.087,12.7237
2026/08/05,„ш±г∆ч,„ш±г∆чµж»¶,150 ~ 300,0.25,0.71,-0.134,25% ~ 30%,-0.2,10 ~ 50,0.05,0.07,0.167,225,159.75,0.275,43.9313
2026/08/05,„ш±г∆ч,јѕƒк»Ћ„ш±г∆ч“∆ґѓ¬нЌ∞,150 ~ 300,0.25,0.83,0.064,10% ~ 15%,0.05,10 ~ 50,0.3,0.11,0.222,225,186.75,0.125,23.3438
2026/08/05,„ш±г∆ч,ґщЌѓ¬нЌ∞„ш±г∆ч,150 ~ 300,-0.1,0.77,-0.252,20% ~ 25%,-0.15,10 ~ 50,-0.2,0.03,0,225,173.25,0.225,38.9813
2026/08/05,„ш±г∆ч,¬нЌ∞ґщЌѓ„ш±г∆ч3Ћк“‘…ѕ,150 ~ 300,0.1,0.93,-0.011,15% ~ 20%,-0.25,10 ~ 50,-0.15,8.18,0.091,225,209.25,0.175,36.6187
2026/08/05,„ш±г∆ч,јѕƒк»Ћ¬нЌ∞„ш±г∆чњ…“∆ґѓ,150 ~ 300,0.15,0.64,-0.238,20% ~ 25%,0.15,10 ~ 50,0.2,0.2,0.111,225,144,0.225,32.4
2026/08/05,„ш±г∆ч,„ш±г∆чґщЌѓ,150 ~ 300,-0.15,0.97,-0.067,20% ~ 25%,-0.05,10 ~ 50,-0.3,0.02,-0.333,225,218.25,0.225,49.1063
2026/08/05,„ш±г∆ч,±г–ѓ љ„ш±г∆ч,50 ~ 150,-0.1,0.66,-0.185,20% ~ 25%,0.3,10 ~ 50,0.1,0.05,-0.167,100,66,0.225,14.85
2026/08/05,„ш±г∆ч,„ш±г∆чЉ“”√,50 ~ 150,0.15,0.66,0.294,10% ~ 15%,1.35,8,1.7,0.01,0,100,66,0.125,8.25
2026/08/05,„ш±г∆ч,≥…»Ћ„ш±г∆чЉ“”√,50 ~ 150,-0.15,0.71,-0.202,20% ~ 25%,-0.05,10 ~ 50,-0.25,0.08,-0.111,100,71,0.225,15.975
2026/08/05,„ш±г∆ч,¬нЌ∞„ш±г∆ч,50 ~ 150,-0.05,0.97,1.021,10% ~ 15%,0.15,9,0.55,0,0,100,97,0.125,12.125
2026/08/05,„ш±г∆ч,ґ„њ”„ш±г∆ч,50 ~ 150,0.1,0.7,0.094,15% ~ 20%,-0.2,10 ~ 50,-0.25,0.01,0,100,70,0.175,12.25
2026/08/05,„ш±г∆ч,Їµ≤ё„ш±г∆ч≈©іе,50 ~ 150,0.2,0.57,0.213,7.5% ~ 10%,0.9,6,1.05,0.09,0.125,100,57,0.087,4.959
2026/08/05,„ш±г∆ч,јѕ»Ћ¬нЌ∞„ш±г∆чњ…“∆ґѓ,50 ~ 150,-0.15,0.75,-0.074,10% ~ 15%,-0.3,9,-0.45,0.06,-0.143,100,75,0.125,9.375
2026/08/05,„ш±г∆ч,≤°»Ћ¬нЌ∞„ш±г∆ч,50 ~ 150,0.15,0.6,-0.2,15% ~ 20%,0.25,10 ~ 50,0.4,0.03,0,100,60,0.175,10.5
2026/08/05,„ш±г∆ч,„ш±г∆ч‘–ЄЊ„®”√,50 ~ 150,-0.2,0.87,0.024,15% ~ 20%,-0.35,10 ~ 50,-0.4,0.29,-0.171,100,87,0.175,15.225
2026/08/05,„ш±г∆ч,‘–ЄЊ¬нЌ∞„ш±г∆ч,50 ~ 150,-0.15,0.85,0.09,15% ~ 20%,0.3,10 ~ 50,0.1,0.02,0,100,85,0.175,14.875
2026/08/05,„ш±г∆ч, јЉЌ±¶±і„ш±г∆ч,50 ~ 150,0.2,0.99,0.076,1% ~ 2.5%,0,1,0,0.43,0.162,100,99,0.018,1.782
2026/08/05,„ш±г∆ч,‘–ЄЊ„ш±г∆чґ„њ”…с∆ч,50 ~ 150,0,0.76,-0.225,15% ~ 20%,-0.3,9,-0.35,0.06,0,100,76,0.175,13.3
2026/08/05,„ш±г∆ч,„ш±г∆чЋЃѕд≈дЉю,50 ~ 150,0.6,0.72,-0.133,15% ~ 20%,-0.25,10 ~ 50,0.15,0.02,1,100,72,0.175,12.6
2026/08/05,„ш±г∆ч,–°ЇҐ¬нЌ∞„ш±г∆ч,50 ~ 150,-0.1,0.65,-0.133,20% ~ 25%,-0.25,10 ~ 50,-0.35,0.04,0,100,65,0.225,14.625
2026/08/05,„ш±г∆ч,„ш±г∆ч¬нЌ∞Є«,50 ~ 150,0.15,0.86,0.284,20% ~ 25%,0.65,10 ~ 50,1.05,0.01,0,100,86,0.225,19.35
2026/08/05,„ш±г∆ч,–¬њо„ш±г∆ч,50 ~ 150,0.1,0.6,-0.189,20% ~ 25%,1.55,8,1.7,0.04,0,100,60,0.225,13.5
2026/08/05,„ш±г∆ч,ґщЌѓ¬нЌ∞„ш±г∆чƒ–±¶±¶„®”√,50 ~ 150,0.75,1.08,-0.009,25% ~ 30%,-0.15,10 ~ 50,0.7,0.06,0.5,100,108,0.275,29.7
2026/08/05,„ш±г∆ч,Љт“„¬нЌ∞„ш±г∆чјѕ»Ћ,50 ~ 150,0.05,0.7,-0.103,20% ~ 25%,0.6,10 ~ 50,0.45,0.14,0,100,70,0.225,15.75
2026/08/05,„ш±г∆ч,÷«ƒ№¬нЌ∞“їће љ»Ђ„‘ґѓ„ш±г∆ч≥еѕіЇжЄ…,50 ~ 150,-0.1,0.46,0.022,0% ~ 1%,-1.05,0,-1.05,2,-0.078,100,46,0.005,0.23
2026/08/05,„ш±г∆ч,±¶±¶¬нЌ∞„ш±г∆ч≈Ѓ±¶,50 ~ 150,0.1,1.06,0,25% ~ 30%,0.15,10 ~ 50,0.1,0,-1,100,106,0.275,29.15
2026/08/05,„ш±г∆ч,Љт“„„ш±г∆ч,50 ~ 150,0.2,0.63,-0.171,20% ~ 25%,-0.15,10 ~ 50,0.1,0,-1,100,63,0.225,14.175
2026/08/05,„ш±г∆ч,±¶±¶„ш±г∆чƒ–±¶,50 ~ 150,0.2,1.04,0.106,15% ~ 20%,-0.45,9,-0.35,0,-1,100,104,0.175,18.2
2026/08/05,„ш±г∆ч,„ш±г∆ч Ѓіу∆Ј≈∆,50 ~ 150,0.1,0.63,0.146,5% ~ 7.5%,0.5,3,0.55,0,-1,100,63,0.062,3.906
2026/08/05,„ш±г∆ч,„ш±г∆ч±¶±¶,50 ~ 150,0.25,1.16,0.234,15% ~ 20%,1.8,9,2.05,0,-1,100,116,0.175,20.3
2026/08/05,„ш±г∆ч,ќј…ъЉд„ш±г∆ч,50 ~ 150,-0.2,0.55,-0.098,15% ~ 20%,0.55,5,0,0,-1,100,55,0.175,9.625
2026/08/05,„ш±г∆ч,„ш±г∆чµ „”,50 ~ 150,0.4,0.87,0.101,20% ~ 25%,0.25,10 ~ 50,0.85,0,-1,100,87,0.225,19.575
2026/08/05,„ш±г∆ч,ґщЌѓ„ш±г∆ч≈ЃЇҐ,50 ~ 150,0.25,0.94,-0.021,25% ~ 30%,0.65,10 ~ 50,0.8,0,-1,100,94,0.275,25.85
2026/08/05,„ш±г∆ч,Љ“”√јѕ»Ћ„ш±г∆чњ…“∆ґѓ¬нЌ∞ “ƒЏ,50 ~ 150,0.25,0.85,0.518,15% ~ 20%,5.45,9,8.05,0,-1,100,85,0.175,14.875
2026/08/05,„ш±г∆ч,±¶±¶„ш±г∆ч≈Ѓ±¶,50 ~ 150,0.5,1.02,-0.019,20% ~ 25%,-0.4,10 ~ 50,-0.2,0,-1,100,102,0.225,22.95
2026/08/05,„ш±г∆ч,јѕ»Ћ„ш±г∆чµЏ“ї√ы,50 ~ 150,-0.1,1.09,0.239,15% ~ 20%,-0.3,6,-0.45,0,-1,100,109,0.175,19.075
2026/08/05,„ш±г∆ч,Њ≈ƒЅіу≥еЅ¶„ш±г∆ч,50 ~ 150,2.2,0.15,0,20% ~ 25%,0,1,0,0,-1,100,15,0.225,3.375
2026/08/05,„ш±г∆ч,Їµ≤ё„ш±г∆ч,50 ~ 150,-0.2,0.4,0.026,10% ~ 15%,2.9,4,3.05,0,-1,100,40,0.125,5
2026/08/05,„ш±г∆ч,”§ґщ„ш±г∆ч,50 ~ 150,-0.15,1.03,-0.176,25% ~ 30%,-0.15,10 ~ 50,-0.25,0,-1,100,103,0.275,28.325
2026/08/05,„ш±г∆ч,„ш±г∆чµ„≤њ√№ЈвљЇ,50 ~ 150,0.95,0.97,-0.192,20% ~ 25%,-0.5,10 ~ 50,-0.3,0,-1,100,97,0.225,21.825
2026/08/05,„ш±г∆ч,≥…»Ћ“∆ґѓ¬нЌ∞„ш±г∆ч,50 ~ 150,-0.2,0.61,-0.307,15% ~ 20%,-0.25,8,-0.35,0,-1,100,61,0.175,10.675
2026/08/05,„ш±г∆ч,„ш±г∆чјѕ»Ћ„®”√,50 ~ 150,-0.05,0.77,-0.245,25% ~ 30%,-0.1,10 ~ 50,-0.25,0,-1,100,77,0.275,21.175
2026/08/05,„ш±г∆ч,ґщЌѓ¬нЌ∞„ш±г∆чµж»¶,50 ~ 150,-0.25,1.02,-0.261,20% ~ 25%,-0.2,10 ~ 50,-0.4,0,-1,100,102,0.225,22.95
2026/08/05,„ш±г∆ч,–°ЇҐ„”¬нЌ∞„ш±г∆ч,50 ~ 150,0.05,0.85,-0.315,30% ~ 35%,0.15,10 ~ 50,-0.15,0,-1,100,85,0.325,27.625
2026/08/05,„ш±г∆ч,Љ“”√¬нЌ∞„ш±г∆ч,50 ~ 150,0.2,0.76,0.188,7.5% ~ 10%,0.25,3,0.55,0,0,100,76,0.087,6.612
2026/08/05,„ш±г∆ч,ґщЌѓ¬нЌ∞„ш±г∆ч6Ћк“‘…ѕ,50 ~ 150,-0.1,0.67,-0.069,15% ~ 20%,-0.45,6,-0.45,0,-1,100,67,0.175,11.725
2026/08/05,„ш±г∆ч,≥…»Ћ“∆ґѓ¬нЌ∞„ш±г∆чіуЇ≈,50 ~ 150,-0.1,0.82,0.108,10% ~ 15%,-0.3,5,-0.3,0,-1,100,82,0.125,10.25
2026/08/05,„ш±г∆ч,±г–ѓ љ„ш±г∆чњ…’џµю,50 ~ 150,0.45,0.85,-0.066,25% ~ 30%,5.95,9,8.05,0,-1,100,85,0.275,23.375
2026/08/05,„ш±г∆ч,„ш±г∆чЈц ÷Љ№јѕ»ЋЉ“”√,50 ~ 150,-0.35,0.58,-0.293,2.5% ~ 5%,-0.55,1,-0.7,0,-1,100,58,0.037,2.146
2026/08/05,„ш±г∆ч,јѕ»Ћ„ш±г∆чіу±гµ ,50 ~ 150,0.2,0.67,0.367,15% ~ 20%,-0.1,6,0.25,0,-1,100,67,0.175,11.725
2026/08/05,„ш±г∆ч,ґщЌѓ„ш±г∆ч¬нЌ∞»¶,50 ~ 150,0.1,0.76,-0.339,20% ~ 25%,-0.45,9,-0.35,0,-1,100,76,0.225,17.1
2026/08/05,„ш±г∆ч,ґщЌѓґ„њ”„ш±г∆ч,50 ~ 150,0.05,1.03,0.661,25% ~ 30%,2.7,10 ~ 50,4.05,0,-1,100,103,0.275,28.325
2026/08/05,„ш±г∆ч,јѕƒк»Ћ„ш±г∆ч,50 ~ 150,0.2,0.63,-0.222,10% ~ 15%,-0.05,4,0.35,0,-1,100,63,0.125,7.875
2026/08/05,„ш±г∆ч,Љ“”√јѕ»Ћ„ш±г∆чњ…“∆ґѓ¬нЌ∞,50 ~ 150,-0.15,0.78,-0.257,25% ~ 30%,1.1,8,0.35,0,-1,100,78,0.275,21.45
2026/08/05,„ш±г∆ч,ґ„≤ё„ш±г∆чґщЌѓ,50 ~ 150,0.45,0.56,-0.273,10% ~ 15%,2.95,5,4.05,0,-1,100,56,0.125,7
2026/08/05,„ш±г∆ч,–°ЇҐ„ш±г∆ч,50 ~ 150,0.35,0.79,0.411,15% ~ 20%,-0.3,6,0.25,0,-1,100,79,0.175,13.825
2026/08/05,„ш±г∆ч,„ш±г∆чЈ®јЉ√№Јв»¶,50 ~ 150,0.5,0.83,0.297,30% ~ 35%,-0.1,10 ~ 50,0.7,0,-1,100,83,0.325,26.975
2026/08/05,„ш±г∆ч,ґщЌѓ„ш±г∆чƒ–±¶,50 ~ 150,0.4,0.8,-0.208,10% ~ 15%,-0.2,5,0,0,-1,100,80,0.125,10
2026/08/05,„ш±г∆ч,јѕ»Ћ„ш±г∆ч„ш±г“ќ,50 ~ 150,-0.15,0.77,-0.049,25% ~ 30%,-0.1,8,-0.15,0,-1,100,77,0.275,21.175
2026/08/05,„ш±г∆ч,Љ“”√ љ„ш±г∆ч,50 ~ 150,-0.05,1.17,0.603,25% ~ 30%,0.75,6,1.05,0,-1,100,117,0.275,32.175
2026/08/05,„ш±г∆ч,Љ“”√„ш±г∆ч,50 ~ 150,-0.3,0.69,-0.159,5% ~ 7.5%,-0.7,2,-0.8,0,0,100,69,0.062,4.278
2026/08/05,„ш±г∆ч,¬÷“ќіш„ш±г∆ч,50 ~ 150,-0.1,0.78,-0.284,20% ~ 25%,0.45,7,0.2,0,-1,100,78,0.225,17.55
2026/08/05,„ш±г∆ч,„ш±г∆ч иЌ®…с∆ч,50 ~ 150,-0.05,1.12,0.493,35% ~ 40%,0.45,10 ~ 50,0.45,0,-1,100,112,0.375,42
2026/08/05,„ш±г∆ч,±г≈и„ш±г∆ч,50 ~ 150,-0.1,0.58,-0.266,10% ~ 15%,-0.5,4,-0.6,0,0,100,58,0.125,7.25
2026/08/05,„ш±г∆ч,„ш±г∆ч‘х√іЄƒ≥…ґ„±г∆ч,50 ~ 150,-0.1,0.46,-0.08,5% ~ 7.5%,0,1,0,0,0,100,46,0.062,2.852
2026/08/05,„ш±г∆ч,„ш±г∆ч‘х√іЄƒ≥…ґ„±г∆ч,50 ~ 150,-0.1,0.46,-0.08,5% ~ 7.5%,0,1,0,0,0,100,46,0.062,2.852
2026/08/05,„ш±г∆ч,’џµю„ш±г∆ч,50 ~ 150,-0.1,0.84,0.333,25% ~ 30%,1.2,10 ~ 50,1.05,0,-1,100,84,0.275,23.1
2026/08/05,„ш±г∆ч,Љт“„¬нЌ∞„ш±г∆ч,50 ~ 150,-0.2,0.77,0.51,20% ~ 25%,0.6,8,0.65,0,-1,100,77,0.225,17.325
2026/08/05,„ш±г∆ч,њ…“∆ґѓ¬нЌ∞јѕ»Ћ„ш±г∆ч,20 ~ 50,1,0.79,0.026,20% ~ 25%,-0.2,7,0.45,0,-1,35,27.65,0.225,6.2213
2026/08/05,„ш±г∆ч,ґ„±г…ѕµƒ„ш±г∆ч,20 ~ 50,-0.25,0.64,-0.264,10% ~ 15%,-0.55,3,-0.6,0,-1,35,22.4,0.125,2.8
2026/08/05,„ш±г∆ч,јѕ»Ћ„ш±г∆ч¬нЌ∞“ќ„”Љ“”√≈©іејќєћ–Ќ,20 ~ 50,-0.15,0.91,-0.125,20% ~ 25%,0.1,8,0.15,0,-1,35,31.85,0.225,7.1663
2026/08/05,„ш±г∆ч,“їіќ–‘¬нЌ∞„ш±г∆ч,20 ~ 50,-0.1,0.78,0.444,25% ~ 30%,-0.05,7,-0.15,0,-1,35,27.3,0.275,7.5075
2026/08/05,„ш±г∆ч,јѕƒк»Ћ„®”√„ш±г∆ч,20 ~ 50,-0.1,0.62,-0.127,15% ~ 20%,-0.2,4,-0.25,0,-1,35,21.7,0.175,3.7975
2026/08/05,„ш±г∆ч,÷«ƒ№„ш±г∆ч,20 ~ 50,0.1,0.54,0.317,0% ~ 1%,0,0,0,0,-1,35,18.9,0.005,0.0945
2026/08/05,„ш±г∆ч,і≤…ѕ„ш±г∆ч,20 ~ 50,-0.35,0.66,0.015,20% ~ 25%,0.95,6,0.55,0,-1,35,23.1,0.225,5.1975
2026/08/05,„ш±г∆ч,і≤…ѕ„ш±г∆ч,20 ~ 50,-0.35,0.66,0.015,20% ~ 25%,0.95,6,0.55,0.18,-0.28,35,23.1,0.225,5.1975
2026/08/05,„ш±г∆ч,≈Ѓ њ„ш±г∆ч,20 ~ 50,0.2,0.59,-0.33,15% ~ 20%,0.7,4,1.05,0.42,0.167,35,20.65,0.175,3.6137
2026/08/05,„ш±г∆ч,»Ђ„‘ґѓ÷«ƒ№„ш±г∆ч,20 ~ 50,-0.05,0.47,-0.041,0% ~ 1%,0,0,0,0.01,-0.5,35,16.45,0.005,0.0823
2026/08/05,„ш±г∆ч,±¶±¶¬нЌ∞„ш±г∆ч¬•ћЁ,20 ~ 50,-0.25,0.69,-0.242,25% ~ 30%,0.65,6,0,0.1,-0.231,35,24.15,0.275,6.6413
2026/08/05,„ш±г∆ч,ґщЌѓ≤ёЋщ„ш±г∆ч,20 ~ 50,-0.1,0.82,-0.024,20% ~ 25%,-0.6,6,-0.65,0.02,0,35,28.7,0.225,6.4575
2026/08/05,„ш±г∆ч,јѕƒк»Ћ¬нЌ∞„ш±г∆чњ…“∆ґѓ±г–ѓ љ,20 ~ 50,-0.2,0.9,0.304,25% ~ 30%,0.4,6,0,0.14,-0.176,35,31.5,0.275,8.6625
2026/08/05,„ш±г∆ч,‘–ЄЊµ „”„ш±г∆ч,20 ~ 50,0.15,0.54,-0.425,25% ~ 30%,-0.35,6,-0.45,0.04,0,35,18.9,0.275,5.1975
2026/08/05,„ш±г∆ч,¬нЌ∞ѕыґЊ…±Њъ≈зќнќј…ъЉд„ш±г∆ч,20 ~ 50,-0.2,0.64,-0.304,50% ~ 55%,0.35,10 ~ 50,-0.1,0.3,-0.167,35,22.4,0.525,11.76
2026/08/05,„ш±г∆ч,„ш±г∆ч…ѕіҐќпЉ№,20 ~ 50,-0.45,0.77,-0.094,10% ~ 15%,2.75,4,1.05,3.58,-0.427,35,26.95,0.125,3.3687
2026/08/05,„ш±г∆ч,„ш±г∆чµж„”,20 ~ 50,-0.15,0.79,0.436,30% ~ 35%,0.2,8,0.15,0.02,0,35,27.65,0.325,8.9863
2026/08/05,„ш±г∆ч,Ј≈¬нЌ∞…ѕµƒґщЌѓ„ш±г∆ч,20 ~ 50,-0.25,0.87,0.074,25% ~ 30%,-0.15,7,-0.45,3.42,-0.24,35,30.45,0.275,8.3738
2026/08/05,„ш±г∆ч,¬нЌ∞„ш±г∆чѕі∆®є…,20 ~ 50,-0.4,0.94,0.424,40% ~ 45%,1.15,8,0.15,0.19,-0.345,35,32.9,0.425,13.9825
2026/08/05,„ш±г∆ч,¬нЌ∞„ш±г∆чґщЌѓ¬•ћЁ љ,20 ~ 50,0.15,1.22,1.068,30% ~ 35%,2.05,8,1.7,0.12,0.2,35,42.7,0.325,13.8775
2026/08/05,„ш±г∆ч,”§ґщ¬нЌ∞„ш±г∆ч≈Ѓ±¶±¶,20 ~ 50,-0.25,1.17,0.696,10% ~ 15%,-0.6,3,-0.65,0.07,-0.125,35,40.95,0.125,5.1187
2026/08/05,„ш±г∆ч,¬нЌ∞„ш±г∆чµ„≤њєћґ®љЇ,20 ~ 50,-0.1,0.65,-0.198,25% ~ 30%,-0.2,6,-0.15,0.15,-0.062,35,22.75,0.275,6.2563
2026/08/05,„ш±г∆ч,–°≈у”—¬нЌ∞„ш±г∆ч,20 ~ 50,0.15,0.79,0.026,10% ~ 15%,-0.65,3,-0.6,0.81,0.11,35,27.65,0.125,3.4563
2026/08/05,„ш±г∆ч,Ћ№Ѕѕ¬нЌ∞„ш±г∆ч≥…»Ћ,20 ~ 50,0.15,0.85,-0.023,25% ~ 30%,1.1,7,1.35,0.21,0.167,35,29.75,0.275,8.1813
2026/08/05,„ш±г∆ч,јѕƒк»Ћі≤±я„ш±г∆ч,20 ~ 50,-0.05,1.29,0.792,40% ~ 45%,0.8,8,0.65,0.16,0,35,45.15,0.425,19.1887
2026/08/05,„ш±г∆ч,јѕ»Ћ”√„ш±г∆ч,20 ~ 50,0.45,0.89,0.435,25% ~ 30%,-0.2,5,0,0.01,0,35,31.15,0.275,8.5663
2026/08/05,„ш±г∆ч,јѕ»Ћ„ш±г∆ч¬нЌ∞“ќ,20 ~ 50,0.1,0.81,-0.036,30% ~ 35%,0.8,7,0.8,0.01,0,35,28.35,0.325,9.2138
2026/08/05,„ш±г∆ч,јѕ»Ћ„ш±г∆ч¬нЌ∞“ќ,20 ~ 50,0.1,0.81,-0.036,30% ~ 35%,0.8,7,0.8,0.01,0,35,28.35,0.325,9.2138
2026/08/05,„ш±г∆ч,њ…’џµю„ш±г∆ч,20 ~ 50,-0.35,0.55,-0.191,5% ~ 7.5%,-0.4,1,-0.7,0.02,-0.333,35,19.25,0.062,1.1935
2026/08/05,„ш±г∆ч,”¶Љ±„ш±г∆ч,20 ~ 50,0.3,0.31,-0.367,0% ~ 1%,0,0,0,0.09,0.286,35,10.85,0.005,0.0542
2026/08/05,„ш±г∆ч,Ѕў ±„ш±г∆ч,20 ~ 50,0.25,0.55,0.528,15% ~ 20%,0.85,2,1.05,0.07,0.167,35,19.25,0.175,3.3687
2026/08/05,„ш±г∆ч,ћµ”џ„ш±г∆ч,20 ~ 50,-0.45,0.79,0.179,15% ~ 20%,0.1,4,-0.25,0.01,0,35,27.65,0.175,4.8388
2026/08/05,„ш±г∆ч,„ш±г∆ч„шµж,20 ~ 50,0,1.01,-0.065,40% ~ 45%,1.05,9,1.3,0.01,0,35,35.35,0.425,15.0237
2026/08/05,„ш±г∆ч,јѕƒк»Ћ„®”√„ш±г∆чЉ”Єя…эЄя∞ж,20 ~ 50,0.35,0.76,-0.073,10% ~ 15%,-0.4,2,0,0.05,0.25,35,26.6,0.125,3.325
2026/08/05,„ш±г∆ч,„ш±г∆чјѕ»ЋЉ“”√љб µ,20 ~ 50,0.3,0.84,-0.306,40% ~ 45%,0.65,9,0.85,0.05,0.25,35,29.4,0.425,12.495
2026/08/05,„ш±г∆ч,ґщЌѓ±г≈и„ш±г∆ч,20 ~ 50,0.15,0.68,0.079,25% ~ 30%,0.45,5,0.3,0,0,35,23.8,0.275,6.545
2026/08/05,„ш±г∆ч,±¶±¶ј≠ Ї„ш±г∆ч,20 ~ 50,-0.25,0.94,0.27,30% ~ 35%,-0.15,8,-0.4,0.11,-0.214,35,32.9,0.325,10.6925
2026/08/05,„ш±г∆ч,≤–Љ≤»Ћ¬нЌ∞„ш±г∆ч,20 ~ 50,0.75,1.11,0.247,10% ~ 15%,-0.1,2,0,0.01,0,35,38.85,0.125,4.8563
2026/08/05,„ш±г∆ч,Љ“”√ќј…ъЉд„ш±г∆ч,20 ~ 50,-0.3,0.52,-0.2,10% ~ 15%,0.3,2,0,0.01,-0.5,35,18.2,0.125,2.275
2026/08/05,„ш±г∆ч,јѕ»Ћґ„њ”„ш±г∆ч,20 ~ 50,0.4,0.68,-0.359,7.5% ~ 10%,-0.85,2,-0.75,0.01,0,35,23.8,0.087,2.0706
2026/08/05,„ш±г∆ч,”„ґщ¬нЌ∞„ш±г∆ч≈Ѓ,20 ~ 50,-0.25,0.91,-0.117,30% ~ 35%,-0.05,8,-0.25,0.02,-0.333,35,31.85,0.325,10.3513
2026/08/05,„ш±г∆ч,іш„ш±г∆чµƒ¬÷“ќ,20 ~ 50,0.15,0.68,0.545,5% ~ 7.5%,-0.65,1,-0.7,0.03,0,35,23.8,0.062,1.4756
2026/08/05,„ш±г∆ч,ґщЌѓіу¬нЌ∞„ш±г∆ч,20 ~ 50,-0.1,0.76,0.134,20% ~ 25%,0.05,5,0,0.03,0,35,26.6,0.225,5.985
2026/08/05,„ш±г∆ч,„ш±г∆ч¬нЌ∞Љ“”√µжЋƒЉЊ,20 ~ 50,0.7,1.08,0.069,40% ~ 45%,-0.2,10 ~ 50,0.45,0.01,0,35,37.8,0.425,16.065
2026/08/05,„ш±г∆ч,±¶±¶„ш±г∆ч¬нЌ∞»¶,20 ~ 50,-0.05,0.9,-0.392,15% ~ 20%,-0.4,4,-0.45,0.02,0,35,31.5,0.175,5.5125
2026/08/05,„ш±г∆ч,„ш±г∆чЉ“”√јѕ»Ћ,20 ~ 50,0.25,0.51,-0.177,20% ~ 25%,-0.15,3,0,0.01,0,35,17.85,0.225,4.0163
2026/08/05,„ш±г∆ч,„ш±г∆ч“∆ќї∆ч,20 ~ 50,0.25,0.68,0.478,5% ~ 7.5%,-0.35,1,0,0.01,0,35,23.8,0.062,1.4756
2026/08/05,„ш±г∆ч,„ш±г∆чЉ“”√јѕ»Ћ,20 ~ 50,0.25,0.51,-0.177,20% ~ 25%,-0.15,3,0,0.01,0,35,17.85,0.225,4.0163
2026/08/05,„ш±г∆ч,јѕ»Ћ„ш±г∆чЈц ÷,20 ~ 50,0.2,0.61,-0.103,10% ~ 15%,0,2,0,0.03,0.5,35,21.35,0.125,2.6687
2026/08/05,„ш±г∆ч,„ш±г∆ч¬нЌ∞≈дЉю,20 ~ 50,0.4,0.88,0.173,10% ~ 15%,-0.6,2,-0.55,0,0,35,30.8,0.125,3.85
2026/08/05,„ш±г∆ч,¬÷“ќ„ш±г∆ч,20 ~ 50,0.15,0.69,-0.042,5% ~ 7.5%,-0.75,1,-0.8,0.03,0.5,35,24.15,0.062,1.4973
2026/08/05,„ш±г∆ч,јѕ»Ћ±г–ѓ љ„ш±г∆ч,20 ~ 50,0.15,0.71,0.109,25% ~ 30%,-0.1,5,0.3,0.02,0,35,24.85,0.275,6.8338
2026/08/05,„ш±г∆ч,≤ёЋщ„ш±г∆ч,20 ~ 50,-0.15,0.73,0.073,15% ~ 20%,0.8,2,0,0,0,35,25.55,0.175,4.4712
2026/08/05,„ш±г∆ч,јѕƒк»ЋЉ“”√„ш±г∆ч,20 ~ 50,-0.05,1.37,0.412,30% ~ 35%,-0.15,5,-0.4,0.02,0,35,47.95,0.325,15.5838
2026/08/05,„ш±г∆ч,јѕ»ЋЉ“”√„ш±г∆ч,20 ~ 50,-0.2,0.6,-0.4,15% ~ 20%,0.15,3,-0.3,0.01,0,35,21,0.175,3.675
2026/08/05,„ш±г∆ч,јѕ»Ћ„ш±г∆ч“∆ґѓ¬нЌ∞ЈјїђЈј≥ф,20 ~ 50,0.15,0.66,0.048,10% ~ 15%,0.9,2,1.05,0,-1,35,23.1,0.125,2.8875
2026/08/05,„ш±г∆ч,Їзќь љ„ш±г∆ч,20 ~ 50,0.3,0.6,-0.016,5% ~ 7.5%,0,1,0,0,0,35,21,0.062,1.302
2026/08/05,„ш±г∆ч,Їзќь љ„ш±г∆ч,20 ~ 50,0.3,0.6,-0.016,5% ~ 7.5%,0,1,0,0,0,35,21,0.062,1.302
2026/08/05,„ш±г∆ч,Ј≈‘Џ¬нЌ∞…ѕµƒґщЌѓ„ш±г∆ч,20 ~ 50,0.15,0.94,0.403,20% ~ 25%,-0.3,3,-0.45,0.57,0.118,35,32.9,0.225,7.4025
2026/08/05,„ш±г∆ч,Њ≈ƒЅ„ш±г∆ч,20 ~ 50,0.2,0.55,-0.466,10% ~ 15%,0.75,1,0,0.01,0,35,19.25,0.125,2.4062
2026/08/05,„ш±г∆ч,„ш±г∆чЈј≥фґ¬≥ф∆ч,20 ~ 50,0.2,0.85,-0.066,25% ~ 30%,1.05,4,1.05,0.08,0.143,35,29.75,0.275,8.1813
2026/08/05,„ш±г∆ч,„ш±г∆чЈјЈіЋЃƒж÷єЈІ,20 ~ 50,-0.25,0.8,-0.184,7.5% ~ 10%,-0.6,1,-0.8,0,-1,35,28,0.087,2.436
2026/08/05,„ш±г∆ч,”§ґщ„ш±г∆чƒ–±¶±¶,20 ~ 50,0.05,0.88,-0.146,30% ~ 35%,1.9,7,2.55,0,-1,35,30.8,0.325,10.01
2026/08/05,„ш±г∆ч,”§ґщ„ш±г∆ч≈Ѓ±¶±¶,20 ~ 50,-0.15,1.21,-0.244,25% ~ 30%,0.45,5,0.3,0,-1,35,42.35,0.275,11.6463
2026/08/05,„ш±г∆ч,÷ъ––∆ч„ш±г∆ч,20 ~ 50,0.9,0.95,0.667,10% ~ 15%,-0.65,2,-0.35,0,-1,35,33.25,0.125,4.1562
2026/08/05,„ш±г∆ч,”„ґщ„ш±г∆ч,20 ~ 50,0.05,1.54,1,30% ~ 35%,0.45,5,0.3,0,-1,35,53.9,0.325,17.5175
2026/08/05,„ш±г∆ч,„ш±г∆чЄ«„”Ќ®”√,20 ~ 50,0.2,0.6,-0.362,25% ~ 30%,-0.45,3,-0.6,0,-1,35,21,0.275,5.775
2026/08/05,„ш±г∆ч,±г–ѓ„ш±г∆ч,20 ~ 50,-0.45,0.36,-0.446,10% ~ 15%,-0.5,1,-0.85,0,-1,35,12.6,0.125,1.575
2026/08/05,„ш±г∆ч,„ш±г∆ч“їіќ–‘ћ„,20 ~ 50,-0.05,1.16,0.568,35% ~ 40%,-0.1,7,0,0,-1,35,40.6,0.375,15.225
2026/08/05,„ш±г∆ч,„ш±г∆чЄ«„”Ќ®”√,20 ~ 50,0.2,0.6,-0.362,25% ~ 30%,-0.45,3,-0.6,0,-1,35,21,0.275,5.775
2026/08/05,„ш±г∆ч,ґщЌѓљ„ћЁ љ„ш±г∆ч,20 ~ 50,-0.25,1.45,0.526,25% ~ 30%,-0.3,4,-0.35,0,-1,35,50.75,0.275,13.9563
2026/08/05,„ш±г∆ч,„ш±г∆ч¬нЌ∞Љ“”√іу≥еЅ¶,20 ~ 50,0.85,0.61,-0.164,5% ~ 7.5%,0,1,0,0,0,35,21.35,0.062,1.3237
2026/08/05,„ш±г∆ч,„ш±г∆чљ≈≤»µ ,20 ~ 50,0.45,0.67,-0.264,20% ~ 25%,0.4,3,0.55,0,-1,35,23.45,0.225,5.2763
2026/08/05,„ш±г∆ч,ґщЌѓ¬нЌ∞„ш±г∆ч6Ћк“‘…ѕЉ”іуЇ≈,20 ~ 50,-0.3,0.79,-0.248,15% ~ 20%,-0.45,3,-0.55,0,-1,35,27.65,0.175,4.8388
2026/08/05,„ш±г∆ч,јѕ»ЋЉ“”√“∆ґѓ„ш±г∆ч,20 ~ 50,0.55,0.87,0.261,15% ~ 20%,0.25,2,1.05,0,0,35,30.45,0.175,5.3287
2026/08/05,„ш±г∆ч,„ш±г∆чљшЋЃЈІ,20 ~ 50,0.05,0.54,-0.317,7.5% ~ 10%,-0.85,1,-0.85,0,-1,35,18.9,0.087,1.6443
2026/08/05,„ш±г∆ч,ґщЌѓ¬нЌ∞„ш±г∆ч≈Ѓ±¶±¶2Ћк,20 ~ 50,1.05,1.02,0.378,25% ~ 30%,-0.45,5,0.7,0,-1,35,35.7,0.275,9.8175
2026/08/05,„ш±г∆ч,јѕ»ЋЉ“”√“∆ґѓ„ш±г∆ч,20 ~ 50,0.55,0.87,0.261,15% ~ 20%,0.25,2,1.05,0,0,35,30.45,0.175,5.3287
2026/08/05,„ш±г∆ч,Љ”Єя„ш±г∆ч,20 ~ 50,0.45,0.72,-0.209,0% ~ 1%,-1.05,0,-1.05,0,-1,35,25.2,0.005,0.126
2026/08/05,„ш±г∆ч,„ш±г∆ч…ѕЋЃЈІ,20 ~ 50,0.1,0.55,-0.035,20% ~ 25%,0.15,2,0,0,-1,35,19.25,0.225,4.3312
2026/08/05,„ш±г∆ч,≈©іеЇµ≤ё„®”√„ш±г∆ч,20 ~ 50,-0.15,0.44,-0.267,0% ~ 1%,-1.05,0,-1.05,0,-1,35,15.4,0.005,0.077
2026/08/05,„ш±г∆ч,‘–ЄЊ¬нЌ∞„ш±г∆чњ…“∆ґѓ,20 ~ 50,0.55,0.67,-0.202,7.5% ~ 10%,-0.65,1,0,0,-1,35,23.45,0.087,2.0402
2026/08/05,„ш±г∆ч,–°ґщ¬нЌ∞„ш±г∆ч,20 ~ 50,-0.15,1.51,0.798,20% ~ 25%,-0.45,4,-0.55,0,-1,35,52.85,0.225,11.8913
2026/08/05,„ш±г∆ч,јѕ»Ћ„ш±г∆ч“∆ґѓ¬нЌ∞јђїшіь,20 ~ 50,0.25,0.67,0,40% ~ 45%,-0.3,8,0.15,0,-1,35,23.45,0.425,9.9663
2026/08/05,„ш±г∆ч,„ш±г∆чњ…’џµю,20 ~ 50,0.65,0.66,-0.327,10% ~ 15%,-0.65,2,-0.35,0,-1,35,23.1,0.125,2.8875
2026/08/05,„ш±г∆ч,Њ≈ƒЅЌх„ш±г∆ч,20 ~ 50,-0.15,0.79,0.975,5% ~ 7.5%,0,1,0,0,-1,35,27.65,0.062,1.7143
2026/08/05,„ш±г∆ч,≤ї–вЄ÷„ш±г∆ч,20 ~ 50,-0.2,0.48,-0.392,0% ~ 1%,-1.05,0,-1.05,0,-1,35,16.8,0.005,0.084
2026/08/05,„ш±г∆ч,Љ“”√јѕ»Ћі≤±я„ш±г∆ч,20 ~ 50,-0.3,1,-0.187,40% ~ 45%,0.65,6,0.25,0,-1,35,35,0.425,14.875
2026/08/05,„ш±г∆ч, јЉЌ±¶±іЈ¬’ж„ш±г∆чbh149c,20 ~ 50,0,1.25,0.42,0% ~ 1%,0,0,0,0,-1,35,43.75,0.005,0.2188
2026/08/05,„ш±г∆ч,ќёЋЃ„ш±г∆ч,20 ~ 50,-0.35,0.14,-0.481,0% ~ 1%,0,0,0,0,-1,35,4.9,0.005,0.0245
2026/08/05,„ш±г∆ч,≤ї–вЄ÷„ш±г∆ч,20 ~ 50,-0.2,0.48,-0.392,0% ~ 1%,-1.05,0,-1.05,0,-1,35,16.8,0.005,0.084
2026/08/05,„ш±г∆ч,јѕƒк»Ћ¬нЌ∞„ш±г∆чњ…“∆ґѓіуЇ≈,20 ~ 50,-0.2,0.62,-0.38,0% ~ 1%,-1.05,0,-1.05,0,-1,35,21.7,0.005,0.1085
2026/08/05,„ш±г∆ч,≈©іеЇµ≤ё„ш±г∆чЈј≥ф∆ч,20 ~ 50,0.3,0.59,-0.157,10% ~ 15%,-0.55,1,-0.55,0,-1,35,20.65,0.125,2.5812
2026/08/05,„ш±г∆ч,іу±г„ш±г∆ч,20 ~ 50,-0.3,0.99,0.138,5% ~ 7.5%,-0.75,1,-0.8,0,0,35,34.65,0.062,2.1483
2026/08/05,„ш±г∆ч,„ш±г∆ч≥эєЄЉЅ,20 ~ 50,0.55,0.92,-0.383,35% ~ 40%,-0.3,6,0.55,0,-1,35,32.2,0.375,12.075
2026/08/05,„ш±г∆ч,Љ“Ќ•„ш±г∆ч,20 ~ 50,1.65,0.24,-0.619,50% ~ 55%,1.05,1,0,0,-1,35,8.4,0.525,4.41
2026/08/05,„ш±г∆ч,≤а≈≈¬нЌ∞„ш±г∆ч,20 ~ 50,0.45,0.63,0,0% ~ 1%,0,0,0,0,-1,35,22.05,0.005,0.1103
2026/08/05,„ш±г∆ч,‘–ЄЊ±г–ѓ„ш±г∆ч,20 ~ 50,0.55,1.35,0.098,40% ~ 45%,-0.3,5,0,0,-1,35,47.25,0.425,20.0813
2026/08/05,„ш±г∆ч,±Џє“ љ„ш±г∆ч,20 ~ 50,1.15,0.37,0.85,0% ~ 1%,0,0,0,0,-1,35,12.95,0.005,0.0648
2026/08/05,„ш±г∆ч,„ш±г∆ч≈дЉю,20 ~ 50,-0.4,0.86,0.284,45% ~ 50%,0.4,6,0,0,0,35,30.1,0.475,14.2975
2026/08/05,„ш±г∆ч,„ш±г∆чґ„њ”…с∆чњ…’џµю,20 ~ 50,0.45,0.73,0.698,0% ~ 1%,0,0,0,0,-1,35,25.55,0.005,0.1278
2026/08/05,„ш±г∆ч,–°ЇҐґ„њ”„ш±г∆ч,20 ~ 50,0.95,1.16,1.636,10% ~ 15%,0,2,0,0,-1,35,40.6,0.125,5.075
2026/08/05,„ш±г∆ч,јѕƒк„ш±г∆чјѕ»ЋЉ“”√,20 ~ 50,0.15,0.88,-0.185,25% ~ 30%,0.2,3,0,0,-1,35,30.8,0.275,8.47
2026/08/05,„ш±г∆ч,іу±г„ш±г∆ч,20 ~ 50,-0.3,0.99,0.138,5% ~ 7.5%,-0.75,1,-0.8,0,0,35,34.65,0.062,2.1483
2026/08/05,„ш±г∆ч,ґщЌѓґ„≤ё„ш±г∆ч,20 ~ 50,-0.15,1.51,1.04,25% ~ 30%,0.95,5,1.55,0,-1,35,52.85,0.275,14.5338
2026/08/05,„ш±г∆ч,ґ„њ”„ш±г∆чґщЌѓ,20 ~ 50,-0.2,1.02,-0.081,0% ~ 1%,-1.05,0,-1.05,0,-1,35,35.7,0.005,0.1785
2026/08/05,„ш±г∆ч,ґщЌѓ¬нЌ∞„ш±г∆ч”§”„ґщ„®”√,20 ~ 50,0.55,0.76,-0.608,35% ~ 40%,0,5,0,0,-1,35,26.6,0.375,9.975
2026/08/05,„ш±г∆ч,ґ„њ”Єƒ„ш±г∆ч,20 ~ 50,-0.3,0.64,-0.418,30% ~ 35%,3.65,4,3.05,0,-1,35,22.4,0.325,7.28
2026/08/05,„ш±г∆ч,¬нЌ∞„ш±г∆чѕыґЊ…±Њъ≈зќн,20 ~ 50,-0.45,0.55,-0.191,10% ~ 15%,-0.45,1,-0.8,0,-1,35,19.25,0.125,2.4062
2026/08/05,„ш±г∆ч,„ш±г∆чћ„,20 ~ 50,0.2,0.65,-0.301,30% ~ 35%,-0.25,3,0,0,0,35,22.75,0.325,7.3937
2026/08/05,„ш±г∆ч,Њ≈ƒЅєўЈљ∆мљҐµк„ш±г∆ч,20 ~ 50,-0.4,0.6,0,0% ~ 1%,0,0,0,0,-1,35,21,0.005,0.105
2026/08/05,„ш±г∆ч,∆’Ќ®„ш±г∆ч,20 ~ 50,0,1.19,6,0% ~ 1%,0,0,0,0,-1,35,41.65,0.005,0.2082
2026/08/05,„ш±г∆ч,ґ„≤ёЄƒ„ш±г∆ч,20 ~ 50,-0.4,0.47,-0.544,15% ~ 20%,-0.05,2,-0.35,0,-1,35,16.45,0.175,2.8787
2026/08/05,„ш±г∆ч,ґщЌѓ¬нЌ∞„ш±г∆ч”§”„ґщ„®”√,20 ~ 50,0.55,0.76,-0.608,35% ~ 40%,0,5,0,0,-1,35,26.6,0.375,9.975
2026/08/05,„ш±г∆ч, јЉЌ±¶±іґщЌѓ„ш±г∆ч,20 ~ 50,0.35,0.44,-0.604,0% ~ 1%,0,0,0,0,-1,35,15.4,0.005,0.077
2026/08/05,„ш±г∆ч,„ш±г∆ч–°їІ–Ќ,20 ~ 50,0,0.49,-0.461,0% ~ 1%,0,0,0,0,-1,35,17.15,0.005,0.0857
2026/08/05,„ш±г∆ч,„ш±г∆ч≈Ѓ њ,0 ~ 20,0,0.49,0.089,30% ~ 35%,0,3,0,0,-1,10,4.9,0.325,1.5925
2026/08/05,„ш±г∆ч,јѕƒк»Ћґ„њ”„ш±г∆ч,0 ~ 20,0.4,1.17,0.427,35% ~ 40%,0.25,4,0.35,0,-1,10,11.7,0.375,4.3875
2026/08/05,„ш±г∆ч,„ш±г∆ч‘цЄяµж,0 ~ 20,-0.2,0.8,-0.433,25% ~ 30%,0.2,4,0,0,-1,10,8,0.275,2.2
2026/08/05,„ш±г∆ч,„ш±г∆чЋЃѕд’ыћ„,0 ~ 20,0.15,0.9,0.636,10% ~ 15%,0,1,0,0,-1,10,9,0.125,1.125
2026/08/05,„ш±г∆ч,„ш±г∆чЈц ÷,0 ~ 20,-0.15,1.06,0.452,5% ~ 7.5%,-0.65,1,-0.55,0,-1,10,10.6,0.062,0.6572
2026/08/05,„ш±г∆ч,Ј≈‘Џґ„±г…ѕµƒ„ш±г∆ч,0 ~ 20,-0.1,0.52,0.486,7.5% ~ 10%,0,1,0,0,-1,10,5.2,0.087,0.4524
2026/08/05,„ш±г∆ч,ґщЌѓ¬нЌ∞„ш±г∆ч10Ћк“‘…ѕ,0 ~ 20,-0.25,0.7,-0.157,15% ~ 20%,0.2,2,0,0,-1,10,7,0.175,1.225
2026/08/05,„ш±г∆ч,јѕ»ЋЉт“„„ш±г∆ч,0 ~ 20,-0.25,0.99,0.435,7.5% ~ 10%,-0.5,1,-0.55,0,-1,10,9.9,0.087,0.8613
2026/08/05,„ш±г∆ч,ƒ–±¶±¶„ш±г∆ч,0 ~ 20,-0.1,1.04,0.238,35% ~ 40%,5.2,5,4.05,0,-1,10,10.4,0.375,3.9
2026/08/05,„ш±г∆ч,”„ґщ¬нЌ∞„ш±г∆ч,0 ~ 20,0.95,0.88,-0.178,40% ~ 45%,1.1,5,4.05,0,0,10,8.8,0.425,3.74
2026/08/05,„ш±г∆ч,јѕƒк “ƒЏ„ш±г∆ч,0 ~ 20,-0.35,0.99,0.286,30% ~ 35%,2.15,5,1.55,0,-1,10,9.9,0.325,3.2175
2026/08/05,„ш±г∆ч,јѕƒк»Ћ¬нЌ∞„ш±г∆чњ…“∆ґѓ∆мљҐµк,0 ~ 20,0.4,0.9,-0.196,15% ~ 20%,0.65,2,1.05,0,-1,10,9,0.175,1.575
2026/08/05,„ш±г∆ч,јѕƒк»Ћґ„њ”„ш±г∆ч,0 ~ 20,0.4,1.17,0.427,35% ~ 40%,0.25,4,0.35,0,-1,10,11.7,0.375,4.3875
2026/08/05,„ш±г∆ч,¬нЌ∞„ш±г∆ч≥…»Ћ,0 ~ 20,-0.45,0.79,0.129,10% ~ 15%,0.35,1,0,0,-1,10,7.9,0.125,0.9875
2026/08/05,„ш±г∆ч,ґщЌѓіуЇ≈„ш±г∆ч,0 ~ 20,0.3,0.41,-0.667,0% ~ 1%,-1.05,0,-1.05,0,-1,10,4.1,0.005,0.0205
2026/08/05,„ш±г∆ч,„ш±г∆ч¬нЌ∞»¶,0 ~ 20,1.05,1.2,-0.098,35% ~ 40%,-0.25,5,1.55,0,0,10,12,0.375,4.5
2026/08/05,„ш±г∆ч,“∆ґѓ„ш±г∆чјѕ»Ћ,0 ~ 20,0.25,0.51,-0.136,10% ~ 15%,0.3,1,0,0,0,10,5.1,0.125,0.6375
2026/08/05,„ш±г∆ч,і≤±я„ш±г∆ч,0 ~ 20,-0.2,1.26,0,20% ~ 25%,-0.3,3,-0.3,0,-1,10,12.6,0.225,2.835
2026/08/05,„ш±г∆ч,√®яд¬нЌ∞„ш±г∆ч,0 ~ 20,1.6,0.65,-0.369,30% ~ 35%,0,3,0,0,-1,10,6.5,0.325,2.1125
2026/08/05,„ш±г∆ч,Јј≥ф„ш±г∆ч,0 ~ 20,1.3,0.53,0.359,10% ~ 15%,0,1,0,0,0,10,5.3,0.125,0.6625
2026/08/05,„ш±г∆ч,÷«ƒ№¬нЌ∞„ш±г∆ч»Ђ„‘ґѓ,0 ~ 20,0.25,0.23,-0.439,0% ~ 1%,0,0,0,0,-1,10,2.3,0.005,0.0115
2026/08/05,„ш±г∆ч,√®яд¬нЌ∞„ш±г∆ч,0 ~ 20,1.6,0.65,-0.369,30% ~ 35%,0,3,0,0,-1,10,6.5,0.325,2.1125
2026/08/05,„ш±г∆ч,„‘ґѓ„ш±г∆ч,0 ~ 20,0.1,0.4,-0.13,0% ~ 1%,0,0,0,0,0,10,4,0.005,0.02
2026/08/05,„ш±г∆ч,і≤±я„ш±г∆ч,0 ~ 20,-0.2,1.26,0,20% ~ 25%,-0.3,3,-0.3,0,-1,10,12.6,0.225,2.835
2026/08/05,„ш±г∆ч,ґщЌѓіуЇ≈„ш±г∆ч,0 ~ 20,0.3,0.41,-0.667,0% ~ 1%,-1.05,0,-1.05,0,-1,10,4.1,0.005,0.0205
2026/08/05,„ш±г∆ч,–°≥яіз„ш±г∆ч,0 ~ 20,1.15,0.85,0.197,0% ~ 1%,0,0,0,0,-1,10,8.5,0.005,0.0425
2026/08/05,„ш±г∆ч,јѕ»Ћ„ш±г∆ч“∆ґѓ¬нЌ∞≤–Љ≤»Ћ„ш±г“ќ,0 ~ 20,-0.15,0.67,0.155,10% ~ 15%,-0.65,1,-0.55,0,-1,10,6.7,0.125,0.8375
2026/08/05,„ш±г∆ч,¬нЌ∞‘–ЄЊ„ш±г∆чљб µƒЌ”√,0 ~ 20,0,1.43,0,20% ~ 25%,0,2,0,0,0,10,14.3,0.225,3.2175
2026/08/05,„ш±г∆ч,Њ≈ƒЅ“їће÷«ƒ№„ш±г∆ч,0 ~ 20,0.25,2.41,0.506,7.5% ~ 10%,0,1,0,0,-1,10,24.1,0.087,2.0967
2026/08/05,„ш±г∆ч,јѕ»Ћ„ш±г∆ч¬нЌ∞“∆ґѓ,0 ~ 20,1.45,0.71,-0.09,5% ~ 7.5%,0,1,0,0,0,10,7.1,0.062,0.4402
2026/08/05,„ш±г∆ч,њ…“∆ґѓјѕƒк„ш±г∆ч,0 ~ 20,0.1,1.07,-0.13,20% ~ 25%,0.15,2,0,0,-1,10,10.7,0.225,2.4075
2026/08/05,„ш±г∆ч, хЇу„ш±г∆ч,0 ~ 20,0.35,0.61,0.017,0% ~ 1%,-1.05,0,-1.05,0,-1,10,6.1,0.005,0.0305
2026/08/05,„ш±г∆ч,÷«ƒ№„ш±г∆ч¬нЌ∞Є«,0 ~ 20,0.35,0.67,-0.202,7.5% ~ 10%,0,1,0,0,-1,10,6.7,0.087,0.5829
2026/08/05,„ш±г∆ч,¬нЌ∞‘–ЄЊ„ш±г∆чљб µƒЌ”√,0 ~ 20,0,1.43,0,20% ~ 25%,0,2,0,0,0,10,14.3,0.225,3.2175
2026/08/05,„ш±г∆ч,”Ґ ѕґщЌѓ„ш±г∆ч,0 ~ 20,0.15,0.93,0.033,20% ~ 25%,-0.1,3,0,0,-1,10,9.3,0.225,2.0925
2026/08/05,„ш±г∆ч,µ „”„ш±г∆ч,0 ~ 20,0.35,1.06,-0.264,20% ~ 25%,0.15,2,0,0,-1,10,10.6,0.225,2.385
2026/08/05,„ш±г∆ч,ќј…ъЉд„ш±г∆ч…ѕµƒ÷√ќпЉ№,0 ~ 20,-0.45,0.98,0.153,7.5% ~ 10%,0,1,-0.55,0,-1,10,9.8,0.087,0.8526
2026/08/05,„ш±г∆ч,„ш±г∆ч«еѕі…с∆ч,0 ~ 20,-0.6,0.65,0.25,65% ~ 70%,1.05,4,0,0,-1,10,6.5,0.675,4.3875
2026/08/05,„ш±г∆ч,„ш±г∆ч≈≈ЋЃЈІ√№Јв»¶,0 ~ 20,0,0.69,0.169,30% ~ 35%,0.35,4,1.05,0,-1,10,6.9,0.325,2.2425
2026/08/05,„ш±г∆ч,≤–Љ≤»Ћ„®”√„ш±г∆ч,0 ~ 20,0.1,0.64,0.488,20% ~ 25%,-0.35,2,0,0,-1,10,6.4,0.225,1.44
2026/08/05,„ш±г∆ч,јѕ»Ћ„ш±г∆ч¬нЌ∞“∆ґѓ,0 ~ 20,1.45,0.71,-0.09,5% ~ 7.5%,0,1,0,0,0,10,7.1,0.062,0.4402
2026/08/05,„ш±г∆ч,Њ≈ƒЅ“їће÷«ƒ№„ш±г∆ч,0 ~ 20,0.25,2.41,0.506,7.5% ~ 10%,0,1,0,0,-1,10,24.1,0.087,2.0967
2026/08/05,„ш±г∆ч,ґ„Єƒ„ш±г∆ч,0 ~ 20,0.1,1.25,1.273,10% ~ 15%,0,2,0,0,-1,10,12.5,0.125,1.5625
2026/08/05,„ш±г∆ч,„щ“ќ љ„ш±г∆ч,0 ~ 20,-0.25,0.55,-0.421,50% ~ 55%,2.3,3,0.55,0,-1,10,5.5,0.525,2.8875
2026/08/05,„ш±г∆ч,ґщЌѓ¬нЌ∞„ш±г∆ч»эЇѕ“ї,0 ~ 20,-0.15,0.9,0.837,30% ~ 35%,0.35,4,1.05,0,-1,10,9,0.325,2.925
2026/08/05,„ш±г∆ч,2026–¬њо¬нЌ∞µжЋƒЉЊЌ®”√√вѕіЈјЋЃ„ш±г∆ч¬нЌ∞µж»¶’≥ћщ љѕƒЉЊ„шµж„”,0 ~ 20,1.05,0.45,-0.022,90% ~ 95%,-0.1,10 ~ 50,0.85,0,-1,10,4.5,0.925,4.1625
2026/08/05,„ш±г∆ч,‘–ЄЊґ„њ”„ш±г∆ч,0 ~ 20,0.15,1.07,0.138,20% ~ 25%,-0.35,2,-0.35,0,0,10,10.7,0.225,2.4075
2026/08/05,„ш±г∆ч, јЉЌ±¶±іЈ¬’ж„ш±г∆ч,0 ~ 20,-0.15,0.5,-0.606,0% ~ 1%,0,0,0,0,-1,10,5,0.005,0.025
2026/08/05,„ш±г∆ч,–°їІ–Ќ„ш±г∆ч,0 ~ 20,0.15,0.79,0.975,0% ~ 1%,0,0,0,0,-1,10,7.9,0.005,0.0395
2026/08/05,„ш±г∆ч,¬÷“ќћ±їЊјѕ»Ћ„®”√іш„ш±г∆ч,0 ~ 20,-0.2,0.94,0.808,20% ~ 25%,0,2,0,0,-1,10,9.4,0.225,2.115
2026/08/05,„ш±г∆ч,„ш±г∆ч÷«ƒ№,0 ~ 20,-0.25,0.83,0.66,0% ~ 1%,0,0,0,0,0,10,8.3,0.005,0.0415
2026/08/05,„ш±г∆ч,–°їІ–Ќ„ш±г∆ч,0 ~ 20,0.15,0.79,0.975,0% ~ 1%,0,0,0,0,-1,10,7.9,0.005,0.0395
2026/08/05,„ш±г∆ч,2026–¬њо¬нЌ∞µжЋƒЉЊЌ®”√√вѕіЈјЋЃ„ш±г∆ч¬нЌ∞µж»¶’≥ћщ љѕƒЉЊ„шµж„”,0 ~ 20,1.05,0.45,-0.022,90% ~ 95%,-0.1,10 ~ 50,0.85,0,-1,10,4.5,0.925,4.1625
2026/08/05,„ш±г∆ч,ґщЌѓ¬нЌ∞„ш±г∆ч»эЇѕ“ї,0 ~ 20,-0.15,0.9,0.837,30% ~ 35%,0.35,4,1.05,0,-1,10,9,0.325,2.925
2026/08/05,„ш±г∆ч,“їіќ–‘„ш±г∆ч,0 ~ 20,-0.35,0.38,-0.208,0% ~ 1%,-1.05,0,-1.05,0,-1,10,3.8,0.005,0.019
2026/08/05,„ш±г∆ч,ґщЌѓ¬нЌ∞„ш±г∆чƒ–ЌѓіуЇ≈,0 ~ 20,0.35,1.42,0.044,30% ~ 35%,-0.35,3,-0.3,0,-1,10,14.2,0.325,4.615
2026/08/05,„ш±г∆ч,“ќ„”„ш±г∆ч,0 ~ 20,-0.25,0.78,0.418,0% ~ 1%,-1.05,0,-1.05,0,-1,10,7.8,0.005,0.039
2026/08/05,„ш±г∆ч,¬÷“ќћ±їЊјѕ»Ћ„®”√іш„ш±г∆ч,0 ~ 20,-0.2,0.94,0.808,20% ~ 25%,0,2,0,0,-1,10,9.4,0.225,2.115
2026/08/05,„ш±г∆ч,„щ“ќ љ„ш±г∆ч,0 ~ 20,-0.25,0.55,-0.421,50% ~ 55%,2.3,3,0.55,0,-1,10,5.5,0.525,2.8875
2026/08/05,„ш±г∆ч,„ш±г∆чµж„”Ќ®”√,0 ~ 20,0.3,0.94,0.161,40% ~ 45%,-0.25,4,0,0,-1,10,9.4,0.425,3.995
2026/08/05,„ш±г∆ч,ґщЌѓ–°„ш±г∆ч,0 ~ 20,0.2,1.02,0.214,25% ~ 30%,-0.05,2,-0.35,0,0,10,10.2,0.275,2.805
2026/08/05,„ш±г∆ч,њ…“∆ґѓ„ш±г∆ч,0 ~ 20,0.2,0.73,-0.535,30% ~ 35%,0.7,3,0.55,0,0,10,7.3,0.325,2.3725
2026/08/05,„ш±г∆ч,јѕ»Ћ„ш±г∆ч“∆ґѓ¬нЌ∞Љ”Єя50cm,0 ~ 20,0.55,0.86,0.194,50% ~ 55%,0,4,0,0,-1,10,8.6,0.525,4.515
2026/08/05,„ш±г∆ч,Њ≈ƒЅ„ш±г∆ч¬нЌ∞,0 ~ 20,1.55,0.41,-0.024,0% ~ 1%,0,0,0,0,0,10,4.1,0.005,0.0205
2026/08/05,„ш±г∆ч,„ш±г∆чµж„”Ќ®”√,0 ~ 20,0.3,0.94,0.161,40% ~ 45%,-0.25,4,0,0,-1,10,9.4,0.425,3.995
2026/08/05,„ш±г∆ч,„ш±г∆чЇу√ж÷√ќпЉ№,0 ~ 20,-0.4,0.88,0.143,15% ~ 20%,-0.3,2,-0.55,0,-1,10,8.8,0.175,1.54
2026/08/05,„ш±г∆ч, јЉЌ±¶±іЈ¬’ж„ш±г∆чpvcњо,0 ~ 20,0.1,0.38,-0.309,0% ~ 1%,0,0,0,0,-1,10,3.8,0.005,0.019
2026/08/05,„ш±г∆ч,„ш±г∆чјѕ»Ћ,0 ~ 20,0.4,0.56,-0.597,10% ~ 15%,-0.65,1,-0.55,0,0,10,5.6,0.125,0.7
2026/08/05,„ш±г∆ч,„ш±г∆чЋЃѕдљшЋЃЈІ,0 ~ 20,-0.15,0.73,-0.04,15% ~ 20%,-0.4,2,0,0,-1,10,7.3,0.175,1.2775
2026/08/05,„ш±г∆ч,¬нЌ∞‘цЄя„ш±г∆ч,0 ~ 20,-0.6,1.1,0.222,40% ~ 45%,3.9,4,1.05,0,-1,10,11,0.425,4.675
2026/08/05,„ш±г∆ч,ґщЌѓ–°„ш±г∆ч,0 ~ 20,0.2,1.02,0.214,25% ~ 30%,-0.05,2,-0.35,0,0,10,10.2,0.275,2.805
2026/08/05,„ш±г∆ч,Њ≈ƒЅ„ш±г∆ч¬нЌ∞Љ“”√,0 ~ 20,0.9,1.06,1.789,0% ~ 1%,0,0,0,0,-1,10,10.6,0.005,0.053
2026/08/05,„ш±г∆ч,„ш±г∆чјѕ»Ћ,0 ~ 20,0.4,0.56,-0.597,10% ~ 15%,-0.65,1,-0.55,0,0,10,5.6,0.125,0.7
2026/08/05,„ш±г∆ч, јЉЌ±¶±іЈ¬’ж„ш±г∆чpvcњо,0 ~ 20,0.1,0.38,-0.309,0% ~ 1%,0,0,0,0,-1,10,3.8,0.005,0.019
2026/08/05,„ш±г∆ч,„ш±г∆чЋЃѕдљшЋЃЈІ,0 ~ 20,-0.15,0.73,-0.04,15% ~ 20%,-0.4,2,0,0,-1,10,7.3,0.175,1.2775
2026/08/05,„ш±г∆ч,іш„ш±г∆ч¬÷“ќ,0 ~ 20,-0.1,0.79,0.975,15% ~ 20%,-0.35,1,-0.55,0,-1,10,7.9,0.175,1.3825
2026/08/05,„ш±г∆ч,„ш±г∆чµж„”Ќ®”√,0 ~ 20,0.3,0.94,0.161,40% ~ 45%,-0.25,4,0,0,-1,10,9.4,0.425,3.995
2026/08/05,„ш±г∆ч,„ш±г∆чЇу√ж÷√ќпЉ№,0 ~ 20,-0.4,0.88,0.143,15% ~ 20%,-0.3,2,-0.55,0,-1,10,8.8,0.175,1.54
2026/08/05,„ш±г∆ч,–°ЇҐ¬нЌ∞„ш±г∆ч≈Ѓ±¶±¶,0 ~ 20,-0.4,0.83,0.092,25% ~ 30%,0.4,3,0,0,-1,10,8.3,0.275,2.2825
2026/08/05,„ш±г∆ч,јѕƒк»Ћњ…“∆ґѓ„ш±г∆ч,0 ~ 20,0.2,0.66,-0.655,20% ~ 25%,-0.55,2,0,0,-1,10,6.6,0.225,1.485
2026/08/05,„ш±г∆ч,„ш±г∆чµ„≤њ√№Јв»¶,0 ~ 20,-0.25,0.91,0.358,30% ~ 35%,0.35,2,0,0,-1,10,9.1,0.325,2.9575
2026/08/05,„ш±г∆ч,јѕƒк„ш±г∆ч“∆ґѓ¬нЌ∞,0 ~ 20,0,0.6,-0.104,10% ~ 15%,-0.65,1,-0.7,0,-1,10,6,0.125,0.75
2026/08/05,„ш±г∆ч,јѕ»Ћ„ш±г∆ч“∆ґѓ¬нЌ∞¬÷“ќ,0 ~ 20,-0.5,0.55,0,0% ~ 1%,-1.05,0,-1.05,0,-1,10,5.5,0.005,0.0275
2026/08/05,„ш±г∆ч,”§ґщ±г≈и„ш±г∆ч,0 ~ 20,0.2,0.95,-0.258,20% ~ 25%,0,2,0,0,0,10,9.5,0.225,2.1375
2026/08/05,„ш±г∆ч,–°±¶±¶„ш±г∆ч,0 ~ 20,0.6,0.7,0.186,35% ~ 40%,0.35,3,0.55,0,0,10,7,0.375,2.625
2026/08/05,„ш±г∆ч,”≈«Џ¬нЌ∞„шµжevaЋƒЉЊЌ®”√Љ“”√2026–¬њо’≥ћщ љЈјЋЃ√вѕі„ш±г∆чћ„µж,0 ~ 20,0,1.4,0,100% ~ 105%,0,10 ~ 50,0,0,0,10,14,1.025,14.35
2026/08/05,„ш±г∆ч,¬нЌ∞„ш±г∆чЄ«„”єћґ®≈дЉю,0 ~ 20,0.3,1.12,-0.317,15% ~ 20%,-0.6,2,-0.35,0,-1,10,11.2,0.175,1.96
2026/08/05,„ш±г∆ч,–°ЇҐ¬нЌ∞„ш±г∆ч≈Ѓ±¶±¶,0 ~ 20,-0.4,0.83,0.092,25% ~ 30%,0.4,3,0,0,-1,10,8.3,0.275,2.2825
2026/08/05,„ш±г∆ч,ґщЌѓ¬нЌ∞„ш±г∆ч3Ћк“‘…ѕ,0 ~ 20,0.1,0.7,-0.278,10% ~ 15%,-0.6,1,-0.55,0,-1,10,7,0.125,0.875
2026/08/05,„ш±г∆ч,ґ„њ”Єƒ¬нЌ∞„ш±г∆ч,0 ~ 20,0,0.61,0,10% ~ 15%,0,1,0,0,0,10,6.1,0.125,0.7625
2026/08/05,„ш±г∆ч,„ш±г∆чѕ¬ЋЃ√№Јв»¶,0 ~ 20,0.8,0.65,0.383,30% ~ 35%,0,3,0,0,-1,10,6.5,0.325,2.1125
2026/08/05,„ш±г∆ч,ґ„±г¬нЌ∞„ш±г∆ч,0 ~ 20,-0.1,0.39,0.114,0% ~ 1%,-1.05,0,-1.05,0,0,10,3.9,0.005,0.0195
2026/08/05,„ш±г∆ч,ґ„њ”Єƒ¬нЌ∞„ш±г∆ч,0 ~ 20,0,0.61,0,10% ~ 15%,0,1,0,0,0,10,6.1,0.125,0.7625
2026/08/05,„ш±г∆ч,¬нЌ∞ љ„ш±г∆ч,0 ~ 20,0.1,0.74,-0.26,25% ~ 30%,0,2,0,0,0,10,7.4,0.275,2.035
2026/08/05,„ш±г∆ч,Јјґ≥„ш±г∆ч,0 ~ 20,-0.15,0.19,-0.678,0% ~ 1%,0,0,0,0,-1,10,1.9,0.005,0.0095
2026/08/05,„ш±г∆ч,„ш±г∆чЄƒґ„±г∆ч,0 ~ 20,0,0.53,0,0% ~ 1%,0,0,0,0,0,10,5.3,0.005,0.0265
2026/08/05,„ш±г∆ч,јѕ»Ћ”√µƒ“∆ґѓ„ш±г∆ч,0 ~ 20,-0.1,0.68,-0.227,25% ~ 30%,1.05,2,1.05,0,0,10,6.8,0.275,1.87
2026/08/05,„ш±г∆ч,јѕƒк»Ћ„ш±г∆чЈц ÷,0 ~ 20,-0.4,0.79,0.491,10% ~ 15%,-0.6,1,-0.8,0,-1,10,7.9,0.125,0.9875
2026/08/05,„ш±г∆ч,„ш±г∆ч≈≈ЋЃЈІ,0 ~ 20,1.2,0.71,9.143,10% ~ 15%,0,1,0,0,0,10,7.1,0.125,0.8875
2026/08/05,„ш±г∆ч,ґщЌѓ„ш±г∆ч¬•ћЁ љ,0 ~ 20,-0.2,0.83,0.456,55% ~ 60%,4.6,5,4.05,0,-1,10,8.3,0.575,4.7725
2026/08/05,„ш±г∆ч,јѕ»Ћ„ш±г∆ч¬нЌ∞“ќ„”Љ“”√ µƒЊ,0 ~ 20,-0.3,0.8,0.039,10% ~ 15%,-0.45,1,-0.55,0,-1,10,8,0.125,1
2026/08/05,„ш±г∆ч,„ш±г∆ч¬нЌ∞ћ„,0 ~ 20,0.1,1.15,0.307,10% ~ 15%,-0.7,1,-0.7,0,0,10,11.5,0.125,1.4375
2026/08/05,„ш±г∆ч,ґщЌѓ„ш±г∆ч¬•ћЁ љ,0 ~ 20,-0.2,0.83,0.456,55% ~ 60%,4.6,5,4.05,0,-1,10,8.3,0.575,4.7725
2026/08/05,„ш±г∆ч,±¶±¶¬нЌ∞„ш±г∆ч,0 ~ 20,-0.15,0.58,-0.309,40% ~ 45%,3.3,3,2.05,0,0,10,5.8,0.425,2.465
2026/08/05,„ш±г∆ч,ґщЌѓј≠ Ї„ш±г∆ч,0 ~ 20,-0.35,0.72,-0.217,10% ~ 15%,-0.75,1,-0.85,0,-1,10,7.2,0.125,0.9
2026/08/05,„ш±г∆ч,Јјґ≥„ш±г∆ч,0 ~ 20,-0.15,0.19,-0.678,0% ~ 1%,0,0,0,0,-1,10,1.9,0.005,0.0095
2026/08/05,„ш±г∆ч,јѕ»Ћ„ш±г∆ч¬нЌ∞“ќ„”Љ“”√ µƒЊ,0 ~ 20,-0.3,0.8,0.039,10% ~ 15%,-0.45,1,-0.55,0,-1,10,8,0.125,1
2026/08/05,„ш±г∆ч,„ш±г∆чЋЃѕд≈дЉюіу»Ђ,0 ~ 20,-0.15,0.38,-0.174,30% ~ 35%,1.35,2,1.05,0,-1,10,3.8,0.325,1.235
2026/08/05,„ш±г∆ч,„ш±г∆ч≈≈ЋЃЈІ,0 ~ 20,1.2,0.71,9.143,10% ~ 15%,0,1,0,0,0,10,7.1,0.125,0.8875
2026/08/05,„ш±г∆ч,¬нЌ∞ґщЌѓ„ш±г∆ч3Ћк“‘…ѕЉ”іу–ЌЇ≈,0 ~ 20,-0.15,2.12,0.317,30% ~ 35%,0.35,3,0,0,-1,10,21.2,0.325,6.89
2026/08/05,„ш±г∆ч,ґщЌѓ¬нЌ∞„ш±г∆ч–°ЇҐ„®”√≤ёЋщ,0 ~ 20,0.35,0.6,-0.326,20% ~ 25%,0,2,0,0,-1,10,6,0.225,1.35
2026/08/05,„ш±г∆ч,≥йЋЃ„ш±г∆ч,0 ~ 20,-0.4,0,-1,0% ~ 1%,0,0,0,0,0,10,0,0.005,0
2026/08/05,„ш±г∆ч,„ш±г∆ч¬нЌ∞ћ„,0 ~ 20,0.1,1.15,0.307,10% ~ 15%,-0.7,1,-0.7,0,0,10,11.5,0.125,1.4375
2026/08/05,„ш±г∆ч,„ш±г∆ч≈≈ЋЃЈІ,0 ~ 20,1.2,0.71,9.143,10% ~ 15%,0,1,0,0,0,10,7.1,0.125,0.8875
2026/08/05,„ш±г∆ч,ґщЌѓ„ш±г∆ч«ељаіь,0 ~ 20,-0.4,1.13,0.153,70% ~ 75%,0.15,8,-0.15,0,-1,10,11.3,0.725,8.1925
2026/08/05,„ш±г∆ч,јѕ»Ћ„ш±г∆ч¬нЌ∞“ќ„”Љ“”√ µƒЊ,0 ~ 20,-0.3,0.8,0.039,10% ~ 15%,-0.45,1,-0.55,0,-1,10,8,0.125,1
2026/08/05,„ш±г∆ч,ґщЌѓј≠ Ї„ш±г∆ч,0 ~ 20,-0.35,0.72,-0.217,10% ~ 15%,-0.75,1,-0.85,0,-1,10,7.2,0.125,0.9
2026/08/05,„ш±г∆ч,„ш±г∆чЅђљ”є№,0 ~ 20,0.25,0.68,0.152,35% ~ 40%,-0.3,3,0.55,0,-1,10,6.8,0.375,2.55
2026/08/05,„ш±г∆ч,‘–ЄЊ’џµю„ш±г∆ч,0 ~ 20,0.1,0.44,-0.443,0% ~ 1%,0,0,0,0,-1,10,4.4,0.005,0.022
2026/08/05,„ш±г∆ч,≥…»Ћ“∆ґѓ„ш±г∆ч,0 ~ 20,-0.1,0.64,-0.111,15% ~ 20%,-0.55,1,-0.55,0,-1,10,6.4,0.175,1.12
2026/08/05,„ш±г∆ч,“їће љ„ш±г∆ч,0 ~ 20,0.25,0.5,-0.167,0% ~ 1%,0,0,0,0,0,10,5,0.005,0.025
2026/08/05,„ш±г∆ч,јѕ»Ћ„ш±г∆ч»нµж,0 ~ 20,-0.3,1.25,1.016,25% ~ 30%,0,2,0,0,-1,10,12.5,0.275,3.4375
2026/08/05,„ш±г∆ч,“∆ґѓ љ„ш±г∆ч,0 ~ 20,0,1.44,0.516,25% ~ 30%,1.05,2,1.05,0,-1,10,14.4,0.275,3.96
2026/08/05,„ш±г∆ч,≈©іе≤ёЋщ„ш±г∆ч,0 ~ 20,-0.35,0.38,-0.642,20% ~ 25%,0,1,0,0,-1,10,3.8,0.225,0.855
2026/08/05,„ш±г∆ч,їЁіп„ш±г∆ч,0 ~ 20,1.05,1.56,2.25,0% ~ 1%,0,0,0,0,-1,10,15.6,0.005,0.078
2026/08/05,„ш±г∆ч,ґщЌѓ¬нЌ∞„ш±г∆ч¬•ћЁ љ,0 ~ 20,0,1.44,0.083,30% ~ 35%,0.55,3,0.55,0,-1,10,14.4,0.325,4.68
2026/08/05,„ш±г∆ч,≤ї–вЄ÷¬нЌ∞„ш±г∆ч,0 ~ 20,-0.25,0.64,0.164,10% ~ 15%,-0.15,1,0,0,-1,10,6.4,0.125,0.8
2026/08/05,„ш±г∆ч,√®¬нЌ∞„ш±г∆ч,0 ~ 20,0,0.93,0,10% ~ 15%,0,1,0,0,0,10,9.3,0.125,1.1625
2026/08/05,„ш±г∆ч,є«’џ≤°»Ћ„ш±г∆ч,0 ~ 20,0.1,0.6,0.111,10% ~ 15%,0,1,0,0,-1,10,6,0.125,0.75
2026/08/05,„ш±г∆ч,ґ„ љ„ш±г∆ч,0 ~ 20,0.55,0.94,1.293,10% ~ 15%,-0.3,1,0,0,-1,10,9.4,0.125,1.175
2026/08/05,„ш±г∆ч,–°≈у”—„ш±г∆ч,0 ~ 20,-0.25,1.03,-0.55,55% ~ 60%,4.75,4,3.05,0,-1,10,10.3,0.575,5.9225
2026/08/05,„ш±г∆ч,–°≈у”—„ш±г∆ч,0 ~ 20,-0.25,1.03,-0.55,55% ~ 60%,4.75,4,3.05,0,-1,10,10.3,0.575,5.9225
2026/08/05,„ш±г∆ч,їЁіп„ш±г∆ч,0 ~ 20,1.05,1.56,2.25,0% ~ 1%,0,0,0,0,-1,10,15.6,0.005,0.078
2026/08/05,„ш±г∆ч,≈©іеЇµ≤ё√в≥е„ш±г∆ч,0 ~ 20,-0.25,1.55,1.768,0% ~ 1%,0,0,0,0,-1,10,15.5,0.005,0.0775
2026/08/05,„ш±г∆ч,≤ї–вЄ÷¬нЌ∞„ш±г∆ч,0 ~ 20,-0.25,0.64,0.164,10% ~ 15%,-0.15,1,0,0,-1,10,6.4,0.125,0.8
2026/08/05,„ш±г∆ч,“їће љ„ш±г∆ч,0 ~ 20,0.25,0.5,-0.167,0% ~ 1%,0,0,0,0,0,10,5,0.005,0.025
2026/08/05,„ш±г∆ч,≥…»Ћ“∆ґѓ„ш±г∆ч,0 ~ 20,-0.1,0.64,-0.111,15% ~ 20%,-0.55,1,-0.55,0,-1,10,6.4,0.175,1.12
2026/08/05,„ш±г∆ч,‘–ЄЊ’џµю„ш±г∆ч,0 ~ 20,0.1,0.44,-0.443,0% ~ 1%,0,0,0,0,-1,10,4.4,0.005,0.022
2026/08/05,„ш±г∆ч,√®¬нЌ∞„ш±г∆ч,0 ~ 20,0,0.93,0,10% ~ 15%,0,1,0,0,0,10,9.3,0.125,1.1625
2026/08/05,„ш±г∆ч,ґщЌѓ„®”√„ш±г∆ч,0 ~ 20,-0.35,1.06,0.277,40% ~ 45%,0.3,3,0,0,-1,10,10.6,0.425,4.505
2026/08/05,„ш±г∆ч,¬нЌ∞„ш±г∆чґщЌѓ»эЇѕ“ї,0 ~ 20,0.4,1.19,0.545,55% ~ 60%,0.45,4,1.05,0,-1,10,11.9,0.575,6.8425
2026/08/05,„ш±г∆ч,„ш±г∆ч√јЈмћщ,0 ~ 20,0.85,1.83,-0.465,15% ~ 20%,0,1,0,0,-1,10,18.3,0.175,3.2025
2026/08/05,„ш±г∆ч,„ш±г∆ч«ељаЉЅ,0 ~ 20,0,0.18,-0.82,30% ~ 35%,-0.25,1,-0.7,0,-1,10,1.8,0.325,0.585
2026/08/05,„ш±г∆ч,ґщЌѓіу±г„ш±г∆ч,0 ~ 20,-0.2,0.38,-0.714,25% ~ 30%,-0.15,2,0,0,-1,10,3.8,0.275,1.045
2026/08/05,„ш±г∆ч,¬÷“ќјѕ»Ћ„®”√іш„ш±г∆ч,0 ~ 20,-0.1,0.64,0.73,10% ~ 15%,0,1,0,0,-1,10,6.4,0.125,0.8
2026/08/05,„ш±г∆ч,јѕ»Ћ„ш±г∆чЉ”Єя,0 ~ 20,-0.1,1.07,0.289,0% ~ 1%,-1.05,0,-1.05,0,-1,10,10.7,0.005,0.0535
2026/08/05,„ш±г∆ч,±г±г≈и±¶±¶„ш±г∆ч,0 ~ 20,0.4,0.53,-0.145,10% ~ 15%,-0.15,1,0,0,-1,10,5.3,0.125,0.6625
2026/08/05,„ш±г∆ч,ґщЌѓ„®”√„ш±г∆ч,0 ~ 20,-0.35,1.06,0.277,40% ~ 45%,0.3,3,0,0,-1,10,10.6,0.425,4.505
2026/08/05,„ш±г∆ч,ґ„≈и„ш±г∆ч,0 ~ 20,0.25,0.76,1.815,20% ~ 25%,0,1,0,0,-1,10,7.6,0.225,1.71
2026/08/05,„ш±г∆ч,¬нЌ∞„ш±г∆чґщЌѓ»эЇѕ“ї,0 ~ 20,0.4,1.19,0.545,55% ~ 60%,0.45,4,1.05,0,-1,10,11.9,0.575,6.8425
2026/08/05,„ш±г∆ч,¬÷“ќ љ„ш±г∆ч,0 ~ 20,0.4,0.19,-0.75,0% ~ 1%,0,0,0,0,-1,10,1.9,0.005,0.0095
2026/08/05,„ш±г∆ч,≥µ‘Ў„ш±г∆ч,0 ~ 20,-0.2,0.6,-0.603,0% ~ 1%,-1.05,0,-1.05,0,-1,10,6,0.005,0.03
2026/08/05,„ш±г∆ч,ґщЌѓіу±г„ш±г∆ч,0 ~ 20,-0.2,0.38,-0.714,25% ~ 30%,-0.15,2,0,0,-1,10,3.8,0.275,1.045
2026/08/05,„ш±г∆ч,±г≈и„ш±г∆ч‘х√і”√,0 ~ 20,0.25,0.5,-0.138,0% ~ 1%,0,0,0,0,0,10,5,0.005,0.025
2026/08/05,„ш±г∆ч,≈©іе„ш±г∆ч,0 ~ 20,0.85,0.5,0.191,0% ~ 1%,0,0,0,0,-1,10,5,0.005,0.025
2026/08/05,„ш±г∆ч,“љ”√¬нЌ∞„ш±г∆ч,0 ~ 20,0,0.45,-0.458,20% ~ 25%,0,1,0,0,-1,10,4.5,0.225,1.0125
2026/08/05,„ш±г∆ч,¬нЌ∞„ш±г∆чґщЌѓ»эЇѕ“ї,0 ~ 20,0.4,1.19,0.545,55% ~ 60%,0.45,4,1.05,0,-1,10,11.9,0.575,6.8425
2026/08/05,„ш±г∆ч,„ш±г∆ч√јЈмћщ,0 ~ 20,0.85,1.83,-0.465,15% ~ 20%,0,1,0,0,-1,10,18.3,0.175,3.2025
2026/08/05,„ш±г∆ч,„ш±г∆чЋЃѕд,0 ~ 20,0.4,0.44,0.257,50% ~ 55%,0,2,0,0,0,10,4.4,0.525,2.31
2026/08/05,„ш±г∆ч,“љ”√„ш±г∆ч,0 ~ 20,-0.2,0.76,0.407,0% ~ 1%,-1.05,0,-1.05,0,-1,10,7.6,0.005,0.038
2026/08/05,„ш±г∆ч,ґ„≈и„ш±г∆ч,0 ~ 20,0.25,0.76,1.815,20% ~ 25%,0,1,0,0,-1,10,7.6,0.225,1.71
2026/08/05,„ш±г∆ч,„ш±г∆ч«ељаЉЅ,0 ~ 20,0,0.18,-0.82,30% ~ 35%,-0.25,1,-0.7,0,-1,10,1.8,0.325,0.585
2026/08/05,„ш±г∆ч,“∆ґѓ¬нЌ∞„ш±г∆чјѕ»ЋЈјїђЈј≥ф,0 ~ 20,0.6,0.48,-0.505,0% ~ 1%,0,0,0,0,-1,10,4.8,0.005,0.024
2026/08/05,„ш±г∆ч,“љ”√„ш±г∆ч,0 ~ 20,-0.2,0.76,0.407,0% ~ 1%,-1.05,0,-1.05,0,-1,10,7.6,0.005,0.038
2026/08/05,„ш±г∆ч,Ј¬’ж„ш±г∆ч јЉЌ±¶±іbh149c,0 ~ 20,0,0.51,0,0% ~ 1%,0,0,0,0,0,10,5.1,0.005,0.0255
2026/08/05,„ш±г∆ч,¬÷“ќ љ„ш±г∆ч,0 ~ 20,0.4,0.19,-0.75,0% ~ 1%,0,0,0,0,-1,10,1.9,0.005,0.0095
2026/08/05,„ш±г∆ч,µ∞–ќ„ш±г∆ч,0 ~ 20,0.4,0.7,0,0% ~ 1%,0,0,0,0,0,10,7,0.005,0.035
2026/08/05,„ш±г∆ч,„ш±г∆ч≥еѕі∆®є…,0 ~ 20,-0.35,0.65,0.857,15% ~ 20%,0.7,1,0,0,-1,10,6.5,0.175,1.1375
2026/08/05,„ш±г∆ч,ґщЌѓ„ш±г∆ч—µЅЈ,0 ~ 20,0,1.03,-0.12,40% ~ 45%,0,3,0,0,-1,10,10.3,0.425,4.3775
2026/08/05,„ш±г∆ч,“љ”√¬нЌ∞„ш±г∆ч,0 ~ 20,0,0.45,-0.458,20% ~ 25%,0,1,0,0,-1,10,4.5,0.225,1.0125
2026/08/05,„ш±г∆ч,ќј…ъЉдґ„њ”Єƒ„ш±г∆ч,0 ~ 20,0.3,0.39,-0.745,0% ~ 1%,-1.05,0,-1.05,0,-1,10,3.9,0.005,0.0195
2026/08/05,„ш±г∆ч,њ…“∆ґѓ љ„ш±г∆ч,0 ~ 20,-0.25,1.64,1.688,20% ~ 25%,0,1,0,0,-1,10,16.4,0.225,3.69
2026/08/05,„ш±г∆ч,»’±ЊљшњЏјѕ»Ћ„ш±г∆ч,0 ~ 20,0,0.86,0,0% ~ 1%,0,0,0,0,0,10,8.6,0.005,0.043
2026/08/05,„ш±г∆ч,јѕ»Ћќј…ъЉд„ш±г∆ч,0 ~ 20,0,0.94,0,25% ~ 30%,0,2,0,0,0,10,9.4,0.275,2.585
2026/08/05,„ш±г∆ч,–°ЇҐґщ„ш±г∆ч,0 ~ 20,0.7,1.82,1.304,50% ~ 55%,0,3,0.55,0,0,10,18.2,0.525,9.555
2026/08/05,„ш±г∆ч,Љ“”√Јј≥ф„ш±г∆ч,0 ~ 20,0,0.22,0,0% ~ 1%,0,0,0,0,0,10,2.2,0.005,0.011
2026/08/05,„ш±г∆ч,„ш±г∆чµ„≤њ√№Јвћх,0 ~ 20,0.45,0.78,0.56,60% ~ 65%,-0.15,3,0.55,0,-1,10,7.8,0.625,4.875
2026/08/05,„ш±г∆ч,”§”„ґщ„ш±г∆ч,0 ~ 20,-0.1,1.41,0.382,15% ~ 20%,-0.6,1,-0.7,0,-1,10,14.1,0.175,2.4675
2026/08/05,„ш±г∆ч,Ј≈÷«ƒ№¬нЌ∞…ѕµƒґщЌѓ„ш±г∆ч,0 ~ 20,-0.2,0.64,-0.402,0% ~ 1%,-1.05,0,-1.05,0,-1,10,6.4,0.005,0.032
2026/08/05,„ш±г∆ч,≤ёЋщЄ®÷ъ„ш±г∆ч,0 ~ 20,0.3,1,0.351,0% ~ 1%,-1.05,0,-1.05,0,-1,10,10,0.005,0.05
2026/08/05,„ш±г∆ч,ќј…ъЉдґ„њ”Єƒ„ш±г∆ч,0 ~ 20,0.3,0.39,-0.745,0% ~ 1%,-1.05,0,-1.05,0,-1,10,3.9,0.005,0.0195
2026/08/05,„ш±г∆ч,„ш±г∆чЄ«∞е,0 ~ 20,-0.55,0.91,-0.569,5% ~ 7.5%,-0.35,1,-0.55,0,0,10,9.1,0.062,0.5642
2026/08/05,„ш±г∆ч,»’±ЊљшњЏјѕ»Ћ„ш±г∆ч,0 ~ 20,0,0.86,0,0% ~ 1%,0,0,0,0,0,10,8.6,0.005,0.043
2026/08/05,„ш±г∆ч,‘–ЄЊЄ®÷ъ„ш±г∆ч,0 ~ 20,-0.3,1.12,0.514,35% ~ 40%,0,3,0,0,-1,10,11.2,0.375,4.2
2026/08/05,„ш±г∆ч,„ш±г∆чЋЃѕд∞і≈•,0 ~ 20,0.7,0.65,0.354,65% ~ 70%,1.7,4,3.05,0,0,10,6.5,0.675,4.3875
2026/08/05,„ш±г∆ч,–°ЇҐґщ„ш±г∆ч,0 ~ 20,0.7,1.82,1.304,50% ~ 55%,0,3,0.55,0,0,10,18.2,0.525,9.555
2026/08/05,„ш±г∆ч,Ј≈÷«ƒ№¬нЌ∞…ѕµƒґщЌѓ„ш±г∆ч,0 ~ 20,-0.2,0.64,-0.402,0% ~ 1%,-1.05,0,-1.05,0,-1,10,6.4,0.005,0.032
2026/08/05,„ш±г∆ч,”§”„ґщ„ш±г∆ч,0 ~ 20,-0.1,1.41,0.382,15% ~ 20%,-0.6,1,-0.7,0,-1,10,14.1,0.175,2.4675
2026/08/05,„ш±г∆ч,‘–∆Џ„ш±г∆ч,0 ~ 20,-0.35,1.02,0.417,10% ~ 15%,0.35,1,0,0,-1,10,10.2,0.125,1.275
2026/08/05,„ш±г∆ч,≤ёЋщЄ®÷ъ„ш±г∆ч,0 ~ 20,0.3,1,0.351,0% ~ 1%,-1.05,0,-1.05,0,-1,10,10,0.005,0.05
2026/08/05,„ш±г∆ч,ќј…ъЉдґ„њ”Єƒ„ш±г∆ч,0 ~ 20,0.3,0.39,-0.745,0% ~ 1%,-1.05,0,-1.05,0,-1,10,3.9,0.005,0.0195
2026/08/05,„ш±г∆ч,”§”„ґщ„ш±г∆ч,0 ~ 20,-0.1,1.41,0.382,15% ~ 20%,-0.6,1,-0.7,0,-1,10,14.1,0.175,2.4675
2026/08/05,„ш±г∆ч,јѕ»Ћќј…ъЉд„ш±г∆ч,0 ~ 20,0,0.94,0,25% ~ 30%,0,2,0,0,0,10,9.4,0.275,2.585
2026/08/05,„ш±г∆ч,њ…“∆ґѓ љ„ш±г∆ч,0 ~ 20,-0.25,1.64,1.688,20% ~ 25%,0,1,0,0,-1,10,16.4,0.225,3.69
2026/08/05,„ш±г∆ч,„ш±г∆чѕ¬ЋЃ≈дЉю,0 ~ 20,0.45,0.33,-0.522,20% ~ 25%,-0.65,1,0,0,-1,10,3.3,0.225,0.7425
2026/08/05,„ш±г∆ч,‘–∆Џ„ш±г∆ч,0 ~ 20,-0.35,1.02,0.417,10% ~ 15%,0.35,1,0,0,-1,10,10.2,0.125,1.275
2026/08/05,„ш±г∆ч,»’±ЊљшњЏјѕ»Ћ„ш±г∆ч,0 ~ 20,0,0.86,0,0% ~ 1%,0,0,0,0,0,10,8.6,0.005,0.043
2026/08/05,„ш±г∆ч,„ш±г∆чЈјЋЃ’÷,0 ~ 20,0.3,1.28,1.415,30% ~ 35%,0,1,0,0,-1,10,12.8,0.325,4.16
2026/08/05,„ш±г∆ч,  Їѕјѕƒк»Ћµƒ„ш±г∆ч,0 ~ 20,0.15,0.85,0.232,20% ~ 25%,0,1,0,0,0,10,8.5,0.225,1.9125
2026/08/05,„ш±г∆ч,„ш±г∆чЄ«∞е,0 ~ 20,-0.55,0.91,-0.569,5% ~ 7.5%,-0.35,1,-0.55,0,0,10,9.1,0.062,0.5642
2026/08/05,„ш±г∆ч,Ћ№Ѕѕ„ш±г∆ч,0 ~ 20,-0.1,0.67,2.046,25% ~ 30%,0.3,1,0,0,-1,10,6.7,0.275,1.8425
2026/08/05,„ш±г∆ч,≤ёЋщЄ®÷ъ„ш±г∆ч,0 ~ 20,0.3,1,0.351,0% ~ 1%,-1.05,0,-1.05,0,-1,10,10,0.005,0.05
2026/08/05,„ш±г∆ч,≤°»ЋЉ“”√„ш±г∆ч,0 ~ 20,-0.35,0.54,-0.449,0% ~ 1%,-1.05,0,-1.05,0,0,10,5.4,0.005,0.027
2026/08/05,„ш±г∆ч,јѕ»Ћ„®”√„ш±г∆ч,0 ~ 20,-0.2,0.82,0.188,0% ~ 1%,-1.05,0,-1.05,0,-1,10,8.2,0.005,0.041
2026/08/05,„ш±г∆ч,Љ”Єяјѕ»Ћ„ш±г∆ч,0 ~ 20,0.3,0.91,0.083,10% ~ 15%,-0.15,1,0,0,-1,10,9.1,0.125,1.1375
2026/08/05,„ш±г∆ч,„ш±г∆ч≥…»Ћ,0 ~ 20,0,1.02,1.04,25% ~ 30%,0,1,0,0,0,10,10.2,0.275,2.805
2026/08/05,„ш±г∆ч,Љт“„’џµю„ш±г∆ч,0 ~ 20,0,0.7,0,15% ~ 20%,0,1,0,0,0,10,7,0.175,1.225
2026/08/05,„ш±г∆ч,≥µ‘Ў±г–ѓ љ„ш±г∆ч,0 ~ 20,0.55,0.55,-0.636,0% ~ 1%,-1.05,0,-1.05,0,-1,10,5.5,0.005,0.0275
2026/08/05,„ш±г∆ч,ґ„±г„ш±г∆чґщЌѓ,0 ~ 20,0,0.62,0,0% ~ 1%,0,0,0,0,0,10,6.2,0.005,0.031
2026/08/05,„ш±г∆ч,Ј≈‘ЏЌ∞…ѕµƒ„ш±г∆ч,0 ~ 20,0,0.53,0.104,10% ~ 15%,-0.75,1,-0.55,0,-1,10,5.3,0.125,0.6625
2026/08/05,„ш±г∆ч,„ш±г∆ч ÷«ƒ№,0 ~ 20,0.15,0.81,1.132,0% ~ 1%,0,0,0,0,0,10,8.1,0.005,0.0405
2026/08/05,„ш±г∆ч,јѕƒк»Ћ…ѕ≤ёЋщ„ш±г∆ч,0 ~ 20,-0.35,0.85,-0.066,25% ~ 30%,-0.1,2,-0.35,0,-1,10,8.5,0.275,2.3375
2026/08/05,„ш±г∆ч,ґщЌѓ¬нЌ∞„ш±г∆ч¬•ћЁ љњ…’џµю,0 ~ 20,0.15,0.63,-0.292,10% ~ 15%,-0.3,1,0,0,-1,10,6.3,0.125,0.7875
2026/08/05,„ш±г∆ч,Љ“”√Љт“„„ш±г∆ч,0 ~ 20,-0.4,0.83,0.318,0% ~ 1%,-1.05,0,-1.05,0,-1,10,8.3,0.005,0.0415
2026/08/05,„ш±г∆ч,’џµю љ„ш±г∆ч,0 ~ 20,0,0.38,-0.548,20% ~ 25%,0,1,0,0,-1,10,3.8,0.225,0.855
2026/08/05,„ш±г∆ч,’џµю¬нЌ∞„ш±г∆ч,0 ~ 20,0.3,1.57,3.758,0% ~ 1%,0,0,0,0,0,10,15.7,0.005,0.0785
2026/08/05,„ш±г∆ч, иЌ®„ш±г∆ч„®”√є§Њя…с∆ч,0 ~ 20,-0.15,0.72,0.18,25% ~ 30%,-0.35,2,-0.35,0,-1,10,7.2,0.275,1.98
2026/08/05,„ш±г∆ч,Љэ≈∆ќј‘°єўЈљ∆мљҐµк’э∆Ј„ш±г∆ч,0 ~ 20,0.15,0.63,-0.443,0% ~ 1%,0,0,0,0,-1,10,6.3,0.005,0.0315
2026/08/05,„ш±г∆ч,±¶±¶„ш±г∆ч≈Ѓ±¶”„ґщ„®”√,0 ~ 20,0,1.51,0,20% ~ 25%,0,2,0,0,0,10,15.1,0.225,3.3975
2026/08/05,„ш±г∆ч,Љ”Єяјѕ»Ћ„ш±г∆ч,0 ~ 20,0.3,0.91,0.083,10% ~ 15%,-0.15,1,0,0,-1,10,9.1,0.125,1.1375
2026/08/05,„ш±г∆ч,„ш±г∆ч ÷«ƒ№,0 ~ 20,0.15,0.81,1.132,0% ~ 1%,0,0,0,0,0,10,8.1,0.005,0.0405
2026/08/05,„ш±г∆ч,Љэ≈∆ќј‘°єўЈљ∆мљҐµк’э∆Ј„ш±г∆ч,0 ~ 20,0.15,0.63,-0.443,0% ~ 1%,0,0,0,0,-1,10,6.3,0.005,0.0315
2026/08/05,„ш±г∆ч,“ќ„” љ„ш±г∆ч,0 ~ 20,-0.15,0.92,0.333,0% ~ 1%,-1.05,0,-1.05,0,-1,10,9.2,0.005,0.046
2026/08/05,„ш±г∆ч,„ш±г∆ч¬нЌ∞µ ,0 ~ 20,0.15,0.33,-0.312,0% ~ 1%,0,0,0,0,0,10,3.3,0.005,0.0165
2026/08/05,„ш±г∆ч,“їЋк±¶±¶„ш±г∆ч,0 ~ 20,-0.2,0.67,-0.485,20% ~ 25%,-0.6,1,-0.8,0,-1,10,6.7,0.225,1.5075
2026/08/05,„ш±г∆ч,Ј≈‘ЏЌ∞…ѕµƒ„ш±г∆ч,0 ~ 20,0,0.53,0.104,10% ~ 15%,-0.75,1,-0.55,0,-1,10,5.3,0.125,0.6625
2026/08/05,„ш±г∆ч,‘–ЄЊ„ш±г∆ч“∆ґѓ¬нЌ∞,0 ~ 20,0.55,0.56,-0.273,0% ~ 1%,-1.05,0,-1.05,0,0,10,5.6,0.005,0.028
2026/08/05,„ш±г∆ч,„ш±г∆ч∞і≈•,0 ~ 20,0.15,0.47,-0.816,20% ~ 25%,0,1,0,0,0,10,4.7,0.225,1.0575
2026/08/05,„ш±г∆ч,„ш±г∆чµж»¶єиљЇ,0 ~ 20,0,0.14,0,0% ~ 1%,0,0,0,0,0,10,1.4,0.005,0.007
2026/08/05,„ш±г∆ч,’џµю љ„ш±г∆ч,0 ~ 20,0,0.38,-0.548,20% ~ 25%,0,1,0,0,-1,10,3.8,0.225,0.855
2026/08/05,„ш±г∆ч,≤ …Ђ„ш±г∆ч,0 ~ 20,-0.2,0.52,-0.119,0% ~ 1%,0,0,0,0,-1,10,5.2,0.005,0.026
2026/08/05,„ш±г∆ч,Ї√ЌёЌё„ш±г∆ч,0 ~ 20,-0.35,0.52,0.106,0% ~ 1%,0,0,0,0,-1,10,5.2,0.005,0.026
2026/08/05,„ш±г∆ч,÷«ƒ№„ш±г∆ч≈дЉю,0 ~ 20,0.3,0.86,1.867,0% ~ 1%,0,0,0,0,-1,10,8.6,0.005,0.043
2026/08/05,„ш±г∆ч,Љт“„’џµю„ш±г∆ч,0 ~ 20,0,0.7,0,15% ~ 20%,0,1,0,0,0,10,7,0.175,1.225
2026/08/05,„ш±г∆ч,ґ„±г„ш±г∆чґщЌѓ,0 ~ 20,0,0.62,0,0% ~ 1%,0,0,0,0,0,10,6.2,0.005,0.031
2026/08/05,„ш±г∆ч,Ј≈‘ЏЌ∞…ѕµƒ„ш±г∆ч,0 ~ 20,0,0.53,0.104,10% ~ 15%,-0.75,1,-0.55,0,-1,10,5.3,0.125,0.6625
2026/08/05,„ш±г∆ч,’џµю¬нЌ∞„ш±г∆ч,0 ~ 20,0.3,1.57,3.758,0% ~ 1%,0,0,0,0,0,10,15.7,0.005,0.0785
2026/08/05,„ш±г∆ч,±г–ѓ љјѕ»Ћ„ш±г∆ч,0 ~ 20,0.15,0.69,0.113,60% ~ 65%,2.05,3,2.05,0,-1,10,6.9,0.625,4.3125
2026/08/05,„ш±г∆ч,„ш±г∆чµж»¶єиљЇ,0 ~ 20,0,0.14,0,0% ~ 1%,0,0,0,0,0,10,1.4,0.005,0.007
2026/08/05,„ш±г∆ч,”г‘Њјѕ»Ћ„ш±г∆ч,0 ~ 20,0,0.83,0.025,20% ~ 25%,0,1,0,0,-1,10,8.3,0.225,1.8675
2026/08/05,„ш±г∆ч,¬нЌ∞Є«ћб ÷ѕ∆њ™∆чћбЄ«∆чј≠ ÷љ“Є«∆чќј…ъЉд„ш±г∆чћбј≠∆чіі“вЌ®”√,0 ~ 20,0.55,0.86,0.792,55% ~ 60%,-0.45,4,-0.25,0,-1,10,8.6,0.575,4.945
2026/08/05,„ш±г∆ч,“їЋк±¶±¶„ш±г∆ч,0 ~ 20,-0.2,0.67,-0.485,20% ~ 25%,-0.6,1,-0.8,0,-1,10,6.7,0.225,1.5075
2026/08/05,„ш±г∆ч,„ш±г∆чµж»¶єиљЇ,0 ~ 20,0,0.14,0,0% ~ 1%,0,0,0,0,0,10,1.4,0.005,0.007
2026/08/05,„ш±г∆ч,„ш±г∆ч ÷«ƒ№,0 ~ 20,0.15,0.81,1.132,0% ~ 1%,0,0,0,0,0,10,8.1,0.005,0.0405
2026/08/05,„ш±г∆ч,„ш±г∆чљшЋЃє№,0 ~ 20,0.55,0.63,-0.644,80% ~ 85%,1.55,5,4.05,0,-1,10,6.3,0.825,5.1975
2026/08/05,„ш±г∆ч, иЌ®„ш±г∆ч„®”√є§Њя…с∆ч,0 ~ 20,-0.15,0.72,0.18,25% ~ 30%,-0.35,2,-0.35,0,-1,10,7.2,0.275,1.98
2026/08/05,„ш±г∆ч,Ј≈‘ЏЌ∞…ѕµƒ„ш±г∆ч,0 ~ 20,0,0.53,0.104,10% ~ 15%,-0.75,1,-0.55,0,-1,10,5.3,0.125,0.6625
2026/08/05,„ш±г∆ч,¬ьЅъ‘∆Є–„ш±г∆ч,0 ~ 20,0,0.82,0,30% ~ 35%,0,2,0,0,0,10,8.2,0.325,2.665
2026/08/05,„ш±г∆ч,ґщЌѓ¬нЌ∞„ш±г∆ч«ељаіь,0 ~ 20,-0.35,0.88,-0.011,60% ~ 65%,0.3,5,0,0,-1,10,8.8,0.625,5.5
2026/08/05,„ш±г∆ч,¬нЌ∞ґщЌѓ„ш±г∆ч≈Ѓ±¶±¶,0 ~ 20,0,3.39,0,50% ~ 55%,0,4,0,0,0,10,33.9,0.525,17.7975
2026/08/05,„ш±г∆ч,„ш±г∆ч«еља…с∆ч,0 ~ 20,0.35,0.65,0.3,50% ~ 55%,-0.55,1,-0.55,0,-1,10,6.5,0.525,3.4125
2026/08/05,„ш±г∆ч,ƒ–Ќѓ¬нЌ∞„ш±г∆ч,0 ~ 20,0.15,0.06,-0.928,0% ~ 1%,-1.05,0,-1.05,0,-1,10,0.6,0.005,0.003
2026/08/05,„ш±г∆ч,±Џє“„ш±г∆ч»»ѕъ∞с,0 ~ 20,-0.4,0.08,0,0% ~ 1%,0,0,0,0,-1,10,0.8,0.005,0.004
2026/08/05,„ш±г∆ч,ƒЊ„ш±г∆ч,0 ~ 20,0,1,0,30% ~ 35%,0,1,0,0,0,10,10,0.325,3.25
2026/08/05,„ш±г∆ч,іуЌѓ„ш±г∆ч,0 ~ 20,0,0.42,0,0% ~ 1%,0,0,0,0,0,10,4.2,0.005,0.021
2026/08/05,„ш±г∆ч,„ш±г∆ч“їіќ–‘„шµж,0 ~ 20,0.35,1.89,1.277,50% ~ 55%,0.3,2,0,0,-1,10,18.9,0.525,9.9225
2026/08/05,„ш±г∆ч,ґщЌѓ”√„ш±г∆ч,0 ~ 20,-0.65,0.89,0.435,20% ~ 25%,1.25,1,0,0,-1,10,8.9,0.225,2.0025
2026/08/05,„ш±г∆ч,“љ‘ЇЌђњо„ш±г∆ч,0 ~ 20,0,0.67,0,0% ~ 1%,0,0,0,0,0,10,6.7,0.005,0.0335
2026/08/05,„ш±г∆ч,Љ“”√јѕ»Ћ“∆ґѓ„ш±г∆ч,0 ~ 20,0.35,1.46,0.073,20% ~ 25%,-0.25,1,0,0,0,10,14.6,0.225,3.285
2026/08/05,„ш±г∆ч,¬нЌ∞„ш±г∆чЉ№„”,0 ~ 20,0,0.91,0.444,0% ~ 1%,-1.05,0,-1.05,0,-1,10,9.1,0.005,0.0455
2026/08/05,„ш±г∆ч,„ш±г∆ч¬нЌ∞ћ’і…,0 ~ 20,0,0.82,0,25% ~ 30%,0,1,0,0,0,10,8.2,0.275,2.255
2026/08/05,„ш±г∆ч,„ш±г∆ч¬нЌ∞ћ’і…,0 ~ 20,0,0.82,0,25% ~ 30%,0,1,0,0,0,10,8.2,0.275,2.255
2026/08/05,„ш±г∆ч,¬нЌ∞„ш±г∆ч»Ђєъ Ѓіу∆Ј≈∆,0 ~ 20,0,0.06,0,0% ~ 1%,0,0,0,0,0,10,0.6,0.005,0.003
2026/08/05,„ш±г∆ч,Љ”Їс„ш±г∆ч,0 ~ 20,0,0.86,0,0% ~ 1%,0,0,0,0,0,10,8.6,0.005,0.043
2026/08/05,„ш±г∆ч,ƒЊ„ш±г∆ч,0 ~ 20,0,1,0,30% ~ 35%,0,1,0,0,0,10,10,0.325,3.25
2026/08/05,„ш±г∆ч,„ш±г∆чЋЃѕдЄ«,0 ~ 20,0.35,0.24,-0.5,0% ~ 1%,0,0,0,0,0,10,2.4,0.005,0.012
2026/08/05,„ш±г∆ч,„ш±г∆чјѕ»Ћ“∆ґѓ¬нЌ∞≈дЉю,0 ~ 20,-0.3,0.46,-0.324,20% ~ 25%,0.65,1,0,0,-1,10,4.6,0.225,1.035
2026/08/05,„ш±г∆ч,„ш±г∆ч«еља…с∆ч,0 ~ 20,0.35,0.65,0.3,50% ~ 55%,-0.55,1,-0.55,0,-1,10,6.5,0.525,3.4125
2026/08/05,„ш±г∆ч,ґщЌѓ”√„ш±г∆ч,0 ~ 20,-0.65,0.89,0.435,20% ~ 25%,1.25,1,0,0,-1,10,8.9,0.225,2.0025
2026/08/05,„ш±г∆ч,≈©іеЇµ≤ё„ш±г∆ч¬нЌ∞Є«,0 ~ 20,-0.15,0.82,0.464,15% ~ 20%,0,1,0,0,-1,10,8.2,0.175,1.435
2026/08/05,„ш±г∆ч,јѕƒк»Ћ”√„ш±г∆ч,0 ~ 20,-0.3,1.25,0.126,35% ~ 40%,1.65,3,2.05,0,-1,10,12.5,0.375,4.6875
2026/08/05,„ш±г∆ч, Іƒ№јѕ»Ћ„ш±г∆ч,0 ~ 20,-0.6,1.23,1.46,20% ~ 25%,0.25,1,0,0,-1,10,12.3,0.225,2.7675
2026/08/05,„ш±г∆ч,„ш±г∆ч≈©іеЇµ≤ё,0 ~ 20,-0.4,0.52,0.625,20% ~ 25%,-0.25,1,0,0,-1,10,5.2,0.225,1.17
2026/08/05,„ш±г∆ч,≈©іеЇµ≤ё„ш±г∆ч¬нЌ∞Є«,0 ~ 20,-0.15,0.82,0.464,15% ~ 20%,0,1,0,0,-1,10,8.2,0.175,1.435
2026/08/05,„ш±г∆ч,јѕƒк»Ћ”√„ш±г∆ч,0 ~ 20,-0.3,1.25,0.126,35% ~ 40%,1.65,3,2.05,0,-1,10,12.5,0.375,4.6875
2026/08/05,„ш±г∆ч,іуЌѓ„ш±г∆ч,0 ~ 20,0,0.42,0,0% ~ 1%,0,0,0,0,0,10,4.2,0.005,0.021
2026/08/05,„ш±г∆ч,„ш±г∆ч¬нЌ∞ћ’і…,0 ~ 20,0,0.82,0,25% ~ 30%,0,1,0,0,0,10,8.2,0.275,2.255
2026/08/05,„ш±г∆ч,јѕ»Ћ≤ёЋщ„ш±г∆ч,0 ~ 20,-0.15,0.61,0.649,50% ~ 55%,1.55,2,1.05,0,0,10,6.1,0.525,3.2025
2026/08/05,„ш±г∆ч,ƒ–Ќѓ¬нЌ∞„ш±г∆ч,0 ~ 20,0.15,0.06,-0.928,0% ~ 1%,-1.05,0,-1.05,0,-1,10,0.6,0.005,0.003
2026/08/05,„ш±г∆ч,„ш±г∆ч“їіќ–‘„шµж,0 ~ 20,0.35,1.89,1.277,50% ~ 55%,0.3,2,0,0,-1,10,18.9,0.525,9.9225
2026/08/05,„ш±г∆ч,¬нЌ∞„ш±г∆чЉ№„”,0 ~ 20,0,0.91,0.444,0% ~ 1%,-1.05,0,-1.05,0,-1,10,9.1,0.005,0.0455
2026/08/05,„ш±г∆ч,≈©іеЇµ≤ё„ш±г∆ч¬нЌ∞Є«,0 ~ 20,-0.15,0.82,0.464,15% ~ 20%,0,1,0,0,-1,10,8.2,0.175,1.435
2026/08/05,„ш±г∆ч,јѕƒк»Ћ”√„ш±г∆ч,0 ~ 20,-0.3,1.25,0.126,35% ~ 40%,1.65,3,2.05,0,-1,10,12.5,0.375,4.6875
2026/08/05,„ш±г∆ч,јѕ»Ћ≤ёЋщ„ш±г∆ч,0 ~ 20,-0.15,0.61,0.649,50% ~ 55%,1.55,2,1.05,0,0,10,6.1,0.525,3.2025
2026/08/05,„ш±г∆ч,¬нЌ∞„ш±г∆чµж»¶,0 ~ 20,0.35,0.29,-0.887,0% ~ 1%,-1.05,0,-1.05,0,0,10,2.9,0.005,0.0145
2026/08/05,„ш±г∆ч,„ш±г∆ч∞≤»ЂЈц ÷,0 ~ 20,0,0.64,0,50% ~ 55%,0,1,0,0,0,10,6.4,0.525,3.36
2026/08/05,„ш±г∆ч,ґ„±г≥Ў„ш±г∆ч,0 ~ 20,0,0.48,0,0% ~ 1%,0,0,0,0,0,10,4.8,0.005,0.024
2026/08/05,„ш±г∆ч,±г–ѓ љ“∆ґѓ„ш±г∆ч,0 ~ 20,-0.5,0.13,-0.889,0% ~ 1%,-1.05,0,-1.05,0,-1,10,1.3,0.005,0.0065
2026/08/05,„ш±г∆ч,ќ‘ “„ш±г∆ч,0 ~ 20,-0.4,0.59,-0.535,0% ~ 1%,-1.05,0,-1.05,0,-1,10,5.9,0.005,0.0295
2026/08/05,„ш±г∆ч,јѕ»Ћ„ш±г∆ч“∆ґѓµ „”,0 ~ 20,0,0.6,0,30% ~ 35%,0,1,0,0,0,10,6,0.325,1.95
2026/08/05,„ш±г∆ч,ґщЌѓ¬нЌ∞„ш±г∆ч≈Ѓ±¶±¶3Ћк,0 ~ 20,0,1.7,0.133,25% ~ 30%,0,1,0,0,-1,10,17,0.275,4.675
2026/08/04,„ш±г∆ч,„ш±г∆чЋ—Ћчі ,2500 ~ 5000,-0.05,0.56,0.018,10% ~ 15%,-0.1,100 ~ 250,-0.15,0.06,0,3750,2100,0.125,262.5
2026/08/04,„ш±г∆ч,¬нЌ∞„ш±г∆чґщЌѓ,1200 ~ 2500,0.1,0.86,0,20% ~ 25%,0.2,250 ~ 500,0.3,0.28,0.077,1850,1591,0.225,357.975
2026/08/04,„ш±г∆ч,„ш±г∆чјѕ»Ћ“∆ґѓ¬нЌ∞,600 ~ 1200,-0.05,0.81,0.125,15% ~ 20%,0.15,100 ~ 250,0.1,0.22,-0.043,900,729,0.175,127.575
2026/08/04,„ш±г∆ч,„ш±г∆ч¬нЌ∞,600 ~ 1200,0.05,0.58,-0.017,5% ~ 7.5%,-0.05,10 ~ 50,0.05,0.02,0,900,522,0.062,32.364
2026/08/04,„ш±г∆ч,јѕ»Ћ„ш±г∆ч,600 ~ 1200,-0.1,0.98,0.043,20% ~ 25%,0.15,100 ~ 250,-0.05,0.09,-0.1,900,882,0.225,198.45
2026/08/04,„ш±г∆ч,јѕ»Ћ“∆ґѓ¬нЌ∞„ш±г∆ч,300 ~ 600,0.05,0.89,0.099,20% ~ 25%,0.4,50 ~ 100,0.45,0.13,0,450,400.5,0.225,90.1125
2026/08/04,„ш±г∆ч,„ш±г∆ч¬нЌ∞Љ“”√,300 ~ 600,0.05,0.62,-0.046,2.5% ~ 5%,-0.2,10 ~ 50,-0.2,0.03,0,450,279,0.037,10.323
2026/08/04,„ш±г∆ч,ґщЌѓ„ш±г∆ч,300 ~ 600,-0.05,0.94,-0.031,20% ~ 25%,0.15,50 ~ 100,0.15,0.08,-0.111,450,423,0.225,95.175
2026/08/04,„ш±г∆ч,¬нЌ∞„ш±г∆ч“∆ґѓјѕ»Ћ,300 ~ 600,0.3,0.77,-0.094,10% ~ 15%,-0.25,10 ~ 50,0,0.12,0.333,450,346.5,0.125,43.3125
2026/08/04,„ш±г∆ч,‘–ЄЊ„ш±г∆ч,300 ~ 600,-0.1,0.82,0.025,20% ~ 25%,0.25,50 ~ 100,0.25,0.06,-0.143,450,369,0.225,83.025
2026/08/04,„ш±г∆ч,„ш±г∆ч≈дЉюіу»Ђ,300 ~ 600,-0.05,0.74,0.088,20% ~ 25%,-0.1,50 ~ 100,-0.15,0.33,0,450,333,0.225,74.925
2026/08/04,„ш±г∆ч,¬нЌ∞ґщЌѓ„ш±г∆ч,300 ~ 600,-0.25,1,0.01,20% ~ 25%,0.05,50 ~ 100,-0.25,0.06,-0.25,450,450,0.225,101.25
2026/08/04,„ш±г∆ч,јѕƒк»Ћ„ш±г∆ч“ќ„”,300 ~ 600,0.05,0.75,-0.062,10% ~ 15%,-0.5,10 ~ 50,-0.55,0.94,0.011,450,337.5,0.125,42.1875
2026/08/04,„ш±г∆ч,¬нЌ∞„ш±г∆чЉ“”√,300 ~ 600,-0.1,0.59,-0.064,10% ~ 15%,0.45,10 ~ 50,0.2,0.02,0,450,265.5,0.125,33.1875
2026/08/04,„ш±г∆ч,ґщЌѓ¬нЌ∞„ш±г∆ч≈Ѓ±¶±¶,300 ~ 600,-0.15,0.99,0.088,20% ~ 25%,-0.1,10 ~ 50,-0.2,0.22,-0.12,450,445.5,0.225,100.2375
2026/08/04,„ш±г∆ч,јѕ»Ћ„ш±г∆ч“∆ґѓ¬нЌ∞,300 ~ 600,0.15,0.73,-0.131,20% ~ 25%,0.1,10 ~ 50,0.1,0.07,0.167,450,328.5,0.225,73.9125
2026/08/04,„ш±г∆ч,ґщЌѓ¬нЌ∞„ш±г∆чƒ–Ќѓ,300 ~ 600,-0.1,0.99,0.1,30% ~ 35%,0.55,50 ~ 100,0.45,1.75,-0.069,450,445.5,0.325,144.7875
2026/08/04,„ш±г∆ч,јѕ»Ћ“∆ґѓ„ш±г∆ч,150 ~ 300,-0.2,0.78,0.147,15% ~ 20%,0.6,10 ~ 50,0.3,0.06,-0.143,225,175.5,0.175,30.7125
2026/08/04,„ш±г∆ч,„ш±г∆чґ„њ”…с∆ч,150 ~ 300,-0.2,0.72,-0.153,15% ~ 20%,0.35,10 ~ 50,0.2,0.08,-0.2,225,162,0.175,28.35
2026/08/04,„ш±г∆ч,±¶±¶„ш±г∆ч,150 ~ 300,-0.05,1.17,0.206,25% ~ 30%,0.2,50 ~ 100,0.2,0.05,0,225,263.25,0.275,72.3938
2026/08/04,„ш±г∆ч,јѕ»Ћ„ш±г∆ч¬нЌ∞“ќ„”Љ“”√,150 ~ 300,-0.05,0.76,-0.165,15% ~ 20%,0.1,10 ~ 50,-0.1,0.48,-0.04,225,171,0.175,29.925
2026/08/04,„ш±г∆ч,÷«ƒ№¬нЌ∞„ш±г∆ч,150 ~ 300,0.15,0.64,0.391,2.5% ~ 5%,0.75,4,1.05,0.04,0.333,225,144,0.037,5.328
2026/08/04,„ш±г∆ч,¬нЌ∞‘–ЄЊ„ш±г∆ч,150 ~ 300,0.1,0.68,-0.181,15% ~ 20%,0.25,10 ~ 50,0.45,0.04,0,225,153,0.175,26.775
2026/08/04,„ш±г∆ч,“∆ґѓ¬нЌ∞„ш±г∆чјѕ»Ћ,150 ~ 300,0.1,0.71,-0.066,10% ~ 15%,-0.15,10 ~ 50,0,0.05,0,225,159.75,0.125,19.9688
2026/08/04,„ш±г∆ч,≈©іеЇµ≤ё„ш±г∆ч,150 ~ 300,-0.05,0.59,-0.106,15% ~ 20%,0.75,10 ~ 50,0.95,0.16,-0.059,225,132.75,0.175,23.2312
2026/08/04,„ш±г∆ч,ґщЌѓ¬нЌ∞„ш±г∆ч,150 ~ 300,0.05,1.03,0.411,20% ~ 25%,0.05,10 ~ 50,0.2,0.03,0,225,231.75,0.225,52.1438
2026/08/04,„ш±г∆ч,„ш±г∆чµж»¶,150 ~ 300,0.05,0.82,0.302,35% ~ 40%,-0.1,10 ~ 50,0.4,0.06,0,225,184.5,0.375,69.1875
2026/08/04,„ш±г∆ч,„ш±г∆чґщЌѓ,150 ~ 300,0.2,1.04,0.576,25% ~ 30%,0.45,10 ~ 50,1.15,0.03,0.5,225,234,0.275,64.35
2026/08/04,„ш±г∆ч,¬нЌ∞ґщЌѓ„ш±г∆ч3Ћк“‘…ѕ,150 ~ 300,0.2,0.94,0.093,25% ~ 30%,0.2,10 ~ 50,0.5,7.5,0.17,225,211.5,0.275,58.1625
2026/08/04,„ш±г∆ч,јѕƒк»Ћ„ш±г∆ч“∆ґѓ¬нЌ∞,150 ~ 300,-0.15,0.78,0.026,10% ~ 15%,-0.35,10 ~ 50,-0.35,0.09,-0.1,225,175.5,0.125,21.9375
2026/08/04,„ш±г∆ч,±г–ѓ љ„ш±г∆ч,150 ~ 300,0.15,0.81,0.209,15% ~ 20%,0.6,10 ~ 50,0.8,0.06,0.2,225,182.25,0.175,31.8937
2026/08/04,„ш±г∆ч,јѕƒк»Ћ¬нЌ∞„ш±г∆чњ…“∆ґѓ,50 ~ 150,-0.15,0.84,0.273,15% ~ 20%,-0.05,10 ~ 50,-0.15,0.18,-0.143,100,84,0.175,14.7
2026/08/04,„ш±г∆ч,≥…»Ћ„ш±г∆чЉ“”√,50 ~ 150,-0.05,0.89,0.141,20% ~ 25%,-0.2,10 ~ 50,-0.15,0.09,0,100,89,0.225,20.025
2026/08/04,„ш±г∆ч,„ш±г∆ч‘–ЄЊ„®”√,50 ~ 150,0.05,0.85,-0.034,25% ~ 30%,0.8,10 ~ 50,0.75,0.35,0.029,100,85,0.275,23.375
2026/08/04,„ш±г∆ч,јѕ»Ћ¬нЌ∞„ш±г∆чњ…“∆ґѓ,50 ~ 150,-0.15,0.81,0.095,15% ~ 20%,-0.2,10 ~ 50,-0.35,0.07,-0.125,100,81,0.175,14.175
2026/08/04,„ш±г∆ч,‘–ЄЊ¬нЌ∞„ш±г∆ч,50 ~ 150,0.1,0.78,-0.17,15% ~ 20%,-0.15,10 ~ 50,-0.1,0.02,0,100,78,0.175,13.65
2026/08/04,„ш±г∆ч,¬нЌ∞„ш±г∆ч,50 ~ 150,0.1,0.48,-0.36,10% ~ 15%,0.2,6,-0.15,0,0,100,48,0.125,6
2026/08/04,„ш±г∆ч,ґ„њ”„ш±г∆ч,50 ~ 150,0,0.64,0.016,20% ~ 25%,0.45,10 ~ 50,0.4,0.01,0,100,64,0.225,14.4
2026/08/04,„ш±г∆ч,„ш±г∆чЉ“”√,50 ~ 150,-0.25,0.51,-0.073,5% ~ 7.5%,-0.45,3,-0.55,0.01,0,100,51,0.062,3.162
2026/08/04,„ш±г∆ч,‘–ЄЊ„ш±г∆чґ„њ”…с∆ч,50 ~ 150,-0.1,0.98,0.289,20% ~ 25%,0.25,10 ~ 50,0.2,0.06,0,100,98,0.225,22.05
2026/08/04,„ш±г∆ч,Їµ≤ё„ш±г∆ч≈©іе,50 ~ 150,-0.1,0.47,-0.338,5% ~ 7.5%,-0.4,3,-0.45,0.08,-0.111,100,47,0.062,2.914
2026/08/04,„ш±г∆ч,–°ЇҐ¬нЌ∞„ш±г∆ч,50 ~ 150,-0.2,0.75,-0.074,25% ~ 30%,-0.25,10 ~ 50,-0.4,0,-1,100,75,0.275,20.625
2026/08/04,„ш±г∆ч,≤°»Ћ¬нЌ∞„ш±г∆ч,50 ~ 150,-0.05,0.75,0.191,10% ~ 15%,-0.05,8,-0.15,0,-1,100,75,0.125,9.375
2026/08/04,„ш±г∆ч,ќј…ъЉд„ш±г∆ч,50 ~ 150,-0.1,0.61,0.089,10% ~ 15%,0.1,5,0.7,0,-1,100,61,0.125,7.625
2026/08/04,„ш±г∆ч,÷«ƒ№¬нЌ∞“їће љ»Ђ„‘ґѓ„ш±г∆ч≥еѕіЇжЄ…,50 ~ 150,0.15,0.45,-0.062,2.5% ~ 5%,0,2,0,0,-1,100,45,0.037,1.665
2026/08/04,„ш±г∆ч, јЉЌ±¶±і„ш±г∆ч,50 ~ 150,-0.3,0.92,0.108,0% ~ 1%,-1.05,0,-1.05,0,-1,100,92,0.005,0.46
2026/08/04,„ш±г∆ч,Љт“„¬нЌ∞„ш±г∆чјѕ»Ћ,50 ~ 150,-0.15,0.78,0.026,15% ~ 20%,-0.1,9,-0.2,0,-1,100,78,0.175,13.65
2026/08/04,„ш±г∆ч,–¬њо„ш±г∆ч,50 ~ 150,0.6,0.74,0.156,7.5% ~ 10%,-0.3,3,-0.3,0,-1,100,74,0.087,6.438
2026/08/04,„ш±г∆ч,„ш±г∆ч¬нЌ∞Є«,50 ~ 150,-0.05,0.67,-0.082,10% ~ 15%,-0.5,7,-0.5,0,-1,100,67,0.125,8.375
2026/08/04,„ш±г∆ч,ґщЌѓ¬нЌ∞„ш±г∆чµж»¶,50 ~ 150,-0.25,1.38,0.255,25% ~ 30%,-0.2,10 ~ 50,-0.45,0,-1,100,138,0.275,37.95
2026/08/04,„ш±г∆ч,≥…»Ћ“∆ґѓ¬нЌ∞„ш±г∆ч,50 ~ 150,0.05,0.88,0.571,20% ~ 25%,1.5,10 ~ 50,1.45,0,-1,100,88,0.225,19.8
2026/08/04,„ш±г∆ч,„ш±г∆чЈц ÷Љ№јѕ»ЋЉ“”√,50 ~ 150,0.35,0.82,0.093,5% ~ 7.5%,-0.25,3,0,0,-1,100,82,0.062,5.084
2026/08/04,„ш±г∆ч,Їµ≤ё„ш±г∆ч,50 ~ 150,0.25,0.39,-0.552,2.5% ~ 5%,-0.85,1,-0.9,0,-1,100,39,0.037,1.443
2026/08/04,„ш±г∆ч,±¶±¶¬нЌ∞„ш±г∆ч≈Ѓ±¶,50 ~ 150,-0.2,1.06,0.342,25% ~ 30%,-0.2,10 ~ 50,-0.3,0,-1,100,106,0.275,29.15
2026/08/04,„ш±г∆ч,јѕ»Ћ„ш±г∆чµЏ“ї√ы,50 ~ 150,0.15,0.88,0.491,20% ~ 25%,0.65,10 ~ 50,1.05,0,-1,100,88,0.225,19.8
2026/08/04,„ш±г∆ч,”§ґщ„ш±г∆ч,50 ~ 150,0,1.25,0.25,30% ~ 35%,0.6,10 ~ 50,0.75,0,-1,100,125,0.325,40.625
2026/08/04,„ш±г∆ч,„ш±г∆ч Ѓіу∆Ј≈∆,50 ~ 150,0.15,0.55,-0.345,2.5% ~ 5%,-0.15,2,0,0,-1,100,55,0.037,2.035
2026/08/04,„ш±г∆ч,Љт“„„ш±г∆ч,50 ~ 150,-0.35,0.76,0.267,25% ~ 30%,4.55,10 ~ 50,2.7,0,-1,100,76,0.275,20.9
2026/08/04,„ш±г∆ч,„ш±г∆ч…ѕіҐќпЉ№,50 ~ 150,0.25,0.85,0.417,2.5% ~ 5%,-0.8,2,-0.65,0,-1,100,85,0.037,3.145
2026/08/04,„ш±г∆ч,±¶±¶„ш±г∆чƒ–±¶,50 ~ 150,-0.05,0.94,0.27,25% ~ 30%,0.15,10 ~ 50,0.2,0,-1,100,94,0.275,25.85
2026/08/04,„ш±г∆ч,Љ“”√„ш±г∆ч,50 ~ 150,0.15,0.82,-0.118,20% ~ 25%,0.2,8,0.15,0,0,100,82,0.225,18.45
2026/08/04,„ш±г∆ч,„ш±г∆чјѕ»Ћ„®”√,50 ~ 150,-0.1,1.02,0.041,30% ~ 35%,0.25,10 ~ 50,0.35,0,-1,100,102,0.325,33.15
2026/08/04,„ш±г∆ч,ґщЌѓ¬нЌ∞„ш±г∆ч6Ћк“‘…ѕ,50 ~ 150,0.2,0.72,-0.2,25% ~ 30%,0.2,10 ~ 50,0.45,0,-1,100,72,0.275,19.8
2026/08/04,„ш±г∆ч,„ш±г∆ч±¶±¶,50 ~ 150,-0.35,0.94,-0.105,5% ~ 7.5%,-0.75,3,-0.8,0,-1,100,94,0.062,5.828
2026/08/04,„ш±г∆ч,„ш±г∆чЋЃѕд≈дЉю,50 ~ 150,-0.3,0.83,0.258,20% ~ 25%,-0.3,9,-0.4,0,-1,100,83,0.225,18.675
2026/08/04,„ш±г∆ч,і≤…ѕ„ш±г∆ч,50 ~ 150,0.35,0.65,-0.084,10% ~ 15%,-0.45,4,-0.35,0,-1,100,65,0.125,8.125
2026/08/04,„ш±г∆ч,ґщЌѓ„ш±г∆ч≈ЃЇҐ,50 ~ 150,-0.15,0.96,0.157,15% ~ 20%,-0.15,8,-0.25,0,-1,100,96,0.175,16.8
2026/08/04,„ш±г∆ч,≥…»Ћ“∆ґѓ¬нЌ∞„ш±г∆чіуЇ≈,50 ~ 150,0.1,0.74,-0.187,15% ~ 20%,-0.15,7,-0.15,0,-1,100,74,0.175,12.95
2026/08/04,„ш±г∆ч,Љ“”√јѕ»Ћ„ш±г∆чњ…“∆ґѓ¬нЌ∞,50 ~ 150,0.3,1.05,0.346,10% ~ 15%,0.95,6,2.05,0,-1,100,105,0.125,13.125
2026/08/04,„ш±г∆ч,¬нЌ∞„ш±г∆чѕі∆®є…,50 ~ 150,0.7,0.66,0,20% ~ 25%,-0.45,7,0,0,-1,100,66,0.225,14.85
2026/08/04,„ш±г∆ч,–°ЇҐ„”¬нЌ∞„ш±г∆ч,50 ~ 150,0.2,1.24,0.512,25% ~ 30%,0.1,10 ~ 50,0.3,0,-1,100,124,0.275,34.1
2026/08/04,„ш±г∆ч,ґ„±г…ѕµƒ„ш±г∆ч,50 ~ 150,0.15,0.87,0.526,20% ~ 25%,5.8,7,6.05,0,-1,100,87,0.225,19.575
2026/08/04,„ш±г∆ч,Љ“”√јѕ»Ћ„ш±г∆чњ…“∆ґѓ¬нЌ∞ “ƒЏ,50 ~ 150,0.15,0.56,-0.3,2.5% ~ 5%,-0.85,1,-0.85,0,-1,100,56,0.037,2.072
2026/08/04,„ш±г∆ч,Љт“„¬нЌ∞„ш±г∆ч,50 ~ 150,-0.2,0.51,-0.15,15% ~ 20%,2.35,5,1.55,0,-1,100,51,0.175,8.925
2026/08/04,„ш±г∆ч,ћµ”џ„ш±г∆ч,50 ~ 150,0.05,0.67,0.031,15% ~ 20%,0.3,5,0.3,0,-1,100,67,0.175,11.725
2026/08/04,„ш±г∆ч,јѕ»Ћ„ш±г∆ч„ш±г“ќ,50 ~ 150,0.25,0.81,0.266,30% ~ 35%,0.1,9,0.15,0,-1,100,81,0.325,26.325
2026/08/04,„ш±г∆ч,„ш±г∆чµ „”,50 ~ 150,-0.15,0.79,-0.141,15% ~ 20%,-0.2,6,-0.3,0,-1,100,79,0.175,13.825
2026/08/04,„ш±г∆ч,±г≈и„ш±г∆ч,50 ~ 150,0.1,0.79,0.254,25% ~ 30%,0.55,9,0.85,0,0,100,79,0.275,21.725
2026/08/04,„ш±г∆ч,¬÷“ќіш„ш±г∆ч,50 ~ 150,0.1,1.09,0.514,15% ~ 20%,0.15,6,0.25,0,-1,100,109,0.175,19.075
2026/08/04,„ш±г∆ч,„ш±г∆ч‘х√іЄƒ≥…ґ„±г∆ч,50 ~ 150,0.05,0.5,-0.194,0% ~ 1%,-1.05,0,-1.05,0,0,100,50,0.005,0.25
2026/08/04,„ш±г∆ч,±¶±¶¬нЌ∞„ш±г∆ч¬•ћЁ,50 ~ 150,0.25,0.91,0.123,15% ~ 20%,1.45,6,2.05,0,-1,100,91,0.175,15.925
2026/08/04,„ш±г∆ч,ґщЌѓґ„њ”„ш±г∆ч,50 ~ 150,-0.1,0.62,-0.235,5% ~ 7.5%,-0.4,2,-0.55,0,-1,100,62,0.062,3.844
2026/08/04,„ш±г∆ч,Љ“”√ љ„ш±г∆ч,50 ~ 150,-0.7,0.73,0.377,15% ~ 20%,0.35,3,0.55,0,-1,100,73,0.175,12.775
2026/08/04,„ш±г∆ч,ґщЌѓ¬нЌ∞„ш±г∆чƒ–±¶±¶„®”√,50 ~ 150,-0.35,1.09,0.112,30% ~ 35%,0.5,10 ~ 50,0.1,0,-1,100,109,0.325,35.425
2026/08/04,„ш±г∆ч,јѕ»Ћ„ш±г∆ч¬нЌ∞“ќ„”Љ“”√≈©іејќєћ–Ќ,50 ~ 150,0.05,1.04,1,20% ~ 25%,-0.05,7,0.45,0,-1,100,104,0.225,23.4
2026/08/04,„ш±г∆ч,’џµю„ш±г∆ч,50 ~ 150,0,0.63,-0.016,10% ~ 15%,-0.3,5,0,0,-1,100,63,0.125,7.875
2026/08/04,„ш±г∆ч,Ј≈¬нЌ∞…ѕµƒґщЌѓ„ш±г∆ч,50 ~ 150,0.05,0.81,-0.27,30% ~ 35%,0.5,10 ~ 50,0.55,0,-1,100,81,0.325,26.325
2026/08/04,„ш±г∆ч,јѕƒк»Ћ¬нЌ∞„ш±г∆чњ…“∆ґѓ±г–ѓ љ,50 ~ 150,-0.05,0.69,-0.127,15% ~ 20%,-0.3,6,-0.15,0,-1,100,69,0.175,12.075
2026/08/04,„ш±г∆ч,„ш±г∆ч иЌ®…с∆ч,50 ~ 150,-0.05,0.75,-0.211,20% ~ 25%,-0.35,9,-0.2,0,-1,100,75,0.225,16.875
2026/08/04,„ш±г∆ч,ґщЌѓ„ш±г∆ч¬нЌ∞»¶,50 ~ 150,0.1,1.15,0.162,35% ~ 40%,0.2,10 ~ 50,0,0,-1,100,115,0.375,43.125
2026/08/04,„ш±г∆ч,Љ“”√¬нЌ∞„ш±г∆ч,50 ~ 150,-0.3,0.64,0.333,5% ~ 7.5%,0.3,2,0,0,0,100,64,0.062,3.968
2026/08/04,„ш±г∆ч,јѕƒк»Ћ„®”√„ш±г∆ч,50 ~ 150,0.05,0.71,-0.066,20% ~ 25%,-0.1,5,-0.4,0,-1,100,71,0.225,15.975
2026/08/04,„ш±г∆ч,њ…’џµю„ш±г∆ч,50 ~ 150,0.1,0.68,-0.105,7.5% ~ 10%,-0.55,3,-0.55,0,-1,100,68,0.087,5.916
2026/08/04,„ш±г∆ч,¬нЌ∞ѕыґЊ…±Њъ≈зќнќј…ъЉд„ш±г∆ч,50 ~ 150,0.2,0.92,0.438,35% ~ 40%,0.25,10 ~ 50,0.3,0,-1,100,92,0.375,34.5
2026/08/04,„ш±г∆ч,“їіќ–‘¬нЌ∞„ш±г∆ч,50 ~ 150,0.05,0.54,0,25% ~ 30%,-0.15,8,0.35,0,-1,100,54,0.275,14.85
2026/08/04,„ш±г∆ч,”§ґщ¬нЌ∞„ш±г∆ч≈Ѓ±¶±¶,50 ~ 150,0.55,0.69,-0.188,25% ~ 30%,-0.15,8,0.15,0,-1,100,69,0.275,18.975
2026/08/04,„ш±г∆ч,±¶±¶„ш±г∆ч≈Ѓ±¶,50 ~ 150,-0.1,1.04,0.13,30% ~ 35%,0.6,10 ~ 50,0.55,0,-1,100,104,0.325,33.8
2026/08/04,„ш±г∆ч,јѕ»Ћ„ш±г∆чіу±гµ ,20 ~ 50,2.1,0.49,-0.329,15% ~ 20%,0.7,5,4.05,0,-1,35,17.15,0.175,3.0012
2026/08/04,„ш±г∆ч,јѕƒк»Ћ„ш±г∆ч,20 ~ 50,-0.15,0.81,-0.236,10% ~ 15%,-0.55,3,-0.65,0,-1,35,28.35,0.125,3.5438
2026/08/04,„ш±г∆ч,„ш±г∆чµж„”,20 ~ 50,-0.05,0.55,-0.286,25% ~ 30%,-0.25,7,-0.4,0,-1,35,19.25,0.275,5.2938
2026/08/04,„ш±г∆ч,јѕƒк»Ћ„ш±г∆ч,20 ~ 50,-0.15,0.81,-0.236,10% ~ 15%,-0.55,3,-0.65,0.02,0,35,28.35,0.125,3.5438
2026/08/04,„ш±г∆ч,»Ђ„‘ґѓ÷«ƒ№„ш±г∆ч,20 ~ 50,-0.1,0.49,-0.355,0% ~ 1%,-1.05,0,-1.05,0.02,0,35,17.15,0.005,0.0857
2026/08/04,„ш±г∆ч,±¶±¶≤ёЋщ„ш±г∆ч,20 ~ 50,-0.15,0.92,-0.179,30% ~ 35%,0.15,10 ~ 50,0.15,0.03,0,35,32.2,0.325,10.465
2026/08/04,„ш±г∆ч,÷«ƒ№„ш±г∆ч,20 ~ 50,-0.2,0.41,-0.089,0% ~ 1%,0,0,0,0.01,0,35,14.35,0.005,0.0717
2026/08/04,„ш±г∆ч,Љ“”√ќј…ъЉд„ш±г∆ч,20 ~ 50,-0.05,0.65,0.182,7.5% ~ 10%,-0.05,2,0,0.02,0,35,22.75,0.087,1.9792
2026/08/04,„ш±г∆ч,±¶±¶ј≠ Ї„ш±г∆ч,20 ~ 50,0.15,0.74,-0.098,35% ~ 40%,0.1,10 ~ 50,0.45,0.14,0.077,35,25.9,0.375,9.7125
2026/08/04,„ш±г∆ч,¬нЌ∞„ш±г∆чµ„≤њєћґ®љЇ,20 ~ 50,-0.25,0.81,-0.069,30% ~ 35%,-0.2,7,-0.5,0.16,-0.238,35,28.35,0.325,9.2138
2026/08/04,„ш±г∆ч,“∆ґѓ„ш±г∆ч,20 ~ 50,-0.25,0.63,-0.411,2.5% ~ 5%,-0.75,1,-0.85,0.01,0,35,22.05,0.037,0.8158
2026/08/04,„ш±г∆ч,±г–ѓ„ш±г∆ч,20 ~ 50,0.15,0.65,0.3,25% ~ 30%,0.35,6,0.55,0.01,0,35,22.75,0.275,6.2563
2026/08/04,„ш±г∆ч,±г–ѓ љ„ш±г∆чњ…’џµю,20 ~ 50,-0.3,0.91,0.071,2.5% ~ 5%,-0.8,1,-0.9,0.12,-0.294,35,31.85,0.037,1.1784
2026/08/04,„ш±г∆ч,–°ЇҐ„ш±г∆ч,20 ~ 50,-0.25,0.56,-0.385,20% ~ 25%,-0.1,5,-0.4,0.02,0,35,19.6,0.225,4.41
2026/08/04,„ш±г∆ч,јѕ»Ћ„ш±г∆ч“∆ґѓ¬нЌ∞ѕі‘иЅљ”√,20 ~ 50,-0.1,0.97,0,20% ~ 25%,0.45,4,0.35,0.53,-0.086,35,33.95,0.225,7.6387
2026/08/04,„ш±г∆ч,”„ґщ¬нЌ∞„ш±г∆ч≈Ѓ,20 ~ 50,0.15,1.03,1.102,30% ~ 35%,0.5,10 ~ 50,1.05,0.03,0.5,35,36.05,0.325,11.7163
2026/08/04,„ш±г∆ч,ґщЌѓ„ш±г∆чƒ–±¶,20 ~ 50,0.15,1.01,0.202,15% ~ 20%,-0.25,5,-0.2,0.09,0.125,35,35.35,0.175,6.1863
2026/08/04,„ш±г∆ч,јѕƒк»Ћі≤±я„ш±г∆ч,20 ~ 50,0.2,0.72,-0.45,25% ~ 30%,0.1,5,0,0.16,0.143,35,25.2,0.275,6.93
2026/08/04,„ш±г∆ч,‘–ЄЊµ „”„ш±г∆ч,20 ~ 50,0.1,0.94,-0.06,35% ~ 40%,0.35,10 ~ 50,0.7,0.04,0,35,32.9,0.375,12.3375
2026/08/04,„ш±г∆ч,≈Ѓ њ„ш±г∆ч,20 ~ 50,-0.3,0.88,0.294,10% ~ 15%,0,2,-0.35,0.36,-0.28,35,30.8,0.125,3.85
2026/08/04,„ш±г∆ч,ґ„≤ё„ш±г∆чґщЌѓ,20 ~ 50,-0.3,0.77,0.167,2.5% ~ 5%,-0.85,1,-0.85,0.04,-0.2,35,26.95,0.037,0.9971
2026/08/04,„ш±г∆ч,„ш±г∆ч«еѕі…с∆ч,20 ~ 50,0.1,0.52,-0.161,30% ~ 35%,-0.35,4,-0.55,0.47,0.044,35,18.2,0.325,5.915
2026/08/04,„ш±г∆ч,„ш±г∆чµ„≤њ√№ЈвљЇ,20 ~ 50,-0.1,1.2,0.967,45% ~ 50%,1.3,10 ~ 50,1.85,0.06,-0.143,35,42,0.475,19.95
2026/08/04,„ш±г∆ч,„ш±г∆чµ„≤њ√№ЈвљЇ,20 ~ 50,-0.1,1.2,0.967,45% ~ 50%,1.3,10 ~ 50,1.85,0.06,-0.143,35,42,0.475,19.95
2026/08/04,„ш±г∆ч,ј≠ Ї„ш±г∆ч,20 ~ 50,1.15,0.64,0.067,0% ~ 1%,-1.05,0,-1.05,0.04,1,35,22.4,0.005,0.112
2026/08/04,„ш±г∆ч,¬нЌ∞„ш±г∆чґщЌѓ¬•ћЁ љ,20 ~ 50,0.15,0.59,-0.443,10% ~ 15%,-0.1,3,0,0.1,0.111,35,20.65,0.125,2.5812
2026/08/04,„ш±г∆ч,ґщЌѓіу¬нЌ∞„ш±г∆ч,20 ~ 50,-0.1,0.67,0.136,20% ~ 25%,0.1,5,0.3,0.03,0,35,23.45,0.225,5.2763
2026/08/04,„ш±г∆ч,≤ёЋщ„ш±г∆ч,20 ~ 50,0.05,0.68,0.214,7.5% ~ 10%,-0.3,2,0,0,0,35,23.8,0.087,2.0706
2026/08/04,„ш±г∆ч,–°≈у”—¬нЌ∞„ш±г∆ч,20 ~ 50,-0.15,0.77,-0.238,30% ~ 35%,0.35,7,0,0.73,-0.099,35,26.95,0.325,8.7588
2026/08/04,„ш±г∆ч,јѕ»Ћ„ш±г∆ч¬нЌ∞“ќ,20 ~ 50,0.1,0.84,0.235,15% ~ 20%,-0.15,4,0,0.01,0,35,29.4,0.175,5.145
2026/08/04,„ш±г∆ч,„ш±г∆ч„шµж,20 ~ 50,-0.15,1.08,0.301,20% ~ 25%,-0.45,4,-0.65,0.01,0,35,37.8,0.225,8.505
2026/08/04,„ш±г∆ч,¬нЌ∞„ш±г∆чѕыґЊ…±Њъ≈зќн,20 ~ 50,0.95,0.68,-0.171,20% ~ 25%,-0.5,4,-0.25,0.22,1,35,23.8,0.225,5.355
2026/08/04,„ш±г∆ч,„ш±г∆чЈјЈіЋЃƒж÷єЈІ,20 ~ 50,0.45,0.98,0.4,15% ~ 20%,0,4,1.05,0.49,0.4,35,34.3,0.175,6.0025
2026/08/04,„ш±г∆ч,„ш±г∆ч≈дЉю,20 ~ 50,0.45,0.67,-0.202,30% ~ 35%,1.7,6,2.05,0,0,35,23.45,0.325,7.6213
2026/08/04,„ш±г∆ч,¬нЌ∞‘цЄя„ш±г∆ч,20 ~ 50,0.8,0.9,0.098,7.5% ~ 10%,-0.3,2,0,0.08,0.6,35,31.5,0.087,2.7405
2026/08/04,„ш±г∆ч,Ћ№Ѕѕ¬нЌ∞„ш±г∆ч≥…»Ћ,20 ~ 50,-0.1,0.87,-0.084,10% ~ 15%,-0.3,3,-0.3,0.18,-0.053,35,30.45,0.125,3.8062
2026/08/04,„ш±г∆ч,≥…»Ћ„ш±г∆ч,20 ~ 50,0.5,1.11,0.881,15% ~ 20%,-0.2,4,1.05,0.01,0,35,38.85,0.175,6.7988
2026/08/04,„ш±г∆ч,ґщЌѓ¬нЌ∞„ш±г∆ч6Ћк“‘…ѕЉ”іуЇ≈,20 ~ 50,0.15,1.05,0.364,25% ~ 30%,-0.25,6,-0.15,0.19,0.188,35,36.75,0.275,10.1063
2026/08/04,„ш±г∆ч,ќёЋЃ„ш±г∆ч,20 ~ 50,-0.15,0.27,0,0% ~ 1%,0,0,0,0.28,-0.097,35,9.45,0.005,0.0473
2026/08/04,„ш±г∆ч,јѕ»ЋЉ“”√„ш±г∆ч,20 ~ 50,0.35,1,0.191,15% ~ 20%,-0.55,4,0,0.01,0,35,35,0.175,6.125
2026/08/04,„ш±г∆ч,±¶±¶„ш±г∆ч¬нЌ∞»¶,20 ~ 50,-0.15,1.48,-0.063,30% ~ 35%,0.3,7,0.2,0,-1,35,51.8,0.325,16.835
2026/08/04,„ш±г∆ч,јѕƒк„ш±г∆ч,20 ~ 50,0.3,0.93,0.121,20% ~ 25%,-0.2,4,-0.25,0,-1,35,32.55,0.225,7.3238
2026/08/04,„ш±г∆ч,Љ“”√јѕ»Ћі≤±я„ш±г∆ч,20 ~ 50,-0.1,1.23,-0.32,25% ~ 30%,-0.2,5,-0.3,0,-1,35,43.05,0.275,11.8388
2026/08/04,„ш±г∆ч,Љ“”√јѕ»Ћі≤±я„ш±г∆ч,20 ~ 50,-0.1,1.23,-0.32,25% ~ 30%,-0.2,5,-0.3,0,-1,35,43.05,0.275,11.8388
2026/08/04,„ш±г∆ч,Њ≈ƒЅєўЈљ∆мљҐµк„ш±г∆ч,20 ~ 50,0.3,0.6,-0.189,0% ~ 1%,0,0,0,0,-1,35,21,0.005,0.105
2026/08/04,„ш±г∆ч,¬нЌ∞„ш±г∆ч≥…»Ћ,20 ~ 50,0.15,0.7,-0.014,7.5% ~ 10%,0.25,1,0,0,-1,35,24.5,0.087,2.1315
2026/08/04,„ш±г∆ч,Ѕў ±„ш±г∆ч,20 ~ 50,0.1,0.36,-0.438,7.5% ~ 10%,0,1,0,0,-1,35,12.6,0.087,1.0962
2026/08/04,„ш±г∆ч,ґщЌѓљ„ћЁ љ„ш±г∆ч,20 ~ 50,0.55,0.95,0,30% ~ 35%,-0.15,6,0.25,0,-1,35,33.25,0.325,10.8063
2026/08/04,„ш±г∆ч,ґщЌѓ±г≈и„ш±г∆ч,20 ~ 50,-0.3,0.63,-0.25,15% ~ 20%,-0.2,4,-0.25,0,0,35,22.05,0.175,3.8587
2026/08/04,„ш±г∆ч,јѕƒк»ЋЉ“”√„ш±г∆ч,20 ~ 50,1.55,0.97,0.01,35% ~ 40%,-0.2,8,1.7,0,-1,35,33.95,0.375,12.7312
2026/08/04,„ш±г∆ч,ќј…ъЉд„ш±г∆ч…ѕµƒ÷√ќпЉ№,20 ~ 50,0.35,0.85,0.197,7.5% ~ 10%,-0.75,2,-0.7,0,-1,35,29.75,0.087,2.5882
2026/08/04,„ш±г∆ч,”§ґщ„ш±г∆ч≈Ѓ±¶±¶,20 ~ 50,-0.2,1.6,0.194,15% ~ 20%,-0.55,4,-0.65,0,-1,35,56,0.175,9.8
2026/08/04,„ш±г∆ч,≤ёЋщґ„њ”„ш±г∆ч,20 ~ 50,-0.1,0.87,0.074,20% ~ 25%,0.95,3,0.55,0,-1,35,30.45,0.225,6.8513
2026/08/04,„ш±г∆ч,≤ёЋщґ„њ”„ш±г∆ч,20 ~ 50,-0.1,0.87,0.074,20% ~ 25%,0.95,3,0.55,0,-1,35,30.45,0.225,6.8513
2026/08/04,„ш±г∆ч,”¶Љ±„ш±г∆ч,20 ~ 50,0.9,0.49,0.75,0% ~ 1%,0,0,0,0,-1,35,17.15,0.005,0.0857
2026/08/04,„ш±г∆ч,ґ„њ”Єƒ„ш±г∆ч,20 ~ 50,0.2,1.1,0.507,5% ~ 7.5%,-0.6,1,-0.55,0,-1,35,38.5,0.062,2.387
2026/08/04,„ш±г∆ч,јѕƒк “ƒЏ„ш±г∆ч,20 ~ 50,0.2,0.77,-0.364,10% ~ 15%,-0.7,2,-0.65,0,-1,35,26.95,0.125,3.3687
2026/08/04,„ш±г∆ч,¬÷“ќћ±їЊјѕ»Ћ„®”√іш„ш±г∆чњ…ѕі‘и,20 ~ 50,-0.1,1.11,0.018,15% ~ 20%,0.45,3,0.55,0,-1,35,38.85,0.175,6.7988
2026/08/04,„ш±г∆ч,іу±г„ш±г∆ч,20 ~ 50,-0.25,0.87,0.891,20% ~ 25%,0.05,4,0.35,0,0,35,30.45,0.225,6.8513
2026/08/04,„ш±г∆ч,јѕ»Ћ„ш±г∆ч“∆ґѓ¬нЌ∞¬÷“ќ,20 ~ 50,0.6,0.55,-0.203,5% ~ 7.5%,-0.25,1,0,0,-1,35,19.25,0.062,1.1935
2026/08/04,„ш±г∆ч,јѕ»Ћ±г–ѓ љ„ш±г∆ч,20 ~ 50,-0.7,0.64,-0.34,25% ~ 30%,0.3,4,-0.65,0,-1,35,22.4,0.275,6.16
2026/08/04,„ш±г∆ч,¬÷“ќ„ш±г∆ч,20 ~ 50,-0.05,0.72,0.22,20% ~ 25%,0,4,0,0,-1,35,25.2,0.225,5.67
2026/08/04,„ш±г∆ч,„ш±г∆чјѕ»ЋЉ“”√љб µ,20 ~ 50,-0.1,1.21,0.247,25% ~ 30%,-0.35,5,-0.2,0,-1,35,42.35,0.275,11.6463
2026/08/04,„ш±г∆ч,јѕ»Ћ”√„ш±г∆ч,20 ~ 50,-0.55,0.62,-0.566,25% ~ 30%,-0.1,5,-0.6,0,-1,35,21.7,0.275,5.9675
2026/08/04,„ш±г∆ч,¬÷“ќ„ш±г∆ч,20 ~ 50,-0.05,0.72,0.22,20% ~ 25%,0,4,0,0,-1,35,25.2,0.225,5.67
2026/08/04,„ш±г∆ч,јѕ»Ћ±г–ѓ љ„ш±г∆ч,20 ~ 50,-0.7,0.64,-0.34,25% ~ 30%,0.3,4,-0.65,0,-1,35,22.4,0.275,6.16
2026/08/04,„ш±г∆ч,¬нЌ∞„ш±г∆чґщЌѓ±г–ѓ,20 ~ 50,0.7,0.56,-0.151,10% ~ 15%,0,2,0,0,-1,35,19.6,0.125,2.45
2026/08/04,„ш±г∆ч,јѕ»Ћ„ш±г∆чЈц ÷,20 ~ 50,-0.1,0.68,0.03,10% ~ 15%,-0.45,2,-0.35,0,-1,35,23.8,0.125,2.975
2026/08/04,„ш±г∆ч,јѕƒк»Ћ¬нЌ∞„ш±г∆чњ…“∆ґѓіуЇ≈,20 ~ 50,0.35,1,0.667,30% ~ 35%,1.85,5,4.05,0,-1,35,35,0.325,11.375
2026/08/04,„ш±г∆ч,≈©іеЇµ≤ё„®”√„ш±г∆ч,20 ~ 50,-0.05,0.6,-0.016,7.5% ~ 10%,-0.55,1,-0.7,0,-1,35,21,0.087,1.827
2026/08/04,„ш±г∆ч,≤ї–вЄ÷„ш±г∆ч,20 ~ 50,1.4,0.79,-0.141,5% ~ 7.5%,-0.4,1,0,0,-1,35,27.65,0.062,1.7143
2026/08/04,„ш±г∆ч,Їу≈≈ љ¬нЌ∞„ш±г∆ч,20 ~ 50,0.05,0.58,0.184,0% ~ 1%,0,0,0,0,-1,35,20.3,0.005,0.1015
2026/08/04,„ш±г∆ч,јѕƒк»Ћ„®”√„ш±г∆чЉ”Єя…эЄя∞ж,20 ~ 50,0,0.82,0.188,20% ~ 25%,0.3,2,-0.35,0,-1,35,28.7,0.225,6.4575
2026/08/04,„ш±г∆ч,„ш±г∆ч“їіќ–‘ћ„,20 ~ 50,0.05,0.74,-0.075,35% ~ 40%,0.45,7,0.45,0,-1,35,25.9,0.375,9.7125
2026/08/04,„ш±г∆ч,ґ„њ”„ш±г∆чґщЌѓ,20 ~ 50,-0.3,1.11,1.22,5% ~ 7.5%,-0.1,1,0,0,-1,35,38.85,0.062,2.4087
2026/08/04,„ш±г∆ч,јѕ»Ћ„ш±г∆ч“∆ґѓ¬нЌ∞љб µ,20 ~ 50,0.05,0.73,-0.014,20% ~ 25%,0.45,3,0.55,0,-1,35,25.55,0.225,5.7488
2026/08/04,„ш±г∆ч,њ…“∆ґѓ¬нЌ∞јѕ»Ћ„ш±г∆ч,20 ~ 50,-0.4,0.77,-0.037,25% ~ 30%,1.65,5,1.55,0,-1,35,26.95,0.275,7.4113
2026/08/04,„ш±г∆ч,”§ґщ„ш±г∆чƒ–±¶±¶,20 ~ 50,0.7,1.03,0.688,10% ~ 15%,0.35,2,1.05,0,-1,35,36.05,0.125,4.5063
2026/08/04,„ш±г∆ч,„ш±г∆чЉ“”√јѕ»Ћ,20 ~ 50,-0.4,0.62,-0.215,20% ~ 25%,0.95,3,0,0,-1,35,21.7,0.225,4.8825
2026/08/04,„ш±г∆ч,јѕ»Ћ„ш±г∆ч“∆ґѓ¬нЌ∞ЈјїђЈј≥ф,20 ~ 50,-0.15,0.63,-0.113,7.5% ~ 10%,-0.7,1,-0.8,0,-1,35,22.05,0.087,1.9183
2026/08/04,„ш±г∆ч,јѕ»ЋЉт“„„ш±г∆ч,20 ~ 50,0.7,0.69,0.683,15% ~ 20%,0,2,0,0,-1,35,24.15,0.175,4.2262
2026/08/04,„ш±г∆ч,„ш±г∆ч“∆ќї∆ч,20 ~ 50,0.4,0.46,0.394,7.5% ~ 10%,-0.75,1,-0.55,0,0,35,16.1,0.087,1.4007
2026/08/04,„ш±г∆ч,ґщЌѓ¬нЌ∞„ш±г∆ч10Ћк“‘…ѕ,20 ~ 50,0.6,0.83,-0.231,10% ~ 15%,-0.6,2,-0.35,0,-1,35,29.05,0.125,3.6312
2026/08/04,„ш±г∆ч,ґ„њ”…ѕµƒ„ш±г∆ч,20 ~ 50,0.55,1.08,0.2,25% ~ 30%,0.55,3,0.55,0,-1,35,37.8,0.275,10.395
2026/08/04,„ш±г∆ч,„ш±г∆чЇу√ж÷√ќпЉ№,20 ~ 50,0.15,0.77,0.013,20% ~ 25%,2.4,4,3.05,0,-1,35,26.95,0.225,6.0637
2026/08/04,„ш±г∆ч,„ш±г∆ч≥еЋЃ∞і≈•,20 ~ 50,-0.25,0.92,0.082,35% ~ 40%,-0.45,5,-0.65,0,-1,35,32.2,0.375,12.075
2026/08/04,„ш±г∆ч,Ј≈‘Џ¬нЌ∞…ѕµƒґщЌѓ„ш±г∆ч,20 ~ 50,-0.45,0.67,-0.391,25% ~ 30%,0.25,5,-0.3,0,-1,35,23.45,0.275,6.4488
2026/08/04,„ш±г∆ч,ґщЌѓґ„≤ё„ш±г∆ч,20 ~ 50,-0.25,0.74,0.057,10% ~ 15%,0.55,2,0,0,-1,35,25.9,0.125,3.2375
2026/08/04,„ш±г∆ч,јѕ»Ћґ„њ”„ш±г∆ч,20 ~ 50,-0.25,1.06,0.191,55% ~ 60%,7.8,7,6.05,0,-1,35,37.1,0.575,21.3325
2026/08/04,„ш±г∆ч,”„ґщ„ш±г∆ч,20 ~ 50,0,0.77,-0.061,20% ~ 25%,-0.3,4,0,0,-1,35,26.95,0.225,6.0637
2026/08/04,„ш±г∆ч,“їіќ–‘„ш±г∆ч,20 ~ 50,0.3,0.48,-0.484,10% ~ 15%,-0.65,1,-0.7,0,-1,35,16.8,0.125,2.1
2026/08/04,„ш±г∆ч,Њ≈ƒЅ„ш±г∆ч,20 ~ 50,-0.35,1.03,1.452,5% ~ 7.5%,0,1,0,0,-1,35,36.05,0.062,2.2351
2026/08/04,„ш±г∆ч,„ш±г∆ч‘цЄяµж,20 ~ 50,0.25,1.41,0.369,20% ~ 25%,-0.25,4,0.35,0,-1,35,49.35,0.225,11.1037
2026/08/04,„ш±г∆ч,“їіќ–‘„ш±г∆ч,20 ~ 50,0.3,0.48,-0.484,10% ~ 15%,-0.65,1,-0.7,0,-1,35,16.8,0.125,2.1
2026/08/04,„ш±г∆ч,Њ≈ƒЅ„ш±г∆ч,20 ~ 50,-0.35,1.03,1.452,5% ~ 7.5%,0,1,0,0,-1,35,36.05,0.062,2.2351
2026/08/04,„ш±г∆ч,„ш±г∆чЈј≥фґ¬≥ф∆ч,20 ~ 50,-0.4,0.91,0.23,10% ~ 15%,-0.45,2,-0.55,0,-1,35,31.85,0.125,3.9813
2026/08/04,„ш±г∆ч,і≤±я„ш±г∆ч,20 ~ 50,0.15,1.26,1.21,25% ~ 30%,2.15,4,3.05,0,-1,35,44.1,0.275,12.1275
2026/08/04,„ш±г∆ч,Ј≈‘Џ¬нЌ∞…ѕµƒ„ш±г∆ч,20 ~ 50,0.2,0.84,0.254,30% ~ 35%,0,3,0,0,-1,35,29.4,0.325,9.555
2026/08/04,„ш±г∆ч, јЉЌ±¶±іЈ¬’ж„ш±г∆чbh149c,20 ~ 50,-0.2,0.88,-0.405,0% ~ 1%,0,0,0,0,-1,35,30.8,0.005,0.154
2026/08/04,„ш±г∆ч,Їзќь љ„ш±г∆ч,20 ~ 50,-0.25,0.61,0.109,0% ~ 1%,0,0,0,0,0,35,21.35,0.005,0.1067
2026/08/04,„ш±г∆ч,„ш±г∆ч¬нЌ∞≈дЉю,20 ~ 50,0,0.75,0.119,25% ~ 30%,-0.35,4,-0.25,0,0,35,26.25,0.275,7.2188
2026/08/04,„ш±г∆ч,¬нЌ∞„ш±г∆чѕыґЊ…±Њъ ™љн,20 ~ 50,0.6,1.23,0.447,40% ~ 45%,-0.1,9,0.55,0,-1,35,43.05,0.425,18.2962
2026/08/04,„ш±г∆ч,–°ЇҐ¬нЌ∞„ш±г∆ч≈Ѓ±¶±¶,20 ~ 50,0.4,0.76,0.027,20% ~ 25%,0.25,3,0.55,0,-1,35,26.6,0.225,5.985
2026/08/04,„ш±г∆ч,„ш±г∆ч√№Јв»¶,20 ~ 50,-0.1,0.62,-0.046,30% ~ 35%,-0.25,4,-0.25,0,-1,35,21.7,0.325,7.0525
2026/08/04,„ш±г∆ч,„ш±г∆ч¬нЌ∞≈дЉю,20 ~ 50,0,0.75,0.119,25% ~ 30%,-0.35,4,-0.25,0,0,35,26.25,0.275,7.2188
2026/08/04,„ш±г∆ч,јѕƒк»Ћі≤…ѕ„ш±г∆ч,20 ~ 50,0.55,0.54,0.102,15% ~ 20%,-0.75,1,-0.7,0,-1,35,18.9,0.175,3.3075
2026/08/04,„ш±г∆ч,„ш±г∆ч¬нЌ∞ЋҐ,20 ~ 50,0.35,1.6,0.301,50% ~ 55%,-0.2,8,0.35,0,-1,35,56,0.525,29.4
2026/08/04,„ш±г∆ч,“ќ„”„ш±г∆ч,20 ~ 50,0.2,0.55,0.146,15% ~ 20%,0.7,2,1.05,0,-1,35,19.25,0.175,3.3687
2026/08/04,„ш±г∆ч,ґщЌѓ”√„ш±г∆ч,20 ~ 50,0.25,0.62,0.216,7.5% ~ 10%,-0.3,1,0,0,-1,35,21.7,0.087,1.8879
2026/08/04,„ш±г∆ч,јѕƒк»Ћ„ш±г∆чЈц ÷,20 ~ 50,0,0.53,-0.384,25% ~ 30%,0.75,4,1.05,0,-1,35,18.55,0.275,5.1013
2026/08/04,„ш±г∆ч,„ш±г∆чјђїшіь,20 ~ 50,0.25,0.7,-0.146,35% ~ 40%,0.95,5,0.7,0,-1,35,24.5,0.375,9.1875
2026/08/04,„ш±г∆ч,„ш±г∆чЄ«„”Ќ®”√,20 ~ 50,0.15,0.94,0.288,45% ~ 50%,2.3,7,2.55,0,-1,35,32.9,0.475,15.6275
2026/08/04,„ш±г∆ч,„щ“ќ љ„ш±г∆ч,20 ~ 50,-0.1,0.95,0.979,15% ~ 20%,-0.1,2,0,0,-1,35,33.25,0.175,5.8187
2026/08/04,„ш±г∆ч,„ш±г∆ч…ѕЋЃЈІ,20 ~ 50,0.8,0.57,-0.219,15% ~ 20%,-0.65,2,-0.65,0,-1,35,19.95,0.175,3.4912
2026/08/04,„ш±г∆ч,„щ“ќ љ„ш±г∆ч,20 ~ 50,-0.1,0.95,0.979,15% ~ 20%,-0.1,2,0,0,-1,35,33.25,0.175,5.8187
2026/08/04,„ш±г∆ч,„ш±г∆ч÷«ƒ№,20 ~ 50,0.25,0.5,-0.412,0% ~ 1%,0,0,0,0,0,35,17.5,0.005,0.0875
2026/08/04,„ш±г∆ч,≥йЋЃ„ш±г∆ч,20 ~ 50,0,0.04,0,0% ~ 1%,0,0,0,0,0,35,1.4,0.005,0.007
2026/08/04,„ш±г∆ч,ƒ–±¶±¶„ш±г∆ч,20 ~ 50,-0.25,0.84,-0.3,5% ~ 7.5%,-0.85,1,-0.85,0,-1,35,29.4,0.062,1.8228
2026/08/04,„ш±г∆ч,ґщЌѓ„ш±г∆ч«ељаіь,20 ~ 50,0.2,0.98,0.307,60% ~ 65%,0.95,9,1.3,0,-1,35,34.3,0.625,21.4375
2026/08/04,„ш±г∆ч,–°ЇҐ¬нЌ∞„ш±г∆чƒ–±¶±¶,20 ~ 50,-0.1,0.9,0.475,40% ~ 45%,2.55,5,1.55,0,-1,35,31.5,0.425,13.3875
2026/08/04,„ш±г∆ч,∆’Ќ®„ш±г∆ч,20 ~ 50,-0.25,0.17,-0.433,0% ~ 1%,0,0,0,0,-1,35,5.95,0.005,0.0298
2026/08/04,„ш±г∆ч,Љэ≈∆„ш±г∆ч,20 ~ 50,0.2,0.38,-0.026,0% ~ 1%,0,0,0,0,-1,35,13.3,0.005,0.0665
2026/08/04,„ш±г∆ч,„ш±г∆чЄ«∞е,20 ~ 50,1.25,2.11,-0.521,10% ~ 15%,-0.55,2,-0.55,0,0,35,73.85,0.125,9.2312
2026/08/04,„ш±г∆ч,≥йЋЃ„ш±г∆ч,20 ~ 50,0,0.04,0,0% ~ 1%,0,0,0,0,0,35,1.4,0.005,0.007
2026/08/04,„ш±г∆ч, Іƒ№јѕ»Ћ„ш±г∆ч,0 ~ 20,0,0.5,0,15% ~ 20%,0,1,0,0,0,10,5,0.175,0.875
2026/08/04,„ш±г∆ч,„ш±г∆ч¬нЌ∞Љ“”√µжЋƒЉЊ,0 ~ 20,-0.3,1.01,0.122,50% ~ 55%,0.3,7,-0.15,0,-1,10,10.1,0.525,5.3025
2026/08/04,„ш±г∆ч,„ш±г∆ч≈Ѓ њ,0 ~ 20,-0.3,0.45,-0.366,0% ~ 1%,-1.05,0,-1.05,0,-1,10,4.5,0.005,0.0225
2026/08/04,„ш±г∆ч,≤–Љ≤»Ћ¬нЌ∞„ш±г∆ч,0 ~ 20,-0.2,0.89,0.391,10% ~ 15%,0.75,2,1.05,0,-1,10,8.9,0.125,1.1125
2026/08/04,„ш±г∆ч,¬÷“ќћ±їЊјѕ»Ћ„®”√іш„ш±г∆ч,0 ~ 20,0.1,0.52,-0.373,0% ~ 1%,-1.05,0,-1.05,0,-1,10,5.2,0.005,0.026
2026/08/04,„ш±г∆ч,ґщЌѓј≠ Ї„ш±г∆ч,0 ~ 20,0.1,0.92,0.614,40% ~ 45%,0.55,5,0.7,0,-1,10,9.2,0.425,3.91
2026/08/04,„ш±г∆ч,јѕ»Ћ„ш±г∆ч“∆ґѓ¬нЌ∞≤–Љ≤»Ћ„ш±г“ќ,0 ~ 20,-0.3,0.58,-0.356,25% ~ 30%,2.8,2,1.05,0,-1,10,5.8,0.275,1.595
2026/08/04,„ш±г∆ч,±¶±¶±г≈и„ш±г∆ч,0 ~ 20,0.1,0.88,0.158,15% ~ 20%,0.1,2,0,0,0,10,8.8,0.175,1.54
2026/08/04,„ш±г∆ч,јѕƒк„ш±г∆чјѕ»ЋЉ“”√,0 ~ 20,-0.1,1.08,0.08,20% ~ 25%,-0.15,3,-0.3,0,-1,10,10.8,0.225,2.43
2026/08/04,„ш±г∆ч,≤–Љ≤»Ћ¬нЌ∞„ш±г∆ч,0 ~ 20,-0.2,0.89,0.391,10% ~ 15%,0.75,2,1.05,0,-1,10,8.9,0.125,1.1125
2026/08/04,„ш±г∆ч,„ш±г∆чµ„≤њ√№Јв»¶,0 ~ 20,0.55,0.67,0.861,25% ~ 30%,-0.3,2,0,0,-1,10,6.7,0.275,1.8425
2026/08/04,„ш±г∆ч,ґщЌѓ¬нЌ∞„ш±г∆ч»эЇѕ“ї,0 ~ 20,0.25,0.49,-0.169,25% ~ 30%,0.4,2,0,0,-1,10,4.9,0.275,1.3475
2026/08/04,„ш±г∆ч,≈©іе≤ёЋщ„ш±г∆ч,0 ~ 20,-0.25,1.06,0.116,0% ~ 1%,-1.05,0,-1.05,0,-1,10,10.6,0.005,0.053
2026/08/04,„ш±г∆ч,јѕ»Ћ„ш±г∆ч¬нЌ∞“ќ„”Љ“”√ µƒЊ,0 ~ 20,0.4,0.77,-0.125,20% ~ 25%,1.25,2,1.05,0,-1,10,7.7,0.225,1.7325
2026/08/04,„ш±г∆ч,ґщЌѓ„ш±г∆чƒ–±¶±¶„®”√,0 ~ 20,0.4,0.82,0.065,10% ~ 15%,-0.65,1,-0.7,0,-1,10,8.2,0.125,1.025
2026/08/04,„ш±г∆ч, јЉЌ±¶±іЈ¬’ж„ш±г∆ч,0 ~ 20,-0.4,1.27,0.549,0% ~ 1%,0,0,0,0,-1,10,12.7,0.005,0.0635
2026/08/04,„ш±г∆ч,„ш±г∆чћ„,0 ~ 20,-0.1,0.93,0.094,35% ~ 40%,0.3,3,0,0,0,10,9.3,0.375,3.4875
2026/08/04,„ш±г∆ч,≈©іеЇµ≤ё„ш±г∆чЈј≥ф∆ч,0 ~ 20,0.25,0.7,0.429,25% ~ 30%,0,2,0,0,-1,10,7,0.275,1.925
2026/08/04,„ш±г∆ч,„‘ґѓ„ш±г∆ч,0 ~ 20,-0.35,0.46,-0.233,0% ~ 1%,0,0,0,0,-1,10,4.6,0.005,0.023
2026/08/04,„ш±г∆ч,„ш±г∆чљ≈≤»µ ,0 ~ 20,-0.25,0.91,0.4,15% ~ 20%,-0.1,2,0,0,-1,10,9.1,0.175,1.5925
2026/08/04,„ш±г∆ч,„ш±г∆чћ„,0 ~ 20,-0.1,0.93,0.094,35% ~ 40%,0.3,3,0,0,0,10,9.3,0.375,3.4875
2026/08/04,„ш±г∆ч,„ш±г∆чЋЃѕдљшЋЃЈІ,0 ~ 20,-0.15,0.76,-0.05,25% ~ 30%,0.6,2,0,0,-1,10,7.6,0.275,2.09
2026/08/04,„ш±г∆ч,≈©іеЇµ≤ё„ш±г∆чЈј≥ф∆ч,0 ~ 20,0.25,0.7,0.429,25% ~ 30%,0,2,0,0,-1,10,7,0.275,1.925
2026/08/04,„ш±г∆ч,„‘ґѓ„ш±г∆ч,0 ~ 20,-0.35,0.46,-0.233,0% ~ 1%,0,0,0,0,-1,10,4.6,0.005,0.023
2026/08/04,„ш±г∆ч,Љ”Єя„ш±г∆ч,0 ~ 20,0,0.91,0.282,15% ~ 20%,-0.35,2,0,0,-1,10,9.1,0.175,1.5925
2026/08/04,„ш±г∆ч,≤–Љ≤»Ћ„®”√„ш±г∆ч,0 ~ 20,0.25,0.43,-0.578,25% ~ 30%,0,2,0,0,-1,10,4.3,0.275,1.1825
2026/08/04,„ш±г∆ч,„ш±г∆чЊ≈ƒЅєўЈљ∆мљҐµк,0 ~ 20,-0.4,0.24,-0.631,0% ~ 1%,-1.05,0,-1.05,0,-1,10,2.4,0.005,0.012
2026/08/04,„ш±г∆ч,„ш±г∆ч≥еѕі∆®є…,0 ~ 20,-0.25,0.35,-0.507,10% ~ 15%,0.15,1,0,0,-1,10,3.5,0.125,0.4375
2026/08/04,„ш±г∆ч,іш„ш±г∆ч¬÷“ќ,0 ~ 20,0.8,0.4,-0.834,25% ~ 30%,0,2,1.05,0,-1,10,4,0.275,1.1
2026/08/04,„ш±г∆ч,њ…“∆ґѓјѕƒк„ш±г∆ч,0 ~ 20,-0.35,1.23,0.597,15% ~ 20%,0.05,2,-0.35,0,-1,10,12.3,0.175,2.1525
2026/08/04,„ш±г∆ч,“∆ґѓ¬нЌ∞ЇЌ≥…»Ћ„ш±г∆ч‘х√і—°,0 ~ 20,0,0.33,0,0% ~ 1%,0,0,0,0,0,10,3.3,0.005,0.0165
2026/08/04,„ш±г∆ч,„ш±г∆ч≥еѕі∆®є…,0 ~ 20,-0.25,0.35,-0.507,10% ~ 15%,0.15,1,0,0,-1,10,3.5,0.125,0.4375
2026/08/04,„ш±г∆ч,іш„ш±г∆ч¬÷“ќ,0 ~ 20,0.8,0.4,-0.834,25% ~ 30%,0,2,1.05,0,-1,10,4,0.275,1.1
2026/08/04,„ш±г∆ч,ґщЌѓ„®”√„ш±г∆ч,0 ~ 20,0,0.83,0,30% ~ 35%,0,3,0,0,0,10,8.3,0.325,2.6975
2026/08/04,„ш±г∆ч,ґ„Єƒ„ш±г∆ч,0 ~ 20,0.25,0.55,-0.203,0% ~ 1%,0,0,0,0,-1,10,5.5,0.005,0.0275
2026/08/04,„ш±г∆ч,Ќ®¬нЌ∞…с∆ч“ї≈ЏЌ®„ш±г∆ч„®”√,0 ~ 20,0.15,1.23,0.206,25% ~ 30%,-0.3,3,0,0,-1,10,12.3,0.275,3.3825
2026/08/04,„ш±г∆ч,Љ”Єя„ш±г∆ч,0 ~ 20,0,0.91,0.282,15% ~ 20%,-0.35,2,0,0,-1,10,9.1,0.175,1.5925
2026/08/04,„ш±г∆ч, јЉЌ±¶±іґщЌѓ„ш±г∆ч,0 ~ 20,1.15,1.11,0.11,0% ~ 1%,0,0,0,0,-1,10,11.1,0.005,0.0555
2026/08/04,„ш±г∆ч,≈©іеЇµ≤ё√в≥е„ш±г∆ч,0 ~ 20,0,0.56,-0.035,0% ~ 1%,-1.05,0,-1.05,0,-1,10,5.6,0.005,0.028
2026/08/04,„ш±г∆ч,≥…»Ћ„ш±г∆чµ „”,0 ~ 20,0.7,0.58,0.036,10% ~ 15%,-0.45,1,0,0,-1,10,5.8,0.125,0.725
2026/08/04,„ш±г∆ч,≈©іеЇµ≤ё√в≥е„ш±г∆ч,0 ~ 20,0,0.56,-0.035,0% ~ 1%,-1.05,0,-1.05,0,-1,10,5.6,0.005,0.028
2026/08/04,„ш±г∆ч,‘–∆Џ„ш±г∆ч,0 ~ 20,0.4,0.72,1.4,7.5% ~ 10%,-0.7,1,0,0,-1,10,7.2,0.087,0.6264
2026/08/04,„ш±г∆ч,¬нЌ∞ґщЌѓ„ш±г∆ч3Ћк“‘…ѕЉ”іу–ЌЇ≈,0 ~ 20,-0.1,1.61,0.894,25% ~ 30%,-0.1,3,0,0,-1,10,16.1,0.275,4.4275
2026/08/04,„ш±г∆ч,„ш±г∆чјѕ»Ћ“∆ґѓ¬нЌ∞њ…’џµю,0 ~ 20,1.15,0.87,-0.275,15% ~ 20%,-0.3,2,1.05,0,-1,10,8.7,0.175,1.5225
2026/08/04,„ш±г∆ч,÷«ƒ№¬нЌ∞„ш±г∆ч»Ђ„‘ґѓ,0 ~ 20,-0.15,0.41,-0.268,0% ~ 1%,0,0,0,0,-1,10,4.1,0.005,0.0205
2026/08/04,„ш±г∆ч,–°≈у”—„ш±г∆ч,0 ~ 20,1.55,2.29,1.29,10% ~ 15%,-0.65,1,0,0,-1,10,22.9,0.125,2.8625
2026/08/04,„ш±г∆ч,¬ьЅъ„ш±г∆ч,0 ~ 20,0.7,0.73,7.111,20% ~ 25%,0,1,0,0,-1,10,7.3,0.225,1.6425
2026/08/04,„ш±г∆ч,„∞–ёЅў ±„ш±г∆ч,0 ~ 20,-0.3,0.63,-0.171,10% ~ 15%,0.8,1,0,0,-1,10,6.3,0.125,0.7875
2026/08/04,„ш±г∆ч,ґ„±г¬нЌ∞„ш±г∆ч,0 ~ 20,-0.2,0.35,-0.444,30% ~ 35%,0,1,0,0,0,10,3.5,0.325,1.1375
2026/08/04,„ш±г∆ч, јЉЌ±¶±іґщЌѓ„ш±г∆ч,0 ~ 20,1.15,1.11,0.11,0% ~ 1%,0,0,0,0,-1,10,11.1,0.005,0.0555
2026/08/04,„ш±г∆ч,¬ьЅъ„ш±г∆ч,0 ~ 20,0.7,0.73,7.111,20% ~ 25%,0,1,0,0,-1,10,7.3,0.225,1.6425
2026/08/04,„ш±г∆ч,≤ї–вЄ÷¬нЌ∞„ш±г∆ч,0 ~ 20,1.15,0.55,0.279,15% ~ 20%,-0.35,1,0,0,-1,10,5.5,0.175,0.9625
2026/08/04,„ш±г∆ч,±¶±¶¬нЌ∞„ш±г∆ч,0 ~ 20,0,0.84,-0.077,10% ~ 15%,0,1,0,0,0,10,8.4,0.125,1.05
2026/08/04,„ш±г∆ч,≈©іеЇµ≤ё√в≥е„ш±г∆ч,0 ~ 20,0,0.56,-0.035,0% ~ 1%,-1.05,0,-1.05,0,-1,10,5.6,0.005,0.028
2026/08/04,„ш±г∆ч,Јјґ≥„ш±г∆ч,0 ~ 20,-0.1,0.59,2.105,0% ~ 1%,0,0,0,0,-1,10,5.9,0.005,0.0295
2026/08/04,„ш±г∆ч,„∞–ёЅў ±„ш±г∆ч,0 ~ 20,-0.3,0.63,-0.171,10% ~ 15%,0.8,1,0,0,-1,10,6.3,0.125,0.7875
2026/08/04,„ш±г∆ч,≤а≈≈¬нЌ∞„ш±г∆ч,0 ~ 20,0,0.63,0,0% ~ 1%,0,0,0,0,0,10,6.3,0.005,0.0315
2026/08/04,„ш±г∆ч,‘–∆Џ„ш±г∆ч,0 ~ 20,0.4,0.72,1.4,7.5% ~ 10%,-0.7,1,0,0,-1,10,7.2,0.087,0.6264
2026/08/04,„ш±г∆ч,≥…»Ћ„ш±г∆чµ „”,0 ~ 20,0.7,0.58,0.036,10% ~ 15%,-0.45,1,0,0,-1,10,5.8,0.125,0.725
2026/08/04,„ш±г∆ч,≤ї–вЄ÷¬нЌ∞„ш±г∆ч,0 ~ 20,1.15,0.55,0.279,15% ~ 20%,-0.35,1,0,0,-1,10,5.5,0.175,0.9625
2026/08/04,„ш±г∆ч,”Ґ ѕґщЌѓ„ш±г∆ч,0 ~ 20,0.7,0.9,0.406,25% ~ 30%,0,3,0,0,-1,10,9,0.275,2.475
2026/08/04,„ш±г∆ч,„ш±г∆ч≥еЋЃ∞і—є∆ч,0 ~ 20,0.8,0.51,-0.571,15% ~ 20%,-0.45,1,-0.55,0,0,10,5.1,0.175,0.8925
2026/08/04,„ш±г∆ч,ґщЌѓіуЇ≈„ш±г∆ч,0 ~ 20,-0.1,1.23,0.685,15% ~ 20%,0,2,0,0,-1,10,12.3,0.175,2.1525
2026/08/04,„ш±г∆ч,јѕƒк»Ћ¬нЌ∞„ш±г∆чњ…“∆ґѓ∆мљҐµк,0 ~ 20,0.1,1.12,-0.035,10% ~ 15%,-0.85,1,-0.85,0,-1,10,11.2,0.125,1.4
2026/08/04,„ш±г∆ч,јѕƒк»Ћ¬÷“ќіш„ш±г∆ч,0 ~ 20,0.3,0.44,0.158,10% ~ 15%,0,1,0,0,-1,10,4.4,0.125,0.55
2026/08/04,„ш±г∆ч, јЉЌ±¶±іЈ¬’ж„ш±г∆чpvcњо,0 ~ 20,0.3,0.55,0.719,0% ~ 1%,0,0,0,0,-1,10,5.5,0.005,0.0275
2026/08/04,„ш±г∆ч,Љ“”√Љт“„„ш±г∆ч,0 ~ 20,0.1,0.63,-0.629,25% ~ 30%,0,2,0,0,-1,10,6.3,0.275,1.7325
2026/08/04,„ш±г∆ч,„ш±г∆чњ…’џµю,0 ~ 20,-0.35,0.98,-0.039,30% ~ 35%,0.55,3,-0.3,0,-1,10,9.8,0.325,3.185
2026/08/04,„ш±г∆ч,јѕƒк„ш±г∆ч“∆ґѓ¬нЌ∞,0 ~ 20,0,0.67,-0.082,30% ~ 35%,0.85,3,0.55,0,-1,10,6.7,0.325,2.1775
2026/08/04,„ш±г∆ч,јѕƒк»Ћґ„њ”„ш±г∆ч,0 ~ 20,-0.2,0.82,-0.18,30% ~ 35%,2.05,3,2.05,0,-1,10,8.2,0.325,2.665
2026/08/04,„ш±г∆ч,–°їІ–Ќ„ш±г∆ч,0 ~ 20,-0.4,0.4,-0.669,0% ~ 1%,0,0,0,0,-1,10,4,0.005,0.02
2026/08/04,„ш±г∆ч,±¶±¶ґ„њ”„ш±г∆ч,0 ~ 20,-0.3,0.77,0.116,20% ~ 25%,1.45,2,1.05,0,-1,10,7.7,0.225,1.7325
2026/08/04,„ш±г∆ч,„ш±г∆ч≥еЋЃ∞і—є∆ч,0 ~ 20,0.8,0.51,-0.571,15% ~ 20%,-0.45,1,-0.55,0,0,10,5.1,0.175,0.8925
2026/08/04,„ш±г∆ч,јѕƒк»Ћ¬нЌ∞„ш±г∆чњ…“∆ґѓ∆мљҐµк,0 ~ 20,0.1,1.12,-0.035,10% ~ 15%,-0.85,1,-0.85,0,-1,10,11.2,0.125,1.4
2026/08/04,„ш±г∆ч,ґщЌѓіуЇ≈„ш±г∆ч,0 ~ 20,-0.1,1.23,0.685,15% ~ 20%,0,2,0,0,-1,10,12.3,0.175,2.1525
2026/08/04,„ш±г∆ч,јѕ»Ћ”√µƒ“∆ґѓ„ш±г∆ч,0 ~ 20,0.8,0.88,0.023,10% ~ 15%,0,1,0,0,0,10,8.8,0.125,1.1
2026/08/04,„ш±г∆ч,„ш±г∆ч≥эєЄЉЅ,0 ~ 20,-0.15,1.49,1.483,50% ~ 55%,2.55,4,3.05,0,-1,10,14.9,0.525,7.8225
2026/08/04,„ш±г∆ч,Њ≈ƒЅ“їће÷«ƒ№„ш±г∆ч,0 ~ 20,-0.25,1.6,-0.042,0% ~ 1%,0,0,0,0,-1,10,16,0.005,0.08
2026/08/04,„ш±г∆ч,ґдј≠ґщЌѓ„ш±г∆ч,0 ~ 20,0,0.68,0,0% ~ 1%,0,0,0,0,0,10,6.8,0.005,0.034
2026/08/04,„ш±г∆ч, јЉЌ±¶±іЈ¬’ж„ш±г∆чpvcњо,0 ~ 20,0.3,0.55,0.719,0% ~ 1%,0,0,0,0,-1,10,5.5,0.005,0.0275
2026/08/04,„ш±г∆ч,јѕƒк„ш±г∆ч“∆ґѓ¬нЌ∞,0 ~ 20,0,0.67,-0.082,30% ~ 35%,0.85,3,0.55,0,-1,10,6.7,0.325,2.1775
2026/08/04,„ш±г∆ч,„ш±г∆чЄ«„”,0 ~ 20,0.45,0.77,1.026,0% ~ 1%,-1.05,0,-1.05,0,0,10,7.7,0.005,0.0385
2026/08/04,„ш±г∆ч,±Џє“„ш±г∆ч»»ѕъ∞с,0 ~ 20,0,0,-1,0% ~ 1%,0,0,0,0,-1,10,0,0.005,0
2026/08/04,„ш±г∆ч,ґщЌѓіу±г„ш±г∆ч,0 ~ 20,-0.2,1.33,0.43,30% ~ 35%,0.25,2,-0.35,0,-1,10,13.3,0.325,4.3225
2026/08/04,„ш±г∆ч,њ…“∆ґѓ љ„ш±г∆ч,0 ~ 20,0.9,0.61,-0.032,0% ~ 1%,-1.05,0,-1.05,0,-1,10,6.1,0.005,0.0305
2026/08/04,„ш±г∆ч,‘–ЄЊ”√„ш±г∆ч,0 ~ 20,0.45,0.78,0.345,10% ~ 15%,0,1,0,0,0,10,7.8,0.125,0.975
2026/08/04,„ш±г∆ч,јѕ»Ћ„ш±г∆ч“∆ґѓ¬нЌ∞Љ”Єя,0 ~ 20,0.45,1.94,0.644,30% ~ 35%,0,4,0,0,-1,10,19.4,0.325,6.305
2026/08/04,„ш±г∆ч,¬нЌ∞ љ„ш±г∆ч,0 ~ 20,-0.6,1,2.333,0% ~ 1%,0,0,0,0,0,10,10,0.005,0.05
2026/08/04,„ш±г∆ч,јѕƒк»Ћ…ѕ≤ёЋщ„ш±г∆ч,0 ~ 20,-0.3,0.91,0.083,25% ~ 30%,-0.35,3,-0.3,0,-1,10,9.1,0.275,2.5025
2026/08/04,„ш±г∆ч,ґщЌѓіу±г„ш±г∆ч,0 ~ 20,-0.2,1.33,0.43,30% ~ 35%,0.25,2,-0.35,0,-1,10,13.3,0.325,4.3225
2026/08/04,„ш±г∆ч,‘–ЄЊ”√„ш±г∆ч,0 ~ 20,0.45,0.78,0.345,10% ~ 15%,0,1,0,0,0,10,7.8,0.125,0.975
2026/08/04,„ш±г∆ч,“љ”√„ш±г∆ч,0 ~ 20,-0.1,0.54,-0.62,60% ~ 65%,0.85,3,0,0,-1,10,5.4,0.625,3.375
2026/08/04,„ш±г∆ч,µ „”„ш±г∆ч,0 ~ 20,-0.3,1.44,1.286,20% ~ 25%,-0.35,2,0,0,-1,10,14.4,0.225,3.24
2026/08/04,„ш±г∆ч,–°±¶±¶¬нЌ∞„ш±г∆ч,0 ~ 20,-0.25,1.37,0.903,0% ~ 1%,-1.05,0,-1.05,0,0,10,13.7,0.005,0.0685
2026/08/04,„ш±г∆ч,јѕ»Ћ„ш±г∆ч“∆ґѓ¬нЌ∞Љ”Єя,0 ~ 20,0.45,1.94,0.644,30% ~ 35%,0,4,0,0,-1,10,19.4,0.325,6.305
2026/08/04,„ш±г∆ч, хЇу„ш±г∆ч,0 ~ 20,1.2,0.6,-0.368,10% ~ 15%,0,1,0,0,-1,10,6,0.125,0.75
2026/08/04,„ш±г∆ч,јѕƒк»Ћ…ѕ≤ёЋщ„ш±г∆ч,0 ~ 20,-0.3,0.91,0.083,25% ~ 30%,-0.35,3,-0.3,0,-1,10,9.1,0.275,2.5025
2026/08/04,„ш±г∆ч,ґщЌѓ¬нЌ∞„ш±г∆ч«ељаіь,0 ~ 20,0.45,0.89,0.127,50% ~ 55%,-0.3,5,0.3,0,-1,10,8.9,0.525,4.6725
2026/08/04,„ш±г∆ч,„ш±г∆ч¬нЌ∞Љ“”√іу≥еЅ¶,0 ~ 20,-0.4,0.73,0.217,0% ~ 1%,0,0,0,0,-1,10,7.3,0.005,0.0365
2026/08/04,„ш±г∆ч,≥µ‘Ў„ш±г∆ч,0 ~ 20,0.35,1.51,1.961,20% ~ 25%,0,2,0,0,-1,10,15.1,0.225,3.3975
2026/08/04,„ш±г∆ч,ґщЌѓ–°„ш±г∆ч,0 ~ 20,-0.4,0.84,-0.116,30% ~ 35%,1.45,3,2.05,0,0,10,8.4,0.325,2.73
2026/08/04,„ш±г∆ч,„ш±г∆ч≈©іеЇµ≤ё,0 ~ 20,-0.1,0.32,1,25% ~ 30%,0,1,0,0,-1,10,3.2,0.275,0.88
2026/08/04,„ш±г∆ч,÷«ƒ№„ш±г∆ч¬нЌ∞Є«,0 ~ 20,0,0.84,0.75,0% ~ 1%,0,0,0,0,-1,10,8.4,0.005,0.042
2026/08/04,„ш±г∆ч,Ї√ЌёЌё„ш±г∆ч,0 ~ 20,0.35,0.47,0.424,0% ~ 1%,0,0,0,0,-1,10,4.7,0.005,0.0235
2026/08/04,„ш±г∆ч,ґщЌѓ¬нЌ∞„ш±г∆ч”§”„ґщ„®”√,0 ~ 20,0.2,1.94,3.512,0% ~ 1%,0,0,0,0,-1,10,19.4,0.005,0.097
2026/08/04,„ш±г∆ч,±г–ѓ љ“∆ґѓ„ш±г∆ч,0 ~ 20,0.65,1.17,0.41,15% ~ 20%,-0.55,1,0,0,-1,10,11.7,0.175,2.0475
2026/08/04,„ш±г∆ч,њ…“∆ґѓ„ш±г∆ч,0 ~ 20,-0.1,1.57,1.211,20% ~ 25%,-0.55,2,-0.35,0,-1,10,15.7,0.225,3.5325
2026/08/04,„ш±г∆ч,≥…»Ћ“∆ґѓ„ш±г∆ч,0 ~ 20,0.2,0.72,0.2,30% ~ 35%,0.2,2,0,0,-1,10,7.2,0.325,2.34
2026/08/04,„ш±г∆ч,„ш±г∆ч¬нЌ∞Љ“”√іу≥еЅ¶,0 ~ 20,-0.4,0.73,0.217,0% ~ 1%,0,0,0,0,-1,10,7.3,0.005,0.0365
2026/08/04,„ш±г∆ч,¬нЌ∞ љ„ш±г∆ч,0 ~ 20,-0.6,1,2.333,0% ~ 1%,0,0,0,0,0,10,10,0.005,0.05
2026/08/04,„ш±г∆ч,”§ґщ±г≈и„ш±г∆ч,0 ~ 20,0,1.28,0,0% ~ 1%,0,0,0,0,0,10,12.8,0.005,0.064
2026/08/04,„ш±г∆ч,“∆ґѓ љ„ш±г∆ч,0 ~ 20,0.1,0.95,-0.472,10% ~ 15%,-0.3,1,0,0,-1,10,9.5,0.125,1.1875
2026/08/04,„ш±г∆ч,Ј≈÷«ƒ№¬нЌ∞…ѕµƒґщЌѓ„ш±г∆ч,0 ~ 20,0.55,1.07,0.845,25% ~ 30%,-0.4,2,0,0,-1,10,10.7,0.275,2.9425
2026/08/04,„ш±г∆ч,јѕ»Ћ„ш±г∆чЉ”Єя,0 ~ 20,0,0.83,0.318,10% ~ 15%,0.15,1,0,0,-1,10,8.3,0.125,1.0375
2026/08/04,„ш±г∆ч,¬÷“ќјѕ»Ћ„®”√іш„ш±г∆ч,0 ~ 20,0.35,0.37,-0.641,0% ~ 1%,0,0,0,0,-1,10,3.7,0.005,0.0185
2026/08/04,„ш±г∆ч,ґщЌѓ¬нЌ∞„ш±г∆ч≈Ѓ±¶±¶2Ћк,0 ~ 20,-0.25,0.74,0.321,50% ~ 55%,6.05,3,2.05,6,-0.2,10,7.4,0.525,3.885
2026/08/04,„ш±г∆ч,„ш±г∆чµж„”Ќ®”√,0 ~ 20,-0.45,0.81,0.266,50% ~ 55%,1.55,4,1.05,0.01,0,10,8.1,0.525,4.2525
2026/08/04,„ш±г∆ч,„ш±г∆ч¬нЌ∞ћ„,0 ~ 20,1.05,0.88,-0.228,35% ~ 40%,0,3,0,0,0,10,8.8,0.375,3.3
2026/08/04,„ш±г∆ч,ґщЌѓ¬нЌ∞„ш±г∆чƒ–ЌѓіуЇ≈,0 ~ 20,-0.3,1.36,0.619,50% ~ 55%,3.55,4,3.05,0.71,-0.29,10,13.6,0.525,7.14
2026/08/04,„ш±г∆ч,“∆ґѓ љ„ш±г∆ч,0 ~ 20,0.1,0.95,-0.472,10% ~ 15%,-0.3,1,0,0,0,10,9.5,0.125,1.1875
2026/08/04,„ш±г∆ч,¬нЌ∞Є«Љ“”√Ќ®”√Љ”Їс„ш±г∆чЄ«∞е,0 ~ 20,0,0.38,0,20% ~ 25%,0,1,0,0,0,10,3.8,0.225,0.855
2026/08/04,„ш±г∆ч,„ш±г∆ч¬нЌ∞ћ„,0 ~ 20,1.05,0.88,-0.228,35% ~ 40%,0,3,0,0,0,10,8.8,0.375,3.3
2026/08/04,„ш±г∆ч,„ш±г∆чЉ”Єяµж,0 ~ 20,0,0.51,-0.625,10% ~ 15%,-0.15,1,0,0,0,10,5.1,0.125,0.6375
2026/08/04,„ш±г∆ч,Ј≈÷«ƒ№¬нЌ∞…ѕµƒґщЌѓ„ш±г∆ч,0 ~ 20,0.55,1.07,0.845,25% ~ 30%,-0.4,2,0,0,0,10,10.7,0.275,2.9425
2026/08/04,„ш±г∆ч,ґщЌѓ¬нЌ∞„ш±г∆чƒ–ЌѓіуЇ≈,0 ~ 20,-0.3,1.36,0.619,50% ~ 55%,3.55,4,3.05,0,0,10,13.6,0.525,7.14
2026/08/04,„ш±г∆ч,јѕ»ЋЈљ±г„ш±г∆ч,0 ~ 20,0.25,0.77,0.925,25% ~ 30%,0,2,1.05,0,0,10,7.7,0.275,2.1175
2026/08/04,„ш±г∆ч,„ш±г∆чљшЋЃњ™єЎ,0 ~ 20,0.6,0.78,-0.655,0% ~ 1%,-1.05,0,-1.05,0,0,10,7.8,0.005,0.039
2026/08/04,„ш±г∆ч,“їіќ–‘„ш±г∆чћ„ґјЅҐ∞ь„∞,0 ~ 20,0.25,1.12,0.931,75% ~ 80%,0.3,6,1.05,0,0,10,11.2,0.775,8.68
2026/08/04,„ш±г∆ч,–°ЇҐґ„њ”„ш±г∆ч,0 ~ 20,-0.45,0.44,-0.154,0% ~ 1%,0,0,0,0,0,10,4.4,0.005,0.022
2026/08/04,„ш±г∆ч,“їіќ–‘„ш±г∆чћ„ґјЅҐ∞ь„∞,0 ~ 20,0.25,1.12,0.931,75% ~ 80%,0.3,6,1.05,0,-1,10,11.2,0.775,8.68
2026/08/04,„ш±г∆ч,„ш±г∆чјѕ»Ћ“∆ґѓ¬нЌ∞≈дЉю,0 ~ 20,0.85,0.68,0.015,10% ~ 15%,0,1,0,0,-1,10,6.8,0.125,0.85
2026/08/04,„ш±г∆ч,јѕ»Ћ “ƒЏ„ш±г∆ч,0 ~ 20,0.15,0.96,0.391,10% ~ 15%,-0.3,1,0,0,-1,10,9.6,0.125,1.2
2026/08/04,„ш±г∆ч,„ш±г∆ч¬нЌ∞ЋҐќёЋјљ«,0 ~ 20,0.25,1,-0.091,30% ~ 35%,0.2,3,0.55,0,0,10,10,0.325,3.25
2026/08/04,„ш±г∆ч,”§ґщ¬нЌ∞„ш±г∆ч,0 ~ 20,-0.2,0.45,-0.286,0% ~ 1%,-1.05,0,-1.05,0,-1,10,4.5,0.005,0.0225
2026/08/04,„ш±г∆ч,ќ‘ “„ш±г∆ч,0 ~ 20,0,1.27,0,40% ~ 45%,0,2,0,0,0,10,12.7,0.425,5.3975
2026/08/04,„ш±г∆ч,”§ґщ„ш±г∆чƒ–±¶,0 ~ 20,0,0.62,0,0% ~ 1%,0,0,0,0,0,10,6.2,0.005,0.031
2026/08/04,„ш±г∆ч,”§”„ґщ„ш±г∆ч,0 ~ 20,-0.5,1.02,0.109,35% ~ 40%,0.65,3,0,0,-1,10,10.2,0.375,3.825
2026/08/04,„ш±г∆ч,‘–ЄЊ’џµю„ш±г∆ч,0 ~ 20,0.85,0.79,0.386,0% ~ 1%,-1.05,0,-1.05,0,0,10,7.9,0.005,0.0395
2026/08/04,„ш±г∆ч,јѕƒк»Ћ”√„ш±г∆ч,0 ~ 20,0,1.11,0,10% ~ 15%,0,1,0,0,0,10,11.1,0.125,1.3875
2026/08/04,„ш±г∆ч,„ш±г∆чљшЋЃњ™єЎ,0 ~ 20,0.6,0.78,-0.655,0% ~ 1%,-1.05,0,-1.05,0,-1,10,7.8,0.005,0.039
2026/08/04,„ш±г∆ч,–°ЇҐґ„њ”„ш±г∆ч,0 ~ 20,-0.45,0.44,-0.154,0% ~ 1%,0,0,0,0,-1,10,4.4,0.005,0.022
2026/08/04,„ш±г∆ч,„ш±г∆чјѕ»Ћ“∆ґѓ¬нЌ∞іуЇ≈,0 ~ 20,-0.3,1.74,1.417,40% ~ 45%,-0.05,3,-0.3,0,-1,10,17.4,0.425,7.395
2026/08/04,„ш±г∆ч,≤ …Ђ„ш±г∆ч,0 ~ 20,-0.4,0.59,0.405,0% ~ 1%,0,0,0,0,-1,10,5.9,0.005,0.0295
2026/08/04,„ш±г∆ч,“їіќ–‘„ш±г∆чћ„ґјЅҐ∞ь„∞,0 ~ 20,0.25,1.12,0.931,75% ~ 80%,0.3,6,1.05,0,-1,10,11.2,0.775,8.68
2026/08/04,„ш±г∆ч,„ш±г∆чјѕ»Ћ“∆ґѓ¬нЌ∞≈©іе,0 ~ 20,-0.1,0.41,-0.024,0% ~ 1%,-1.05,0,-1.05,0,-1,10,4.1,0.005,0.0205
2026/08/04,„ш±г∆ч,„ш±г∆ч¬нЌ∞ЋҐќёЋјљ«,0 ~ 20,0.25,1,-0.091,30% ~ 35%,0.2,3,0.55,0,0,10,10,0.325,3.25
2026/08/04,„ш±г∆ч,”§ґщ¬нЌ∞„ш±г∆ч,0 ~ 20,-0.2,0.45,-0.286,0% ~ 1%,-1.05,0,-1.05,0,-1,10,4.5,0.005,0.0225
2026/08/04,„ш±г∆ч,јѕƒк»Ћіш„ш±г∆ч¬÷“ќ,0 ~ 20,0,0.64,1.462,25% ~ 30%,0,1,0,0,-1,10,6.4,0.275,1.76
2026/08/04,„ш±г∆ч,јѕƒк»Ћ”√„ш±г∆ч,0 ~ 20,0,1.11,0,10% ~ 15%,0,1,0,0,0,10,11.1,0.125,1.3875
2026/08/04,„ш±г∆ч,јѕ»Ћ “ƒЏ„ш±г∆ч,0 ~ 20,0.15,0.96,0.391,10% ~ 15%,-0.3,1,0,0,-1,10,9.6,0.125,1.2
2026/08/04,„ш±г∆ч,„ш±г∆чјѕ»Ћ“∆ґѓ¬нЌ∞≈и,0 ~ 20,0.6,0.88,0.833,55% ~ 60%,1.9,4,3.05,0,-1,10,8.8,0.575,5.06
2026/08/04,„ш±г∆ч,ќ‘ “„ш±г∆ч,0 ~ 20,0,1.27,0,40% ~ 45%,0,2,0,0,0,10,12.7,0.425,5.3975
2026/08/04,„ш±г∆ч,ґщЌѓ„ш±г∆ч—µЅЈ,0 ~ 20,-0.25,1.17,0.136,40% ~ 45%,1.4,3,0.55,0,-1,10,11.7,0.425,4.9725
2026/08/04,„ш±г∆ч,≤ …Ђ„ш±г∆ч,0 ~ 20,-0.4,0.59,0.405,0% ~ 1%,0,0,0,0,-1,10,5.9,0.005,0.0295
2026/08/04,„ш±г∆ч,є«’џ≤°»Ћ„ш±г∆ч,0 ~ 20,-0.2,0.54,-0.518,10% ~ 15%,-0.55,1,-0.55,0,-1,10,5.4,0.125,0.675
2026/08/04,„ш±г∆ч,„ш±г∆чјѕ»Ћ“∆ґѓ¬нЌ∞іуЇ≈,0 ~ 20,-0.3,1.74,1.417,40% ~ 45%,-0.05,3,-0.3,0,-1,10,17.4,0.425,7.395
2026/08/04,„ш±г∆ч,÷«ƒ№¬нЌ∞„ш±г∆ч»Ђєъ Ѓіу∆Ј≈∆,0 ~ 20,-0.35,0.48,-0.622,0% ~ 1%,-1.05,0,-1.05,0,-1,10,4.8,0.005,0.024
2026/08/04,„ш±г∆ч,‘–ЄЊ’џµю„ш±г∆ч,0 ~ 20,0.85,0.79,0.386,0% ~ 1%,-1.05,0,-1.05,0,0,10,7.9,0.005,0.0395
2026/08/04,„ш±г∆ч, иЌ®„ш±г∆ч„®”√є§Њя…с∆ч,0 ~ 20,-0.2,0.61,-0.337,35% ~ 40%,-0.3,3,-0.3,0,-1,10,6.1,0.375,2.2875
2026/08/04,„ш±г∆ч,±¶±¶ґ„≤ё„ш±г∆ч,0 ~ 20,-0.25,0.7,0.707,25% ~ 30%,0,1,0,0,-1,10,7,0.275,1.925
2026/08/04,„ш±г∆ч,≤°»Ћ”√„ш±г∆ч,0 ~ 20,0.45,0.35,-0.66,0% ~ 1%,-1.05,0,-1.05,0,0,10,3.5,0.005,0.0175
2026/08/04,„ш±г∆ч,„ш±г∆чЅђљ”є№,0 ~ 20,0.3,0.59,0.035,50% ~ 55%,0.55,2,1.05,0,-1,10,5.9,0.525,3.0975
2026/08/04,„ш±г∆ч,їоґѓ¬нЌ∞Љ“”√„ш±г∆ч,0 ~ 20,0.15,0.58,-0.216,0% ~ 1%,-1.05,0,-1.05,0,-1,10,5.8,0.005,0.029
2026/08/04,„ш±г∆ч,„ш±г∆ч‘–ЄЊ,0 ~ 20,0,0.46,0,50% ~ 55%,0,2,0,0,0,10,4.6,0.525,2.415
2026/08/04,„ш±г∆ч,“їће љ„ш±г∆ч,0 ~ 20,0,0.6,-0.455,0% ~ 1%,0,0,0,0,0,10,6,0.005,0.03
2026/08/04,„ш±г∆ч,≈©іе “ЌвЇµ≤ё„ш±г∆ч,0 ~ 20,0.7,0.87,0.074,15% ~ 20%,-0.7,1,-0.55,0,-1,10,8.7,0.175,1.5225
2026/08/04,„ш±г∆ч,”„ґщ¬нЌ∞„ш±г∆ч,0 ~ 20,-0.1,1.07,0.408,20% ~ 25%,-0.15,1,-0.55,0,-1,10,10.7,0.225,2.4075
2026/08/04,„ш±г∆ч,“ќ„” љ„ш±г∆ч,0 ~ 20,0,0.69,0,10% ~ 15%,0,1,0,0,0,10,6.9,0.125,0.8625
2026/08/04,„ш±г∆ч,ґщЌѓ¬нЌ∞„ш±г∆ч–°ЇҐ„®”√≤ёЋщ,0 ~ 20,-0.45,0.89,0.935,0% ~ 1%,-1.05,0,-1.05,0,-1,10,8.9,0.005,0.0445
2026/08/04,„ш±г∆ч,јѕ љ„ш±г∆чЋЃѕд≈дЉю,0 ~ 20,-0.45,0.57,-0.491,25% ~ 30%,0.25,2,-0.35,0,-1,10,5.7,0.275,1.5675
2026/08/04,„ш±г∆ч,„ш±г∆чЅђљ”є№,0 ~ 20,0.3,0.59,0.035,50% ~ 55%,0.55,2,1.05,0,-1,10,5.9,0.525,3.0975
2026/08/04,„ш±г∆ч,≤°»Ћ”√„ш±г∆ч,0 ~ 20,0.45,0.35,-0.66,0% ~ 1%,-1.05,0,-1.05,0,0,10,3.5,0.005,0.0175
2026/08/04,„ш±г∆ч,÷«ƒ№„ш±г∆чЈјЋЃ’÷,0 ~ 20,0,0.59,0,20% ~ 25%,0,1,0,0,0,10,5.9,0.225,1.3275
2026/08/04,„ш±г∆ч,–°√„÷«ƒ№¬нЌ∞„ш±г∆ч»Ђ„‘ґѓ,0 ~ 20,0,0.79,0,0% ~ 1%,0,0,0,0,0,10,7.9,0.005,0.0395
2026/08/04,„ш±г∆ч,ћ’і…„ш±г∆ч¬нЌ∞Љ“”√,0 ~ 20,0,1.31,0,0% ~ 1%,0,0,0,0,0,10,13.1,0.005,0.0655
2026/08/04,„ш±г∆ч, иЌ®„ш±г∆ч„®”√є§Њя…с∆ч,0 ~ 20,-0.2,0.61,-0.337,35% ~ 40%,-0.3,3,-0.3,0,-1,10,6.1,0.375,2.2875
2026/08/04,„ш±г∆ч,є…є«ЌЈ хЇу„ш±г∆ч,0 ~ 20,0,0.57,0,20% ~ 25%,0,1,0,0,0,10,5.7,0.225,1.2825
2026/08/04,„ш±г∆ч,„ш±г∆ч‘–ЄЊ,0 ~ 20,0,0.46,0,50% ~ 55%,0,2,0,0,0,10,4.6,0.525,2.415
2026/08/04,„ш±г∆ч,„ш±г∆ч–¬њо,0 ~ 20,0,2.29,0,0% ~ 1%,0,0,0,0,0,10,22.9,0.005,0.1145
2026/08/04,„ш±г∆ч,„ш±г∆ч‘–ЄЊ,0 ~ 20,0,0.46,0,50% ~ 55%,0,2,0,0,0,10,4.6,0.525,2.415
2026/08/04,„ш±г∆ч,±¶±¶ґ„≤ё„ш±г∆ч,0 ~ 20,-0.25,0.7,0.707,25% ~ 30%,0,1,0,0,-1,10,7,0.275,1.925
2026/08/04,„ш±г∆ч,є…є«ЌЈ хЇу„ш±г∆ч,0 ~ 20,0,0.57,0,20% ~ 25%,0,1,0,0,0,10,5.7,0.225,1.2825
2026/08/04,„ш±г∆ч,–°√„÷«ƒ№¬нЌ∞„ш±г∆ч»Ђ„‘ґѓ,0 ~ 20,0,0.79,0,0% ~ 1%,0,0,0,0,0,10,7.9,0.005,0.0395
2026/08/04,„ш±г∆ч,≈©іеЇµ≤ёЄƒ‘м„ш±г∆ч,0 ~ 20,0,0.75,2.947,0% ~ 1%,0,0,0,0,-1,10,7.5,0.005,0.0375
2026/08/04,„ш±г∆ч,“їће љ„ш±г∆ч,0 ~ 20,0,0.6,-0.455,0% ~ 1%,0,0,0,0,0,10,6,0.005,0.03
2026/08/04,„ш±г∆ч,„ш±г∆чµж„”“їіќ–‘,0 ~ 20,-0.2,1.21,-0.047,65% ~ 70%,0.6,4,0.35,0,-1,10,12.1,0.675,8.1675
2026/08/04,„ш±г∆ч,Љі»»„ш±г∆ч,0 ~ 20,0,0,0,0% ~ 1%,0,0,0,0,0,10,0,0.005,0
2026/08/04,„ш±г∆ч,јѕ љ„ш±г∆чЋЃѕд≈дЉю,0 ~ 20,-0.45,0.57,-0.491,25% ~ 30%,0.25,2,-0.35,0,-1,10,5.7,0.275,1.5675
2026/08/04,„ш±г∆ч,„ш±г∆чґ¬њ„»ы,0 ~ 20,0,3.15,0,25% ~ 30%,0,2,0,0,0,10,31.5,0.275,8.6625
2026/08/04,„ш±г∆ч,„ш±г∆чЄƒґ„њ”…с∆ч,0 ~ 20,-0.15,0.79,1.194,15% ~ 20%,0,1,0,0,-1,10,7.9,0.175,1.3825
2026/08/04,„ш±г∆ч,„ш±г∆ч¬нЌ∞»¶,0 ~ 20,-0.4,1.33,0.304,50% ~ 55%,0.3,2,-0.55,0,0,10,13.3,0.525,6.9825
2026/08/04,„ш±г∆ч,іу–°±г„ш±г∆ч,0 ~ 20,-0.45,0.58,-0.496,30% ~ 35%,0,1,0,0,-1,10,5.8,0.325,1.885
2026/08/04,„ш±г∆ч,Ј≈‘ЏЌ∞…ѕµƒ„ш±г∆ч,0 ~ 20,-0.55,0.48,-0.238,50% ~ 55%,4.05,2,1.05,0,-1,10,4.8,0.525,2.52
2026/08/04,„ш±г∆ч,„ш±г∆чµж»¶Є«,0 ~ 20,0,0.29,0,25% ~ 30%,0,1,0,0,0,10,2.9,0.275,0.7975
2026/08/04,„ш±г∆ч,ґщЌѓ„ш±г∆чґ„њ”,0 ~ 20,-0.45,0.47,-0.329,15% ~ 20%,0,1,0,0,-1,10,4.7,0.175,0.8225
2026/08/04,„ш±г∆ч,”г‘Њјѕ»Ћ„ш±г∆ч,0 ~ 20,-0.2,0.81,-0.607,0% ~ 1%,-1.05,0,-1.05,0,-1,10,8.1,0.005,0.0405
2026/08/04,„ш±г∆ч,Ѕў ±¬нЌ∞„ш±г∆ч,0 ~ 20,0,0.43,0,0% ~ 1%,0,0,0,0,0,10,4.3,0.005,0.0215
2026/08/04,„ш±г∆ч,ґ„≈и„ш±г∆ч,0 ~ 20,-0.55,0.27,-0.597,0% ~ 1%,-1.05,0,-1.05,0,-1,10,2.7,0.005,0.0135
2026/08/04,„ш±г∆ч,  Їѕјѕƒк»Ћµƒ„ш±г∆ч,0 ~ 20,-0.2,0.69,-0.068,20% ~ 25%,-0.45,1,-0.55,0,0,10,6.9,0.225,1.5525
2026/08/04,„ш±г∆ч,ґщЌѓ„ш±г∆чґ„њ”,0 ~ 20,-0.45,0.47,-0.329,15% ~ 20%,0,1,0,0,-1,10,4.7,0.175,0.8225
2026/08/04,„ш±г∆ч,„ш±г∆чґ¬њ„»ы,0 ~ 20,0,3.15,0,25% ~ 30%,0,2,0,0,0,10,31.5,0.275,8.6625
2026/08/04,„ш±г∆ч,–°±¶±¶„ш±г∆ч,0 ~ 20,-0.2,0.59,-0.478,25% ~ 30%,1.05,2,1.05,0,0,10,5.9,0.275,1.6225
2026/08/04,„ш±г∆ч,Ѕў ±¬нЌ∞„ш±г∆ч,0 ~ 20,0,0.43,0,0% ~ 1%,0,0,0,0,0,10,4.3,0.005,0.0215
2026/08/04,„ш±г∆ч,≈©іе”√„ш±г∆ч,0 ~ 20,-0.15,0.43,0.265,0% ~ 1%,-1.05,0,-1.05,0,-1,10,4.3,0.005,0.0215
2026/08/04,„ш±г∆ч,Јљ±г–ѓішµƒ„ш±г∆ч,0 ~ 20,0,1.13,0,10% ~ 15%,0,1,0,0,0,10,11.3,0.125,1.4125
2026/08/04,„ш±г∆ч,±¶±¶„ш±г∆чјђїшіь,0 ~ 20,-0.45,1.03,0.051,25% ~ 30%,-0.65,2,-0.75,0,-1,10,10.3,0.275,2.8325
2026/08/04,„ш±г∆ч,  Їѕјѕƒк»Ћµƒ„ш±г∆ч,0 ~ 20,-0.2,0.69,-0.068,20% ~ 25%,-0.45,1,-0.55,0,0,10,6.9,0.225,1.5525
2026/08/04,„ш±г∆ч,„ш±г∆чљшЋЃ»нє№,0 ~ 20,0,0.56,0,0% ~ 1%,0,0,0,0,0,10,5.6,0.005,0.028
2026/08/04,„ш±г∆ч,ґ„≈и„ш±г∆ч,0 ~ 20,-0.55,0.27,-0.597,0% ~ 1%,-1.05,0,-1.05,0,-1,10,2.7,0.005,0.0135
2026/08/04,„ш±г∆ч,Њ≈ƒЅ÷«ƒ№„ш±г∆ч,0 ~ 20,0,0.35,0,0% ~ 1%,0,0,0,0,0,10,3.5,0.005,0.0175
2026/08/04,„ш±г∆ч,јѕ љ„ш±г∆ч≈≈ЋЃЈІ,0 ~ 20,0,0.55,0,60% ~ 65%,0,3,0,0,0,10,5.5,0.625,3.4375
2026/08/04,„ш±г∆ч,„ш±г∆ч≥…»Ћ,0 ~ 20,0.15,0.5,0.562,0% ~ 1%,0,0,0,0,0,10,5,0.005,0.025
2026/08/04,„ш±г∆ч,іу–°±г„ш±г∆ч,0 ~ 20,-0.45,0.58,-0.496,30% ~ 35%,0,1,0,0,-1,10,5.8,0.325,1.885
2026/08/04,„ш±г∆ч,±г≈и„ш±г∆ч‘х√і”√,0 ~ 20,-0.2,0.58,-0.37,0% ~ 1%,-1.05,0,-1.05,0,0,10,5.8,0.005,0.029
2026/08/04,„ш±г∆ч,≈©іеЇµ≤ё„ш±г∆ч¬нЌ∞Є«,0 ~ 20,0.15,0.56,-0.263,15% ~ 20%,-0.55,1,0,0,-1,10,5.6,0.175,0.98
2026/08/04,„ш±г∆ч,»з≤ё„ш±г∆ч,0 ~ 20,0.3,0.64,1.207,50% ~ 55%,0.55,2,1.05,0,0,10,6.4,0.525,3.36
2026/08/04,„ш±г∆ч,ґ„≈и„ш±г∆ч,0 ~ 20,-0.55,0.27,-0.597,0% ~ 1%,-1.05,0,-1.05,0,-1,10,2.7,0.005,0.0135
2026/08/04,„ш±г∆ч,  Їѕјѕƒк»Ћµƒ„ш±г∆ч,0 ~ 20,-0.2,0.69,-0.068,20% ~ 25%,-0.45,1,-0.55,0,0,10,6.9,0.225,1.5525
2026/08/04,„ш±г∆ч,„ш±г∆чµж»¶“їіќ–‘,0 ~ 20,0,0.82,-0.374,60% ~ 65%,1.55,5,1.55,0,-1,10,8.2,0.625,5.125
2026/08/04,„ш±г∆ч,„ш±г∆чґ¬њ„»ы,0 ~ 20,0,3.15,0,25% ~ 30%,0,2,0,0,0,10,31.5,0.275,8.6625
2026/08/04,„ш±г∆ч,„ш±г∆ч«ељаЋҐ,0 ~ 20,-0.35,0.69,0.131,15% ~ 20%,-0.45,1,-0.7,0,-1,10,6.9,0.175,1.2075
2026/08/04,„ш±г∆ч,Ѕў ±¬нЌ∞„ш±г∆ч,0 ~ 20,0,0.43,0,0% ~ 1%,0,0,0,0,0,10,4.3,0.005,0.0215
2026/08/04,„ш±г∆ч,јѕ»Ћ±г≈и„ш±г∆ч,0 ~ 20,0.3,0.44,-0.343,20% ~ 25%,0,1,0,0,0,10,4.4,0.225,0.99
2026/08/04,„ш±г∆ч,„ш±г∆чЄƒґ„њ”…с∆ч,0 ~ 20,-0.15,0.79,1.194,15% ~ 20%,0,1,0,0,-1,10,7.9,0.175,1.3825
2026/08/04,„ш±г∆ч,Љ“”√≤ёЋщ„ш±г∆ч,0 ~ 20,-0.4,0.69,-0.584,20% ~ 25%,-0.25,1,-0.55,0,0,10,6.9,0.225,1.5525
2026/08/04,„ш±г∆ч,ќј‘°¬нЌ∞„ш±г∆ч,0 ~ 20,0,0.41,0,0% ~ 1%,0,0,0,0,0,10,4.1,0.005,0.0205
2026/08/04,„ш±г∆ч,Њ≈ƒЅ„ш±г∆ч¬нЌ∞Љ“”√,0 ~ 20,-0.4,0.38,-0.356,0% ~ 1%,0,0,0,0,-1,10,3.8,0.005,0.019
2026/08/04,„ш±г∆ч,Љэ≈∆ќј‘°єўЈљ∆мљҐµк’э∆Ј„ш±г∆ч,0 ~ 20,0,1.13,0,0% ~ 1%,0,0,0,0,0,10,11.3,0.005,0.0565
2026/08/04,„ш±г∆ч,јѕƒк»Ћ„ш±г∆ч“ќ„”єўЈљ∆мљҐµк,0 ~ 20,0.15,1.67,1.114,55% ~ 60%,0,4,0,0,-1,10,16.7,0.575,9.6025
2026/08/04,„ш±г∆ч,јѕ»Ћ„ш±г∆ч’џµю,0 ~ 20,-0.4,0.63,0.016,0% ~ 1%,-1.05,0,-1.05,0,-1,10,6.3,0.005,0.0315
2026/08/04,„ш±г∆ч,Јј≥ф„ш±г∆ч,0 ~ 20,-0.4,0.39,-0.071,0% ~ 1%,0,0,0,0,0,10,3.9,0.005,0.0195
2026/08/04,„ш±г∆ч,Љт“„Ѕў ±¬нЌ∞„ш±г∆ч,0 ~ 20,0.35,0.42,3.667,0% ~ 1%,0,0,0,0,-1,10,4.2,0.005,0.021
2026/08/04,„ш±г∆ч,≈©іеЇµ≤ё√в≥еЈј≥ф„ш±г∆ч,0 ~ 20,-0.15,0.91,1.116,50% ~ 55%,0,1,0,0,-1,10,9.1,0.525,4.7775
2026/08/04,„ш±г∆ч,ґщЌѓ¬нЌ∞„ш±г∆ч¬•ћЁ љњ…’џµю,0 ~ 20,0.35,0.89,-0.321,20% ~ 25%,0.25,1,0,0,-1,10,8.9,0.225,2.0025
2026/08/04,„ш±г∆ч,ґщЌѓ„ш±г∆чјђїшіь,0 ~ 20,0,1.04,0.651,55% ~ 60%,3.05,4,3.05,0,-1,10,10.4,0.575,5.98
2026/08/04,„ш±г∆ч,–°≥яіз„ш±г∆ч,0 ~ 20,-0.55,0.71,0.868,0% ~ 1%,0,0,0,0,-1,10,7.1,0.005,0.0355
2026/08/04,„ш±г∆ч,„ш±г∆ч‘цЄя,0 ~ 20,0.15,1.75,2.646,50% ~ 55%,0,3,0,0,-1,10,17.5,0.525,9.1875
2026/08/04,„ш±г∆ч,„ш±г∆ч¬нЌ∞µ ,0 ~ 20,0.15,0.48,0.371,0% ~ 1%,0,0,0,0,0,10,4.8,0.005,0.024
2026/08/04,„ш±г∆ч,≈Ѓ њі≤…ѕ„ш±г∆ч,0 ~ 20,0,0.48,0,0% ~ 1%,0,0,0,0,0,10,4.8,0.005,0.024
2026/08/04,„ш±г∆ч,¬нЌ∞„ш±г∆ч“∆ґѓ‘–ЄЊ,0 ~ 20,0,0.56,0,0% ~ 1%,0,0,0,0,0,10,5.6,0.005,0.028
2026/08/04,„ш±г∆ч,јѕ»ЋЉ“„ш±г∆ч,0 ~ 20,0,0.64,0,20% ~ 25%,0,1,0,0,0,10,6.4,0.225,1.44
2026/08/04,„ш±г∆ч,±г±г≈и±¶±¶„ш±г∆ч,0 ~ 20,-0.15,0.62,-0.551,15% ~ 20%,-0.65,1,-0.8,0,-1,10,6.2,0.175,1.085
2026/08/04,„ш±г∆ч,–°≥яіз„ш±г∆ч,0 ~ 20,-0.55,0.71,0.868,0% ~ 1%,0,0,0,0,-1,10,7.1,0.005,0.0355
2026/08/04,„ш±г∆ч,ч≈єЎљЏ÷√її хЇу„ш±г∆ч,0 ~ 20,0,0.56,-0.529,20% ~ 25%,0,1,0,0,-1,10,5.6,0.225,1.26
2026/08/04,„ш±г∆ч,ґщЌѓ¬нЌ∞јђїшіь„ш±г∆ч«ељаіь±¶±¶“їіќ–‘±г≈и”§ґщ„®”√Ћ№Ѕѕјђїшіь,0 ~ 20,0,0.41,0,30% ~ 35%,0,1,0,0,0,10,4.1,0.325,1.3325
2026/08/04,„ш±г∆ч,јѕ»Ћ„ш±г∆чµж»¶,0 ~ 20,0.15,0.88,-0.343,15% ~ 20%,-0.6,1,-0.55,0,-1,10,8.8,0.175,1.54
2026/08/04,„ш±г∆ч,і≤…ѕ”√„ш±г∆ч,0 ~ 20,0,0.45,0,0% ~ 1%,0,0,0,0,0,10,4.5,0.005,0.0225
2026/08/04,„ш±г∆ч,јѕƒк»ЋЉ“Ќ•„ш±г∆чљб µƒЌ”√Јј≥ф,0 ~ 20,-0.4,0.63,0,25% ~ 30%,-0.15,2,0,0,0,10,6.3,0.275,1.7325
2026/08/04,„ш±г∆ч,„ш±г∆чЋЃѕд≈≈ЋЃЈІ,0 ~ 20,-0.6,0.61,0.017,0% ~ 1%,-1.05,0,-1.05,0,-1,10,6.1,0.005,0.0305
2026/08/04,„ш±г∆ч,ћµ”џ„ш±г∆чґщЌѓ,0 ~ 20,0,0.81,0,30% ~ 35%,0,2,0,0,0,10,8.1,0.325,2.6325
2026/08/04,„ш±г∆ч, “ƒЏ„ш±г∆ч,0 ~ 20,-0.15,0.13,-0.723,0% ~ 1%,-1.05,0,-1.05,0,-1,10,1.3,0.005,0.0065
2026/08/04,„ш±г∆ч,јѕ»Ћі≤…ѕ„ш±г∆ч,0 ~ 20,-0.5,0.5,-0.138,15% ~ 20%,0.35,1,0,0,-1,10,5,0.175,0.875
2026/08/04,„ш±г∆ч,≈Ѓ њі≤…ѕ„ш±г∆ч,0 ~ 20,0,0.48,0,0% ~ 1%,0,0,0,0,0,10,4.8,0.005,0.024
2026/08/04,„ш±г∆ч,”§ґщ„ш±г∆ч–°‘¬Ѕд,0 ~ 20,0,0.71,0,0% ~ 1%,0,0,0,0,0,10,7.1,0.005,0.0355
2026/08/04,„ш±г∆ч,јѕ»Ћ„ш±г∆чµж»¶,0 ~ 20,0.15,0.88,-0.343,15% ~ 20%,-0.6,1,-0.55,0,-1,10,8.8,0.175,1.54
2026/08/04,„ш±г∆ч,¬÷“ќ љ„ш±г∆ч,0 ~ 20,-0.15,0.76,-0.183,0% ~ 1%,0,0,0,0,-1,10,7.6,0.005,0.038
2026/08/04,„ш±г∆ч,„ш±г∆чЋЃѕд≈≈ЋЃЈІ,0 ~ 20,-0.6,0.61,0.017,0% ~ 1%,-1.05,0,-1.05,0,-1,10,6.1,0.005,0.0305
2026/08/04,„ш±г∆ч,і≤…ѕ”√„ш±г∆ч,0 ~ 20,0,0.45,0,0% ~ 1%,0,0,0,0,0,10,4.5,0.005,0.0225
2026/08/04,„ш±г∆ч,„ш±г∆ч‘цЄя,0 ~ 20,0.15,1.75,2.646,50% ~ 55%,0,3,0,0,-1,10,17.5,0.525,9.1875
2026/08/04,„ш±г∆ч,„ш±г∆ч ÷«ƒ№,0 ~ 20,0,0.38,0,0% ~ 1%,0,0,0,0,0,10,3.8,0.005,0.019
2026/08/04,„ш±г∆ч,”§ґщ„ш±г∆ч–°‘¬Ѕд,0 ~ 20,0,0.71,0,0% ~ 1%,0,0,0,0,0,10,7.1,0.005,0.0355
2026/08/04,„ш±г∆ч,ґщЌѓљ„ћЁ„ш±г∆ч,0 ~ 20,0.15,1.02,-0.626,25% ~ 30%,0.3,1,0,0,0,10,10.2,0.275,2.805
2026/08/04,„ш±г∆ч,ґщЌѓ¬нЌ∞јђїшіь„ш±г∆ч«ељаіь±¶±¶“їіќ–‘±г≈и”§ґщ„®”√Ћ№Ѕѕјђїшіь,0 ~ 20,0,0.41,0,30% ~ 35%,0,1,0,0,0,10,4.1,0.325,1.3325
2026/08/04,„ш±г∆ч,ґщЌѓ¬нЌ∞„ш±г∆ч¬•ћЁ љњ…’џµю,0 ~ 20,0.35,0.89,-0.321,20% ~ 25%,0.25,1,0,0,-1,10,8.9,0.225,2.0025
2026/08/04,„ш±г∆ч,„ш±г∆чЋЃѕд,0 ~ 20,0,0.35,0,0% ~ 1%,0,0,0,0,0,10,3.5,0.005,0.0175
2026/08/04,„ш±г∆ч,Њ≈ƒЅ„ш±г∆ч¬нЌ∞Љ“”√,0 ~ 20,-0.4,0.38,-0.356,0% ~ 1%,0,0,0,0,-1,10,3.8,0.005,0.019
2026/08/04,„ш±г∆ч,„ш±г∆ч∞і≈•,0 ~ 20,0,2.56,0,20% ~ 25%,0,1,0,0,0,10,25.6,0.225,5.76
2026/08/04,„ш±г∆ч,јѕƒк»Ћ„ш±г∆ч“ќ„”єўЈљ∆мљҐµк,0 ~ 20,0.15,1.67,1.114,55% ~ 60%,0,4,0,0,-1,10,16.7,0.575,9.6025
2026/08/04,„ш±г∆ч,Љэ≈∆ќј‘°єўЈљ∆мљҐµк’э∆Ј„ш±г∆ч,0 ~ 20,0,1.13,0,0% ~ 1%,0,0,0,0,0,10,11.3,0.005,0.0565
2026/08/04,„ш±г∆ч,Љ“Ќ•„ш±г∆ч,0 ~ 20,0.15,0.63,-0.192,25% ~ 30%,0,1,0,0,-1,10,6.3,0.275,1.7325
2026/08/04,„ш±г∆ч,ч≈єЎљЏ÷√її хЇу„ш±г∆ч,0 ~ 20,0,0.56,-0.529,20% ~ 25%,0,1,0,0,-1,10,5.6,0.225,1.26
2026/08/04,„ш±г∆ч,Љт“„Ѕў ±¬нЌ∞„ш±г∆ч,0 ~ 20,0.35,0.42,3.667,0% ~ 1%,0,0,0,0,-1,10,4.2,0.005,0.021
2026/08/04,„ш±г∆ч,–°≥яіз„ш±г∆ч,0 ~ 20,-0.55,0.71,0.868,0% ~ 1%,0,0,0,0,-1,10,7.1,0.005,0.0355
2026/08/04,„ш±г∆ч,јѕ»Ћіш„ш±г∆ч¬÷“ќ,0 ~ 20,0.35,0.76,0.027,20% ~ 25%,-0.45,1,0,0,-1,10,7.6,0.225,1.71
2026/08/04,„ш±г∆ч,„ш±г∆ч¬нЌ∞µ ,0 ~ 20,0.15,0.48,0.371,0% ~ 1%,0,0,0,0,0,10,4.8,0.005,0.024
2026/08/04,„ш±г∆ч,ґ„±г∆чЄƒ„ш±г∆ч,0 ~ 20,-0.25,0.65,-0.414,0% ~ 1%,-1.05,0,-1.05,0,0,10,6.5,0.005,0.0325
2026/08/04,„ш±г∆ч,і≤±я¬нЌ∞њ…“∆ґѓ„ш±г∆ч,0 ~ 20,-0.15,0.41,-0.64,25% ~ 30%,0.8,1,0,0,-1,10,4.1,0.275,1.1275
2026/08/04,„ш±г∆ч,јѕ»Ћ”√µƒ„ш±г∆ч,0 ~ 20,0.15,0.71,0.479,25% ~ 30%,0,1,0,0,0,10,7.1,0.275,1.9525
2026/08/04,„ш±г∆ч,Јј≥ф„ш±г∆ч,0 ~ 20,-0.4,0.39,-0.071,0% ~ 1%,0,0,0,0,0,10,3.9,0.005,0.0195
2026/08/03,„ш±г∆ч,„ш±г∆чЋ—Ћчі ,2500 ~ 5000,0.05,0.55,0.058,15% ~ 20%,0.15,100 ~ 250,0.15,0.06,0,3750,2062.5,0.175,360.9375
2026/08/03,„ш±г∆ч,¬нЌ∞„ш±г∆чґщЌѓ,1200 ~ 2500,-0.1,0.86,-0.034,15% ~ 20%,-0.1,100 ~ 250,-0.2,0.26,-0.071,1850,1591,0.175,278.425
2026/08/03,„ш±г∆ч,„ш±г∆чјѕ»Ћ“∆ґѓ¬нЌ∞,600 ~ 1200,-0.1,0.72,-0.077,15% ~ 20%,-0.2,100 ~ 250,-0.25,0.23,-0.042,900,648,0.175,113.4
2026/08/03,„ш±г∆ч,јѕ»Ћ„ш±г∆ч,600 ~ 1200,0.05,0.94,0.022,20% ~ 25%,-0.2,100 ~ 250,-0.15,0.1,0,900,846,0.225,190.35
2026/08/03,„ш±г∆ч,„ш±г∆ч¬нЌ∞,600 ~ 1200,0.05,0.59,0.017,5% ~ 7.5%,-0.1,10 ~ 50,-0.05,0.02,0,900,531,0.062,32.922
2026/08/03,„ш±г∆ч,ґщЌѓ„ш±г∆ч,600 ~ 1200,-0.1,0.97,0.244,20% ~ 25%,-0.15,50 ~ 100,-0.2,0.09,-0.1,900,873,0.225,196.425
2026/08/03,„ш±г∆ч,јѕ»Ћ“∆ґѓ¬нЌ∞„ш±г∆ч,300 ~ 600,-0.1,0.81,0.038,15% ~ 20%,-0.2,50 ~ 100,-0.25,0.13,-0.071,450,364.5,0.175,63.7875
2026/08/03,„ш±г∆ч,„ш±г∆ч¬нЌ∞Љ“”√,300 ~ 600,-0.05,0.65,0.016,5% ~ 7.5%,-0.05,10 ~ 50,-0.1,0.03,0,450,292.5,0.062,18.135
2026/08/03,„ш±г∆ч,¬нЌ∞ґщЌѓ„ш±г∆ч,300 ~ 600,0.2,0.99,0.01,20% ~ 25%,-0.2,50 ~ 100,-0.05,0.08,0.143,450,445.5,0.225,100.2375
2026/08/03,„ш±г∆ч,‘–ЄЊ„ш±г∆ч,300 ~ 600,0.2,0.8,0.053,15% ~ 20%,-0.1,10 ~ 50,0.05,0.07,0.167,450,360,0.175,63
2026/08/03,„ш±г∆ч,¬нЌ∞„ш±г∆ч“∆ґѓјѕ»Ћ,300 ~ 600,-0.15,0.85,0.062,15% ~ 20%,-0.05,10 ~ 50,-0.15,0.09,-0.1,450,382.5,0.175,66.9375
2026/08/03,„ш±г∆ч,¬нЌ∞„ш±г∆чЉ“”√,300 ~ 600,-0.1,0.63,0.086,7.5% ~ 10%,-0.05,10 ~ 50,-0.1,0.02,0,450,283.5,0.087,24.6645
2026/08/03,„ш±г∆ч,„ш±г∆ч≈дЉюіу»Ђ,300 ~ 600,-0.1,0.68,-0.014,25% ~ 30%,-0.05,50 ~ 100,-0.2,0.33,-0.108,450,306,0.275,84.15
2026/08/03,„ш±г∆ч,јѕƒк»Ћ„ш±г∆ч“ќ„”,300 ~ 600,0.1,0.8,0.026,20% ~ 25%,0.25,50 ~ 100,0.4,0.93,0.045,450,360,0.225,81
2026/08/03,„ш±г∆ч,ґщЌѓ¬нЌ∞„ш±г∆ч≈Ѓ±¶±¶,300 ~ 600,0.05,0.91,-0.011,20% ~ 25%,-0.25,50 ~ 100,-0.25,0.25,0,450,409.5,0.225,92.1375
2026/08/03,„ш±г∆ч,„ш±г∆чґ„њ”…с∆ч,300 ~ 600,-0.1,0.85,0.349,10% ~ 15%,-0.25,10 ~ 50,-0.3,0.1,-0.091,450,382.5,0.125,47.8125
2026/08/03,„ш±г∆ч,јѕ»Ћ“∆ґѓ„ш±г∆ч,300 ~ 600,-0.05,0.68,-0.139,10% ~ 15%,-0.5,10 ~ 50,-0.5,0.07,0,450,306,0.125,38.25
2026/08/03,„ш±г∆ч,ґщЌѓ¬нЌ∞„ш±г∆чƒ–Ќѓ,300 ~ 600,-0.05,0.9,-0.082,20% ~ 25%,-0.15,50 ~ 100,-0.2,1.88,-0.005,450,405,0.225,91.125
2026/08/03,„ш±г∆ч,јѕ»Ћ„ш±г∆ч¬нЌ∞“ќ„”Љ“”√,150 ~ 300,-0.05,0.91,0.096,15% ~ 20%,0.05,10 ~ 50,0,0.5,-0.02,225,204.75,0.175,35.8312
2026/08/03,„ш±г∆ч,јѕ»Ћ„ш±г∆ч“∆ґѓ¬нЌ∞,150 ~ 300,-0.1,0.84,0.091,15% ~ 20%,-0.05,10 ~ 50,-0.1,0.06,-0.143,225,189,0.175,33.075
2026/08/03,„ш±г∆ч,±¶±¶„ш±г∆ч,150 ~ 300,-0.05,0.97,0.128,20% ~ 25%,0.3,10 ~ 50,0.3,0.05,0,225,218.25,0.225,49.1063
2026/08/03,„ш±г∆ч,÷«ƒ№¬нЌ∞„ш±г∆ч,150 ~ 300,-0.1,0.46,0,1% ~ 2.5%,0.2,2,0,0.03,0,225,103.5,0.018,1.863
2026/08/03,„ш±г∆ч,¬нЌ∞‘–ЄЊ„ш±г∆ч,150 ~ 300,0.05,0.83,0.025,10% ~ 15%,-0.2,10 ~ 50,-0.3,0.04,0,225,186.75,0.125,23.3438
2026/08/03,„ш±г∆ч,“∆ґѓ¬нЌ∞„ш±г∆чјѕ»Ћ,150 ~ 300,0.05,0.76,-0.062,10% ~ 15%,0.2,10 ~ 50,0.2,0.05,0,225,171,0.125,21.375
2026/08/03,„ш±г∆ч,≈©іеЇµ≤ё„ш±г∆ч,150 ~ 300,-0.1,0.66,0.015,7.5% ~ 10%,-0.2,10 ~ 50,-0.25,0.17,-0.056,225,148.5,0.087,12.9195
2026/08/03,„ш±г∆ч,ґщЌѓ¬нЌ∞„ш±г∆ч,150 ~ 300,-0.1,0.73,-0.04,20% ~ 25%,0.05,10 ~ 50,-0.1,0.03,-0.25,225,164.25,0.225,36.9563
2026/08/03,„ш±г∆ч,Љ“”√ љ„ш±г∆ч,150 ~ 300,0.1,0.53,-0.054,10% ~ 15%,0.1,2,-0.35,0.02,0,225,119.25,0.125,14.9062
2026/08/03,„ш±г∆ч,јѕƒк»Ћ„ш±г∆ч“∆ґѓ¬нЌ∞,150 ~ 300,-0.05,0.76,0.013,20% ~ 25%,-0.1,10 ~ 50,-0.2,0.1,-0.091,225,171,0.225,38.475
2026/08/03,„ш±г∆ч,јѕƒк»Ћ¬нЌ∞„ш±г∆чњ…“∆ґѓ,150 ~ 300,-0.1,0.66,-0.298,15% ~ 20%,-0.05,10 ~ 50,-0.2,0.21,-0.087,225,148.5,0.175,25.9875
2026/08/03,„ш±г∆ч,„ш±г∆чµж»¶,150 ~ 300,-0.2,0.63,-0.16,35% ~ 40%,-0.05,10 ~ 50,-0.5,0.06,-0.143,225,141.75,0.375,53.1562
2026/08/03,„ш±г∆ч,јѕ»Ћ¬нЌ∞„ш±г∆чњ…“∆ґѓ,150 ~ 300,0.15,0.74,-0.013,20% ~ 25%,0.1,10 ~ 50,0.3,0.08,0.143,225,166.5,0.225,37.4625
2026/08/03,„ш±г∆ч,≥…»Ћ„ш±г∆чЉ“”√,50 ~ 150,0.2,0.78,0.068,25% ~ 30%,0.45,10 ~ 50,0.45,0.09,0.125,100,78,0.275,21.45
2026/08/03,„ш±г∆ч,„ш±г∆чґщЌѓ,50 ~ 150,-0.3,0.66,-0.267,15% ~ 20%,-0.3,10 ~ 50,-0.55,0.02,-0.333,100,66,0.175,11.55
2026/08/03,„ш±г∆ч,¬нЌ∞ґщЌѓ„ш±г∆ч3Ћк“‘…ѕ,50 ~ 150,-0.2,0.86,-0.122,20% ~ 25%,-0.05,10 ~ 50,-0.25,6.41,-0.155,100,86,0.225,19.35
2026/08/03,„ш±г∆ч,„ш±г∆чЉ“”√,50 ~ 150,0.05,0.55,0.078,7.5% ~ 10%,-0.15,6,-0.3,0.01,0,100,55,0.087,4.785
2026/08/03,„ш±г∆ч,„ш±г∆ч‘–ЄЊ„®”√,50 ~ 150,0.15,0.88,-0.111,10% ~ 15%,-0.35,10 ~ 50,-0.35,0.34,0.133,100,88,0.125,11
2026/08/03,„ш±г∆ч,±г–ѓ љ„ш±г∆ч,50 ~ 150,-0.25,0.67,0.098,10% ~ 15%,-0.45,8,-0.55,0.05,-0.167,100,67,0.125,8.375
2026/08/03,„ш±г∆ч,–°ЇҐ¬нЌ∞„ш±г∆ч,50 ~ 150,-0.1,0.81,0.095,30% ~ 35%,0.35,10 ~ 50,0.35,0.05,-0.167,100,81,0.325,26.325
2026/08/03,„ш±г∆ч, јЉЌ±¶±і„ш±г∆ч,50 ~ 150,0.45,0.83,-0.272,1% ~ 2.5%,-0.65,1,-0.55,0.52,0.405,100,83,0.018,1.494
2026/08/03,„ш±г∆ч,‘–ЄЊ¬нЌ∞„ш±г∆ч,50 ~ 150,0.05,0.94,0.081,15% ~ 20%,0.15,10 ~ 50,0.35,0.02,0,100,94,0.175,16.45
2026/08/03,„ш±г∆ч,¬нЌ∞„ш±г∆ч,50 ~ 150,-0.1,0.75,0.103,10% ~ 15%,2.3,7,2.55,0,0,100,75,0.125,9.375
2026/08/03,„ш±г∆ч,ґ„њ”„ш±г∆ч,50 ~ 150,0.15,0.63,-0.073,15% ~ 20%,0.45,10 ~ 50,0.6,0.01,0,100,63,0.175,11.025
2026/08/03,„ш±г∆ч,‘–ЄЊ„ш±г∆чґ„њ”…с∆ч,50 ~ 150,0.35,0.76,0.086,15% ~ 20%,-0.1,10 ~ 50,0.4,0.06,0.2,100,76,0.175,13.3
2026/08/03,„ш±г∆ч,Їµ≤ё„ш±г∆ч≈©іе,50 ~ 150,-0.2,0.71,0.291,7.5% ~ 10%,-0.2,5,-0.3,0.09,-0.1,100,71,0.087,6.177
2026/08/03,„ш±г∆ч,Љт“„„ш±г∆ч,50 ~ 150,0.1,0.6,-0.032,2.5% ~ 5%,-0.65,3,-0.65,0.09,0.125,100,60,0.037,2.22
2026/08/03,„ш±г∆ч,ґщЌѓ¬нЌ∞„ш±г∆чµж»¶,50 ~ 150,0.4,1.1,0.048,30% ~ 35%,0.4,10 ~ 50,0.85,0.34,0.36,100,110,0.325,35.75
2026/08/03,„ш±г∆ч,ќј…ъЉд„ш±г∆ч,50 ~ 150,0.1,0.56,-0.082,7.5% ~ 10%,-0.05,3,-0.3,0.02,0,100,56,0.087,4.872
2026/08/03,„ш±г∆ч,≤°»Ћ¬нЌ∞„ш±г∆ч,50 ~ 150,-0.15,0.63,-0.171,10% ~ 15%,0.4,9,0.3,0.03,0,100,63,0.125,7.875
2026/08/03,„ш±г∆ч,Љт“„¬нЌ∞„ш±г∆чјѕ»Ћ,50 ~ 150,0.05,0.76,0.169,15% ~ 20%,0.15,10 ~ 50,0.15,0.16,0.067,100,76,0.175,13.3
2026/08/03,„ш±г∆ч,±¶±¶¬нЌ∞„ш±г∆ч≈Ѓ±¶,50 ~ 150,-0.15,0.79,-0.24,30% ~ 35%,1.15,10 ~ 50,0.8,1.3,-0.11,100,79,0.325,25.675
2026/08/03,„ш±г∆ч,„ш±г∆ч±¶±¶,50 ~ 150,0.15,1.05,0.346,20% ~ 25%,0.05,10 ~ 50,0.1,0.02,0,100,105,0.225,23.625
2026/08/03,„ш±г∆ч,„ш±г∆ч¬нЌ∞Є«,50 ~ 150,-0.1,0.73,-0.232,25% ~ 30%,-0.35,10 ~ 50,-0.45,0.01,0,100,73,0.275,20.075
2026/08/03,„ш±г∆ч,„ш±г∆чЋЃѕд≈дЉю,50 ~ 150,-0.15,0.66,0.082,25% ~ 30%,0.2,10 ~ 50,-0.15,0.02,0,100,66,0.275,18.15
2026/08/03,„ш±г∆ч,÷«ƒ№¬нЌ∞“їће љ»Ђ„‘ґѓ„ш±г∆ч≥еѕіЇжЄ…,50 ~ 150,-0.05,0.48,0.231,0% ~ 1%,0,0,0,1.91,-0.045,100,48,0.005,0.24
2026/08/03,„ш±г∆ч,≥…»Ћ“∆ґѓ¬нЌ∞„ш±г∆ч,50 ~ 150,0,0.56,-0.188,7.5% ~ 10%,0.5,5,0.7,0.06,0,100,56,0.087,4.872
2026/08/03,„ш±г∆ч,”§ґщ„ш±г∆ч,50 ~ 150,0.15,1,0.282,20% ~ 25%,-0.25,10 ~ 50,0.15,0.04,0,100,100,0.225,22.5
2026/08/03,„ш±г∆ч,ґщЌѓ¬нЌ∞„ш±г∆чƒ–±¶±¶„®”√,50 ~ 150,-0.15,0.98,0.054,20% ~ 25%,0.05,10 ~ 50,-0.25,0.05,-0.167,100,98,0.225,22.05
2026/08/03,„ш±г∆ч,јѕ»Ћ±г–ѓ љ„ш±г∆ч,50 ~ 150,-0.5,0.97,0.066,20% ~ 25%,-0.25,10 ~ 50,-0.6,0.05,-0.5,100,97,0.225,21.825
2026/08/03,„ш±г∆ч,±¶±¶„ш±г∆чƒ–±¶,50 ~ 150,0.15,0.74,-0.129,20% ~ 25%,0.15,10 ~ 50,0.25,0.3,0.154,100,74,0.225,16.65
2026/08/03,„ш±г∆ч,„ш±г∆чјѕ»Ћ„®”√,50 ~ 150,-0.25,0.98,0.089,25% ~ 30%,1.5,10 ~ 50,1.05,0.09,-0.25,100,98,0.275,26.95
2026/08/03,„ш±г∆ч,Љ“”√¬нЌ∞„ш±г∆ч,50 ~ 150,0.05,0.48,-0.172,5% ~ 7.5%,-0.1,2,0,0,0,100,48,0.062,2.976
2026/08/03,„ш±г∆ч,Љт“„¬нЌ∞„ш±г∆ч,50 ~ 150,0.2,0.6,-0.189,2.5% ~ 5%,-0.9,2,-0.85,0,-1,100,60,0.037,2.22
2026/08/03,„ш±г∆ч,ґщЌѓ„ш±г∆ч≈ЃЇҐ,50 ~ 150,0.25,0.83,-0.202,20% ~ 25%,-0.15,10 ~ 50,-0.2,0,-1,100,83,0.225,18.675
2026/08/03,„ш±г∆ч,Їµ≤ё„ш±г∆ч,50 ~ 150,-0.35,0.87,0.582,15% ~ 20%,1.05,7,0.45,0,-1,100,87,0.175,15.225
2026/08/03,„ш±г∆ч,јѕ»Ћ„ш±г∆чµЏ“ї√ы,50 ~ 150,-0.15,0.59,-0.017,10% ~ 15%,0.6,5,0.7,0,-1,100,59,0.125,7.375
2026/08/03,„ш±г∆ч,„ш±г∆ч Ѓіу∆Ј≈∆,50 ~ 150,-0.05,0.84,0.826,5% ~ 7.5%,0.95,2,1.05,0,-1,100,84,0.062,5.208
2026/08/03,„ш±г∆ч,„ш±г∆чµ „”,50 ~ 150,-0.1,0.92,-0.011,20% ~ 25%,-0.2,8,-0.3,0,-1,100,92,0.225,20.7
2026/08/03,„ш±г∆ч,„ш±г∆чЈц ÷Љ№јѕ»ЋЉ“”√,50 ~ 150,-0.35,0.75,-0.026,7.5% ~ 10%,-0.35,3,-0.6,0,-1,100,75,0.087,6.525
2026/08/03,„ш±г∆ч,Љ“”√„ш±г∆ч,50 ~ 150,-0.1,0.93,0.55,15% ~ 20%,-0.3,7,-0.25,0,0,100,93,0.175,16.275
2026/08/03,„ш±г∆ч,„ш±г∆ч…ѕіҐќпЉ№,50 ~ 150,-0.3,0.6,-0.189,15% ~ 20%,0.4,5,-0.2,0,-1,100,60,0.175,10.5
2026/08/03,„ш±г∆ч,≥…»Ћ“∆ґѓ¬нЌ∞„ш±г∆чіуЇ≈,50 ~ 150,-0.25,0.91,0.138,20% ~ 25%,1.3,8,0.65,0,-1,100,91,0.225,20.475
2026/08/03,„ш±г∆ч,ґщЌѓґ„њ”„ш±г∆ч,50 ~ 150,-0.05,0.81,0.013,10% ~ 15%,-0.55,4,-0.65,0,-1,100,81,0.125,10.125
2026/08/03,„ш±г∆ч,ґщЌѓ¬нЌ∞„ш±г∆ч6Ћк“‘…ѕ,50 ~ 150,0.05,0.9,0.324,20% ~ 25%,0.15,7,-0.15,0,-1,100,90,0.225,20.25
2026/08/03,„ш±г∆ч,–¬њо„ш±г∆ч,50 ~ 150,-0.25,0.64,-0.03,10% ~ 15%,-0.05,4,-0.25,0,-1,100,64,0.125,8
2026/08/03,„ш±г∆ч,ћµ”џ„ш±г∆ч,50 ~ 150,0.25,0.65,-0.261,10% ~ 15%,3.15,4,3.05,0,-1,100,65,0.125,8.125
2026/08/03,„ш±г∆ч,±г–ѓ љ„ш±г∆чњ…’џµю,50 ~ 150,0.1,0.85,0.118,15% ~ 20%,-0.05,7,0.2,0,-1,100,85,0.175,14.875
2026/08/03,„ш±г∆ч,ґ„±г…ѕµƒ„ш±г∆ч,50 ~ 150,0.05,0.57,-0.219,2.5% ~ 5%,-0.85,1,-0.85,0,-1,100,57,0.037,2.109
2026/08/03,„ш±г∆ч,Љ“”√јѕ»Ћ„ш±г∆чњ…“∆ґѓ¬нЌ∞ “ƒЏ,50 ~ 150,-0.05,0.8,0.379,15% ~ 20%,0.55,6,0.55,0,-1,100,80,0.175,14
2026/08/03,„ш±г∆ч,“∆ґѓ„ш±г∆ч,50 ~ 150,0.1,1.07,0.408,10% ~ 15%,0.15,5,0.3,0,-1,100,107,0.125,13.375
2026/08/03,„ш±г∆ч,¬нЌ∞„ш±г∆чµ„≤њєћґ®љЇ,50 ~ 150,0.2,0.87,-0.275,35% ~ 40%,-0.05,10 ~ 50,0.2,0,-1,100,87,0.375,32.625
2026/08/03,„ш±г∆ч,„ш±г∆ч‘х√іЄƒ≥…ґ„±г∆ч,50 ~ 150,-0.25,0.62,0.442,2.5% ~ 5%,0,1,0,0,0,100,62,0.037,2.294
2026/08/03,„ш±г∆ч,„ш±г∆ч иЌ®…с∆ч,50 ~ 150,0.35,0.95,0,35% ~ 40%,-0.15,10 ~ 50,-0.1,0,-1,100,95,0.375,35.625
2026/08/03,„ш±г∆ч,јѕ»Ћ”√„ш±г∆ч,50 ~ 150,0.35,1.43,1.86,30% ~ 35%,1.4,10 ~ 50,3.05,0,-1,100,143,0.325,46.475
2026/08/03,„ш±г∆ч,јѕƒк»Ћ¬нЌ∞„ш±г∆чњ…“∆ґѓ±г–ѓ љ,50 ~ 150,0.35,0.79,0.197,25% ~ 30%,2.15,7,2.55,0,-1,100,79,0.275,21.725
2026/08/03,„ш±г∆ч,±¶±¶„ш±г∆ч≈Ѓ±¶,50 ~ 150,-0.15,0.92,-0.061,20% ~ 25%,0.2,8,0.15,0,-1,100,92,0.225,20.7
2026/08/03,„ш±г∆ч,÷«ƒ№„ш±г∆ч,50 ~ 150,0.05,0.45,-0.576,0% ~ 1%,-1.05,0,-1.05,0,-1,100,45,0.005,0.225
2026/08/03,„ш±г∆ч,±г≈и„ш±г∆ч,50 ~ 150,0.1,0.63,-0.045,15% ~ 20%,1.9,5,1.55,0,0,100,63,0.175,11.025
2026/08/03,„ш±г∆ч,–°ЇҐ„”¬нЌ∞„ш±г∆ч,50 ~ 150,-0.2,0.82,0.547,25% ~ 30%,0.25,10 ~ 50,0.85,0,-1,100,82,0.275,22.55
2026/08/03,„ш±г∆ч,’џµю„ш±г∆ч,50 ~ 150,0.3,0.64,-0.135,15% ~ 20%,0.7,5,1.55,0,-1,100,64,0.175,11.2
2026/08/03,„ш±г∆ч,јѕƒк»Ћ„ш±г∆ч,50 ~ 150,-0.05,1.06,0.128,20% ~ 25%,0.25,8,0.35,0,-1,100,106,0.225,23.85
2026/08/03,„ш±г∆ч,±¶±¶≤ёЋщ„ш±г∆ч,50 ~ 150,0.3,1.12,-0.051,30% ~ 35%,0.3,10 ~ 50,0.45,0,-1,100,112,0.325,36.4
2026/08/03,„ш±г∆ч,Њ≈ƒЅіу≥еЅ¶„ш±г∆ч,50 ~ 150,-0.45,0.06,1,0% ~ 1%,0,0,0,0,-1,100,6,0.005,0.03
2026/08/03,„ш±г∆ч,–°ЇҐ„ш±г∆ч,50 ~ 150,0.1,0.91,0.11,20% ~ 25%,-0.15,8,-0.15,0,-1,100,91,0.225,20.475
2026/08/03,„ш±г∆ч,јѕ»Ћ„ш±г∆ч¬нЌ∞“ќ„”Љ“”√≈©іејќєћ–Ќ,50 ~ 150,0.1,0.52,-0.395,20% ~ 25%,0.05,5,-0.2,0,-1,100,52,0.225,11.7
2026/08/03,„ш±г∆ч,¬÷“ќіш„ш±г∆ч,50 ~ 150,0.1,0.72,-0.28,10% ~ 15%,0.6,5,0.7,0,-1,100,72,0.125,9
2026/08/03,„ш±г∆ч,Ј≈¬нЌ∞…ѕµƒґщЌѓ„ш±г∆ч,50 ~ 150,-0.15,1.11,-0.059,20% ~ 25%,0.25,8,0,0,-1,100,111,0.225,24.975
2026/08/03,„ш±г∆ч,≈Ѓ њ„ш±г∆ч,50 ~ 150,0.05,0.68,0.046,10% ~ 15%,-0.2,3,0,0,-1,100,68,0.125,8.5
2026/08/03,„ш±г∆ч,ґ„≤ё„ш±г∆чґщЌѓ,50 ~ 150,0.4,0.66,-0.083,15% ~ 20%,-0.4,6,-0.15,0,-1,100,66,0.175,11.55
2026/08/03,„ш±г∆ч,»Ђ„‘ґѓ÷«ƒ№„ш±г∆ч,50 ~ 150,-0.05,0.76,0.333,2.5% ~ 5%,0,1,0,0,-1,100,76,0.037,2.812
2026/08/03,„ш±г∆ч,Љ“”√јѕ»Ћ„ш±г∆чњ…“∆ґѓ¬нЌ∞,50 ~ 150,-0.3,0.78,0.368,5% ~ 7.5%,-0.4,2,-0.65,0,-1,100,78,0.062,4.836
2026/08/03,„ш±г∆ч,і≤…ѕ„ш±г∆ч,50 ~ 150,0.2,0.71,-0.027,15% ~ 20%,-0.4,6,-0.3,0.19,0.188,100,71,0.175,12.425
2026/08/03,„ш±г∆ч,јѕƒк»Ћ„®”√„ш±г∆ч,50 ~ 150,0.1,0.76,0.151,20% ~ 25%,0.55,8,1.05,0.19,0.118,100,76,0.225,17.1
2026/08/03,„ш±г∆ч,ґщЌѓ„ш±г∆ч¬нЌ∞»¶,50 ~ 150,-0.1,0.99,0,30% ~ 35%,0.55,10 ~ 50,0.45,0.03,0,100,99,0.325,32.175
2026/08/03,„ш±г∆ч,“їіќ–‘¬нЌ∞„ш±г∆ч,20 ~ 50,0.1,0.54,0.35,30% ~ 35%,0.15,6,0.55,0.02,0,35,18.9,0.325,6.1425
2026/08/03,„ш±г∆ч,„ш±г∆чµж„”,20 ~ 50,0.2,0.77,-0.037,35% ~ 40%,-0.3,10 ~ 50,0.25,0.02,0,35,26.95,0.375,10.1062
2026/08/03,„ш±г∆ч,њ…’џµю„ш±г∆ч,20 ~ 50,0.25,0.76,0.206,20% ~ 25%,0.6,6,1.05,0.02,0,35,26.6,0.225,5.985
2026/08/03,„ш±г∆ч,јѕ»Ћ„ш±г∆ч„ш±г“ќ,20 ~ 50,-0.25,0.64,-0.015,25% ~ 30%,0.05,8,-0.15,0.01,0,35,22.4,0.275,6.16
2026/08/03,„ш±г∆ч,Љ“”√ќј…ъЉд„ш±г∆ч,20 ~ 50,-0.15,0.55,0.17,7.5% ~ 10%,1.2,2,1.05,0.02,0,35,19.25,0.087,1.6747
2026/08/03,„ш±г∆ч,јѕ»Ћ„ш±г∆ч“∆ґѓ¬нЌ∞ѕі‘иЅљ”√,20 ~ 50,-0.1,0.97,0.347,10% ~ 15%,2.9,3,2.05,0.58,-0.094,35,33.95,0.125,4.2437
2026/08/03,„ш±г∆ч,±¶±¶¬нЌ∞„ш±г∆ч¬•ћЁ,20 ~ 50,-0.3,0.81,0.025,5% ~ 7.5%,-0.8,2,-0.85,0.11,-0.214,35,28.35,0.062,1.7577
2026/08/03,„ш±г∆ч,±¶±¶¬нЌ∞„ш±г∆ч¬•ћЁ,20 ~ 50,-0.3,0.81,0.025,5% ~ 7.5%,-0.8,2,-0.85,0.11,-0.214,35,28.35,0.062,1.7577
2026/08/03,„ш±г∆ч,¬нЌ∞ѕыґЊ…±Њъ≈зќнќј…ъЉд„ш±г∆ч,20 ~ 50,-0.15,0.64,-0.19,30% ~ 35%,-0.05,10 ~ 50,-0.1,0.31,-0.114,35,22.4,0.325,7.28
2026/08/03,„ш±г∆ч,Ј≈‘Џ¬нЌ∞…ѕµƒґщЌѓ„ш±г∆ч,20 ~ 50,-0.1,1.1,-0.035,20% ~ 25%,0.25,7,0,0.91,-0.09,35,38.5,0.225,8.6625
2026/08/03,„ш±г∆ч,ґ„≤ёЄƒ„ш±г∆ч,20 ~ 50,0.1,0.82,0.344,5% ~ 7.5%,0.5,2,1.05,0.01,0,35,28.7,0.062,1.7794
2026/08/03,„ш±г∆ч,„ш±г∆чЉ“”√јѕ»Ћ,20 ~ 50,-0.35,0.79,-0.132,10% ~ 15%,-0.45,3,-0.65,0.01,0,35,27.65,0.125,3.4563
2026/08/03,„ш±г∆ч,„ш±г∆чµ„≤њ√№ЈвљЇ,20 ~ 50,-0.3,0.61,-0.384,20% ~ 25%,-0.45,5,-0.65,0.07,-0.222,35,21.35,0.225,4.8037
2026/08/03,„ш±г∆ч,ґщЌѓ±г≈и„ш±г∆ч,20 ~ 50,0.15,0.84,0.217,20% ~ 25%,-0.1,5,0,0,0,35,29.4,0.225,6.615
2026/08/03,„ш±г∆ч,„ш±г∆ч„шµж,20 ~ 50,0.25,0.83,0.318,35% ~ 40%,0.1,10 ~ 50,0.7,0.01,0,35,29.05,0.375,10.8937
2026/08/03,„ш±г∆ч,±¶±¶ј≠ Ї„ш±г∆ч,20 ~ 50,-0.2,0.82,0.079,35% ~ 40%,0.45,9,0,0.13,-0.133,35,28.7,0.375,10.7625
2026/08/03,„ш±г∆ч,„ш±г∆чЈ®јЉ√№Јв»¶,20 ~ 50,0.05,0.65,-0.381,20% ~ 25%,-0.4,5,-0.55,0.02,0,35,22.75,0.225,5.1188
2026/08/03,„ш±г∆ч,њ…“∆ґѓ¬нЌ∞јѕ»Ћ„ш±г∆ч,20 ~ 50,0.9,0.8,0.026,10% ~ 15%,-0.7,2,-0.55,0.02,1,35,28,0.125,3.5
2026/08/03,„ш±г∆ч,–°≈у”—¬нЌ∞„ш±г∆ч,20 ~ 50,-0.25,1.01,0.347,20% ~ 25%,0.25,7,0.2,0.81,-0.236,35,35.35,0.225,7.9538
2026/08/03,„ш±г∆ч,ґщЌѓ≤ёЋщ„ш±г∆ч,20 ~ 50,-0.15,0.68,-0.277,5% ~ 7.5%,-0.75,2,-0.75,0.02,0,35,23.8,0.062,1.4756
2026/08/03,„ш±г∆ч,±г–ѓ„ш±г∆ч,20 ~ 50,-0.1,0.5,-0.02,20% ~ 25%,0.35,4,0.35,0.01,0,35,17.5,0.225,3.9375
2026/08/03,„ш±г∆ч,¬нЌ∞„ш±г∆чѕі∆®є…,20 ~ 50,-0.2,0.66,-0.275,35% ~ 40%,0.1,7,-0.15,0.17,-0.191,35,23.1,0.375,8.6625
2026/08/03,„ш±г∆ч,„ш±г∆чЈј≥фґ¬≥ф∆ч,20 ~ 50,0.5,0.74,0.014,20% ~ 25%,2.1,4,3.05,0.11,0.571,35,25.9,0.225,5.8275
2026/08/03,„ш±г∆ч,іу±г„ш±г∆ч,20 ~ 50,0.7,0.46,-0.042,20% ~ 25%,0.85,3,2.05,0,0,35,16.1,0.225,3.6225
2026/08/03,„ш±г∆ч,ґщЌѓіу¬нЌ∞„ш±г∆ч,20 ~ 50,-0.15,0.59,-0.298,15% ~ 20%,0.2,4,0,0.03,-0.25,35,20.65,0.175,3.6137
2026/08/03,„ш±г∆ч,ќёЋЃ„ш±г∆ч,20 ~ 50,1.2,0,-1,0% ~ 1%,0,0,0,0.31,1.214,35,0,0.005,0
2026/08/03,„ш±г∆ч,±¶±¶„ш±г∆ч¬нЌ∞»¶,20 ~ 50,0.2,1.58,0.699,20% ~ 25%,-0.05,6,0,0.02,0,35,55.3,0.225,12.4425
2026/08/03,„ш±г∆ч,„ш±г∆ч«еѕі…с∆ч,20 ~ 50,-0.1,0.62,0.442,50% ~ 55%,0.4,8,0.15,0.45,-0.082,35,21.7,0.525,11.3925
2026/08/03,„ш±г∆ч,ґ„њ”„ш±г∆чґщЌѓ,20 ~ 50,0.45,0.5,-0.515,5% ~ 7.5%,-0.6,1,-0.7,0.03,0.5,35,17.5,0.062,1.085
2026/08/03,„ш±г∆ч,Ћ№Ѕѕ¬нЌ∞„ш±г∆ч≥…»Ћ,20 ~ 50,0.1,0.95,0,15% ~ 20%,2.4,4,3.05,0.19,0.056,35,33.25,0.175,5.8187
2026/08/03,„ш±г∆ч,”§ґщ„ш±г∆ч≈Ѓ±¶±¶,20 ~ 50,0.55,1.34,-0.163,35% ~ 40%,2.05,10 ~ 50,4.55,0.06,0.5,35,46.9,0.375,17.5875
2026/08/03,„ш±г∆ч,”„ґщ¬нЌ∞„ш±г∆ч≈Ѓ,20 ~ 50,0.1,0.49,-0.329,20% ~ 25%,-0.35,5,-0.4,0.02,0,35,17.15,0.225,3.8587
2026/08/03,„ш±г∆ч,‘–ЄЊµ „”„ш±г∆ч,20 ~ 50,-0.3,1,-0.145,25% ~ 30%,-0.15,6,-0.35,0.04,-0.2,35,35,0.275,9.625
2026/08/03,„ш±г∆ч,Њ≈ƒЅ„ш±г∆ч,20 ~ 50,-0.15,0.42,-0.468,0% ~ 1%,-1.05,0,-1.05,0.01,0,35,14.7,0.005,0.0735
2026/08/03,„ш±г∆ч,≤ёЋщ„ш±г∆ч,20 ~ 50,0.3,0.56,-0.176,10% ~ 15%,-0.55,2,-0.35,0,0,35,19.6,0.125,2.45
2026/08/03,„ш±г∆ч,ґщЌѓ„ш±г∆чƒ–±¶,20 ~ 50,-0.25,0.84,0.012,20% ~ 25%,-0.4,6,-0.5,0,-1,35,29.4,0.225,6.615
2026/08/03,„ш±г∆ч,іш„ш±г∆чµƒ¬÷“ќ,20 ~ 50,0.45,0.82,0.302,15% ~ 20%,0.95,4,3.05,0,-1,35,28.7,0.175,5.0225
2026/08/03,„ш±г∆ч,”§ґщ¬нЌ∞„ш±г∆ч≈Ѓ±¶±¶,20 ~ 50,0,0.85,0.214,25% ~ 30%,-0.1,7,0,0.06,0,35,29.75,0.275,8.1813
2026/08/03,„ш±г∆ч,јѕƒк»Ћі≤±я„ш±г∆ч,20 ~ 50,-0.25,1.31,0.323,20% ~ 25%,0.2,5,0,0.14,-0.222,35,45.85,0.225,10.3163
2026/08/03,„ш±г∆ч,–°ґщ¬нЌ∞„ш±г∆ч,20 ~ 50,-0.2,0.79,0.145,25% ~ 30%,1.3,6,1.05,0.55,-0.154,35,27.65,0.275,7.6038
2026/08/03,„ш±г∆ч,јѕ»Ћ„ш±г∆ч¬нЌ∞“ќ,20 ~ 50,-0.05,0.68,0.478,20% ~ 25%,0.65,4,1.05,0.01,0,35,23.8,0.225,5.355
2026/08/03,„ш±г∆ч,Љ“”√јѕ»Ћі≤±я„ш±г∆ч,20 ~ 50,0.25,1.81,0.989,30% ~ 35%,0.05,7,0.45,0.12,0.333,35,63.35,0.325,20.5888
2026/08/03,„ш±г∆ч,Ј≈‘Џґ„±г…ѕµƒ„ш±г∆ч,20 ~ 50,0.4,0.83,-0.252,15% ~ 20%,-0.5,4,0,0.52,0.368,35,29.05,0.175,5.0837
2026/08/03,„ш±г∆ч,≤ёЋщґ„њ”„ш±г∆ч,20 ~ 50,-0.3,0.81,-0.547,10% ~ 15%,-0.25,2,-0.35,0.01,0,35,28.35,0.125,3.5438
2026/08/03,„ш±г∆ч,¬нЌ∞„ш±г∆чґщЌѓ¬•ћЁ љ,20 ~ 50,-0.2,1.06,-0.138,10% ~ 15%,-0.4,3,-0.55,0.09,-0.182,35,37.1,0.125,4.6375
2026/08/03,„ш±г∆ч,„ш±г∆ч≥еЋЃ∞і≈•,20 ~ 50,0.3,0.85,-0.158,60% ~ 65%,0.65,10 ~ 50,1.65,0,-1,35,29.75,0.625,18.5938
2026/08/03,„ш±г∆ч,ґщЌѓґ„≤ё„ш±г∆ч,20 ~ 50,0.05,0.7,-0.028,7.5% ~ 10%,-0.4,2,-0.35,0,-1,35,24.5,0.087,2.1315
2026/08/03,„ш±г∆ч,јѕ»Ћґ„њ”„ш±г∆ч,20 ~ 50,-0.3,0.89,0.187,5% ~ 7.5%,0,1,0,0,-1,35,31.15,0.062,1.9313
2026/08/03,„ш±г∆ч,¬нЌ∞ љ„ш±г∆ч,20 ~ 50,0.2,0.3,-0.643,0% ~ 1%,-1.05,0,-1.05,0,0,35,10.5,0.005,0.0525
2026/08/03,„ш±г∆ч,¬÷“ќћ±їЊјѕ»Ћ„®”√іш„ш±г∆чњ…ѕі‘и,20 ~ 50,0.2,1.09,0.239,10% ~ 15%,-0.35,2,-0.35,0,-1,35,38.15,0.125,4.7688
2026/08/03,„ш±г∆ч,ґщЌѓ¬нЌ∞„ш±г∆ч6Ћк“‘…ѕЉ”іуЇ≈,20 ~ 50,0.35,0.77,-0.528,35% ~ 40%,0.2,7,0.45,0,-1,35,26.95,0.375,10.1062
2026/08/03,„ш±г∆ч,јѕ»Ћ„ш±г∆ч“∆ґѓ¬нЌ∞ЈјїђЈј≥ф,20 ~ 50,0,0.71,0.183,20% ~ 25%,0.9,4,1.05,0,-1,35,24.85,0.225,5.5912
2026/08/03,„ш±г∆ч, јЉЌ±¶±іЈ¬’ж„ш±г∆ч,20 ~ 50,0.5,0.82,0.108,0% ~ 1%,0,0,0,0,-1,35,28.7,0.005,0.1435
2026/08/03,„ш±г∆ч,Їзќь љ„ш±г∆ч,20 ~ 50,-0.1,0.55,-0.375,0% ~ 1%,-1.05,0,-1.05,0,0,35,19.25,0.005,0.0963
2026/08/03,„ш±г∆ч,„ш±г∆чјѕ»ЋЉ“”√љб µ,20 ~ 50,-0.3,0.97,-0.11,35% ~ 40%,1.35,6,0.55,0,-1,35,33.95,0.375,12.7312
2026/08/03,„ш±г∆ч,„ш±г∆чЈц ÷,20 ~ 50,0.2,0.6,-0.189,15% ~ 20%,-0.2,3,0,0,-1,35,21,0.175,3.675
2026/08/03,„ш±г∆ч,Ѕў ±„ш±г∆ч,20 ~ 50,-0.05,0.64,-0.111,0% ~ 1%,-1.05,0,-1.05,0,-1,35,22.4,0.005,0.112
2026/08/03,„ш±г∆ч,Ѕў ±„ш±г∆ч,20 ~ 50,-0.05,0.64,-0.111,0% ~ 1%,-1.05,0,-1.05,0,-1,35,22.4,0.005,0.112
2026/08/03,„ш±г∆ч,„ш±г∆чЈц ÷,20 ~ 50,0.2,0.6,-0.189,15% ~ 20%,-0.2,3,0,0,-1,35,21,0.175,3.675
2026/08/03,„ш±г∆ч,„ш±г∆ч¬нЌ∞Љ“”√µжЋƒЉЊ,20 ~ 50,-0.05,0.9,0.011,40% ~ 45%,-0.25,8,-0.3,0,-1,35,31.5,0.425,13.3875
2026/08/03,„ш±г∆ч,≈©іеЇµ≤ё„®”√„ш±г∆ч,20 ~ 50,0.2,0.61,-0.208,20% ~ 25%,-0.15,3,0,0,-1,35,21.35,0.225,4.8037
2026/08/03,„ш±г∆ч, јЉЌ±¶±іЈ¬’ж„ш±г∆чbh149c,20 ~ 50,0.85,1.48,0.065,0% ~ 1%,0,0,0,0,-1,35,51.8,0.005,0.259
2026/08/03,„ш±г∆ч,¬нЌ∞„ш±г∆ч≥…»Ћ,20 ~ 50,-0.1,0.71,0.109,5% ~ 7.5%,-0.8,1,-0.7,0,-1,35,24.85,0.062,1.5407
2026/08/03,„ш±г∆ч,∆’Ќ®„ш±г∆ч,20 ~ 50,0.05,0.3,-0.67,0% ~ 1%,0,0,0,0,-1,35,10.5,0.005,0.0525
2026/08/03,„ш±г∆ч,јѕƒк»Ћ„®”√„ш±г∆чЉ”Єя…эЄя∞ж,20 ~ 50,-0.4,0.69,-0.188,15% ~ 20%,0.7,3,0.55,0,-1,35,24.15,0.175,4.2262
2026/08/03,„ш±г∆ч,јѕ»Ћ„ш±г∆ч“∆ґѓ¬нЌ∞≤–Љ≤»Ћ„ш±г“ќ,20 ~ 50,-0.35,0.9,0.304,5% ~ 7.5%,-0.5,1,-0.55,0,-1,35,31.5,0.062,1.953
2026/08/03,„ш±г∆ч,„ш±г∆ч≈Ѓ њ,20 ~ 50,0.45,0.71,0.044,30% ~ 35%,0.85,3,0.55,0,-1,35,24.85,0.325,8.0762
2026/08/03,„ш±г∆ч,ƒ–±¶±¶„ш±г∆ч,20 ~ 50,0.4,1.2,0.739,30% ~ 35%,1.2,6,2.05,0,-1,35,42,0.325,13.65
2026/08/03,„ш±г∆ч,„ш±г∆чљшЋЃЈІ,20 ~ 50,0.15,0.97,0.732,15% ~ 20%,-0.25,2,0,0,-1,35,33.95,0.175,5.9412
2026/08/03,„ш±г∆ч,јѕ»ЋЉ“”√„ш±г∆ч,20 ~ 50,0.05,0.84,-0.2,30% ~ 35%,0.45,4,0.35,0,0,35,29.4,0.325,9.555
2026/08/03,„ш±г∆ч,јѕ»Ћ„ш±г∆ч“∆ґѓ¬нЌ∞љб µ,20 ~ 50,0.1,0.74,0.345,10% ~ 15%,-0.5,2,-0.35,0,-1,35,25.9,0.125,3.2375
2026/08/03,„ш±г∆ч,Љ“”√јѕ»Ћ“∆ґѓ„ш±г∆ч,20 ~ 50,2.15,0.86,-0.312,30% ~ 35%,0.1,5,1.55,0,0,35,30.1,0.325,9.7825
2026/08/03,„ш±г∆ч,Їу≈≈ љ¬нЌ∞„ш±г∆ч,20 ~ 50,-0.1,0.49,-0.169,0% ~ 1%,-1.05,0,-1.05,0,-1,35,17.15,0.005,0.0857
2026/08/03,„ш±г∆ч,„ш±г∆чѕ¬ЋЃ≈дЉю,20 ~ 50,0.05,0.61,-0.129,60% ~ 65%,1.3,9,1.3,0,-1,35,21.35,0.625,13.3437
2026/08/03,„ш±г∆ч,„ш±г∆ч“їіќ–‘ћ„,20 ~ 50,-0.1,0.8,-0.316,25% ~ 30%,-0.5,5,-0.55,0,-1,35,28,0.275,7.7
2026/08/03,„ш±г∆ч,јѕƒк„ш±г∆ч,20 ~ 50,-0.15,0.83,0.186,25% ~ 30%,0.45,5,0.7,0,-1,35,29.05,0.275,7.9887
2026/08/03,„ш±г∆ч,„‘ґѓ„ш±г∆ч,20 ~ 50,-0.1,0.6,0.622,0% ~ 1%,0,0,0,0,-1,35,21,0.005,0.105
2026/08/03,„ш±г∆ч,„ш±г∆чѕ¬ЋЃ≈дЉю,20 ~ 50,0.05,0.61,-0.129,60% ~ 65%,1.3,9,1.3,0,-1,35,21.35,0.625,13.3437
2026/08/03,„ш±г∆ч,Їу≈≈ љ¬нЌ∞„ш±г∆ч,20 ~ 50,-0.1,0.49,-0.169,0% ~ 1%,-1.05,0,-1.05,0,-1,35,17.15,0.005,0.0857
2026/08/03,„ш±г∆ч,„ш±г∆чЈјЈіЋЃƒж÷єЈІ,20 ~ 50,-0.3,0.7,-0.041,15% ~ 20%,-0.25,2,-0.65,0,-1,35,24.5,0.175,4.2875
2026/08/03,„ш±г∆ч,„ш±г∆ч√№Јв»¶,20 ~ 50,1.05,0.65,2.824,35% ~ 40%,-0.25,5,4.05,0,0,35,22.75,0.375,8.5312
2026/08/03,„ш±г∆ч,јѕƒк “ƒЏ„ш±г∆ч,20 ~ 50,0.05,1.21,0.301,30% ~ 35%,-0.3,5,0,0,-1,35,42.35,0.325,13.7638
2026/08/03,„ш±г∆ч,„ш±г∆ч≈дЉю,20 ~ 50,-0.25,0.84,0.217,10% ~ 15%,-0.7,2,-0.75,0,0,35,29.4,0.125,3.675
2026/08/03,„ш±г∆ч,Њ≈ƒЅєўЈљ∆мљҐµк„ш±г∆ч,20 ~ 50,-0.05,0.74,-0.051,0% ~ 1%,-1.05,0,-1.05,0,-1,35,25.9,0.005,0.1295
2026/08/03,„ш±г∆ч,”„ґщ„ш±г∆ч,20 ~ 50,0,0.82,0.155,30% ~ 35%,3.7,4,3.05,0,-1,35,28.7,0.325,9.3275
2026/08/03,„ш±г∆ч,ґ„њ”Єƒ„ш±г∆ч,20 ~ 50,-0.45,0.73,0.141,15% ~ 20%,2.1,2,1.05,0,-1,35,25.55,0.175,4.4712
2026/08/03,„ш±г∆ч,њ…“∆ґѓјѕƒк„ш±г∆ч,20 ~ 50,0.45,0.77,0.242,15% ~ 20%,0.1,3,2.05,0,-1,35,26.95,0.175,4.7162
2026/08/03,„ш±г∆ч,≈©іе≤ёЋщ„ш±г∆ч,20 ~ 50,0.4,0.95,0.461,7.5% ~ 10%,-0.65,1,-0.55,0,-1,35,33.25,0.087,2.8927
2026/08/03,„ш±г∆ч,ќј…ъЉд„ш±г∆ч…ѕµƒ÷√ќпЉ№,20 ~ 50,-0.35,0.71,-0.066,30% ~ 35%,7.25,6,5.05,0,-1,35,24.85,0.325,8.0762
2026/08/03,„ш±г∆ч,≤–Љ≤»Ћ¬нЌ∞„ш±г∆ч,20 ~ 50,-0.15,0.64,0.016,7.5% ~ 10%,0.2,1,0,0,-1,35,22.4,0.087,1.9488
2026/08/03,„ш±г∆ч,„щ“ќ љ„ш±г∆ч,20 ~ 50,-0.05,0.48,0.043,15% ~ 20%,0,2,0,0,-1,35,16.8,0.175,2.94
2026/08/03,„ш±г∆ч,–°їІ–Ќ„ш±г∆ч,20 ~ 50,-0.2,1.21,-0.008,0% ~ 1%,-1.05,0,-1.05,0,-1,35,42.35,0.005,0.2118
2026/08/03,„ш±г∆ч,≥…»Ћ„ш±г∆ч,20 ~ 50,0.3,0.59,-0.145,20% ~ 25%,-0.4,2,-0.55,0,-1,35,20.65,0.225,4.6463
2026/08/03,„ш±г∆ч,„ш±г∆ч¬нЌ∞≈дЉю,20 ~ 50,0,0.67,-0.264,40% ~ 45%,1.4,5,0.7,0,0,35,23.45,0.425,9.9663
2026/08/03,„ш±г∆ч,„ш±г∆ч–°їІ–Ќ,20 ~ 50,-0.15,0.79,0.162,0% ~ 1%,0,0,0,0,-1,35,27.65,0.005,0.1383
2026/08/03,„ш±г∆ч,–°ЇҐ¬нЌ∞„ш±г∆чƒ–±¶±¶,20 ~ 50,-0.4,0.61,-0.247,10% ~ 15%,-0.65,2,-0.8,0,-1,35,21.35,0.125,2.6687
2026/08/03,„ш±г∆ч,„ш±г∆чљ≈≤»µ ,20 ~ 50,0.05,0.65,-0.504,15% ~ 20%,-0.4,2,-0.55,0,-1,35,22.75,0.175,3.9812
2026/08/03,„ш±г∆ч,јѕƒк»Ћ„ш±г∆чЈц ÷,20 ~ 50,0.35,0.86,0,15% ~ 20%,-0.55,2,-0.55,0,-1,35,30.1,0.175,5.2675
2026/08/03,„ш±г∆ч,„ш±г∆чµж„”Ќ®”√,20 ~ 50,0.65,0.64,-0.264,20% ~ 25%,-0.65,2,-0.35,0,-1,35,22.4,0.225,5.04
2026/08/03,„ш±г∆ч,„ш±г∆чњ…’џµю,20 ~ 50,-0.1,1.02,0.03,20% ~ 25%,-0.45,4,-0.25,0,-1,35,35.7,0.225,8.0325
2026/08/03,„ш±г∆ч,”§”„ґщ„ш±г∆ч,20 ~ 50,0.35,0.92,0.108,20% ~ 25%,2.25,3,2.05,0,-1,35,32.2,0.225,7.245
2026/08/03,„ш±г∆ч,јѕƒк„ш±г∆чјѕ»ЋЉ“”√,20 ~ 50,0.2,1,0.562,25% ~ 30%,0.65,4,1.05,0,-1,35,35,0.275,9.625
2026/08/03,„ш±г∆ч,„ш±г∆чЇу√ж÷√ќпЉ№,20 ~ 50,0.15,0.76,-0.208,5% ~ 7.5%,-0.75,1,-0.8,0,-1,35,26.6,0.062,1.6492
2026/08/03,„ш±г∆ч,јѕƒк»Ћњ…“∆ґѓ„ш±г∆ч,20 ~ 50,0.2,0.8,-0.231,20% ~ 25%,-0.5,2,-0.55,0,-1,35,28,0.225,6.3
2026/08/03,„ш±г∆ч,ґщЌѓљ„ћЁ љ„ш±г∆ч,20 ~ 50,0.7,0.95,1.065,35% ~ 40%,0,5,0,0,-1,35,33.25,0.375,12.4688
2026/08/03,„ш±г∆ч,јѕƒк»Ћ¬нЌ∞„ш±г∆чњ…“∆ґѓіуЇ≈,20 ~ 50,-0.4,0.6,-0.31,10% ~ 15%,0,1,0,0,-1,35,21,0.125,2.625
2026/08/03,„ш±г∆ч,і≤±я„ш±г∆ч,20 ~ 50,-0.35,0.57,-0.406,7.5% ~ 10%,0.55,1,0,0,-1,35,19.95,0.087,1.7356
2026/08/03,„ш±г∆ч,јѕƒк»Ћ¬нЌ∞„ш±г∆чњ…“∆ґѓіуЇ≈,20 ~ 50,-0.4,0.6,-0.31,10% ~ 15%,0,1,0,0,-1,35,21,0.125,2.625
2026/08/03,„ш±г∆ч,ґщЌѓљ„ћЁ љ„ш±г∆ч,20 ~ 50,0.7,0.95,1.065,35% ~ 40%,0,5,0,0,-1,35,33.25,0.375,12.4688
2026/08/03,„ш±г∆ч,„ш±г∆ч≥еѕі∆®є…,20 ~ 50,0.55,0.71,-0.174,7.5% ~ 10%,0,1,0,0,-1,35,24.85,0.087,2.1619
2026/08/03,„ш±г∆ч,„∞–ёЅў ±„ш±г∆ч,20 ~ 50,0.7,0.76,-0.165,5% ~ 7.5%,0,1,0,0,-1,35,26.6,0.062,1.6492
2026/08/03,„ш±г∆ч,ґщЌѓ–°„ш±г∆ч,20 ~ 50,-0.1,0.95,0.759,10% ~ 15%,-0.75,1,-0.7,0,-1,35,33.25,0.125,4.1562
2026/08/03,„ш±г∆ч,„ш±г∆ч‘цЄяµж,0 ~ 20,-0.15,1.03,0.515,25% ~ 30%,1.75,3,2.05,0,-1,10,10.3,0.275,2.8325
2026/08/03,„ш±г∆ч,–°ЇҐґ„њ”„ш±г∆ч,0 ~ 20,0.1,0.52,-0.381,0% ~ 1%,-1.05,0,-1.05,0,-1,10,5.2,0.005,0.026
2026/08/03,„ш±г∆ч,јѕ»Ћ„®”√“∆ґѓ„ш±г∆ч,0 ~ 20,0.75,0.66,-0.689,50% ~ 55%,-0.35,6,0,0,-1,10,6.6,0.525,3.465
2026/08/03,„ш±г∆ч,„ш±г∆чЋЃѕдљшЋЃЈІ,0 ~ 20,-0.15,0.8,0.404,15% ~ 20%,0.3,2,0,0,-1,10,8,0.175,1.4
2026/08/03,„ш±г∆ч,ґ„≈и„ш±г∆ч,0 ~ 20,0.2,0.67,0.264,15% ~ 20%,0,3,0,0,-1,10,6.7,0.175,1.1725
2026/08/03,„ш±г∆ч,Ј≈‘Џ¬нЌ∞…ѕµƒ„ш±г∆ч,0 ~ 20,0.15,0.67,-0.221,0% ~ 1%,-1.05,0,-1.05,0,-1,10,6.7,0.005,0.0335
2026/08/03,„ш±г∆ч,јѕ»Ћ„®”√“∆ґѓ„ш±г∆ч,0 ~ 20,0.75,0.66,-0.689,50% ~ 55%,-0.35,6,0,0,-1,10,6.6,0.525,3.465
2026/08/03,„ш±г∆ч,„ш±г∆чЋЃѕдљшЋЃЈІ,0 ~ 20,-0.15,0.8,0.404,15% ~ 20%,0.3,2,0,0,-1,10,8,0.175,1.4
2026/08/03,„ш±г∆ч,¬нЌ∞‘цЄя„ш±г∆ч,0 ~ 20,-0.25,0.82,0.051,10% ~ 15%,-0.45,2,0,0,-1,10,8.2,0.125,1.025
2026/08/03,„ш±г∆ч,–°ЇҐґ„њ”„ш±г∆ч,0 ~ 20,0.1,0.52,-0.381,0% ~ 1%,-1.05,0,-1.05,0,-1,10,5.2,0.005,0.026
2026/08/03,„ш±г∆ч,„ш±г∆ч“∆ќї∆ч,0 ~ 20,0.15,0.33,0.065,25% ~ 30%,0,2,0,0,0,10,3.3,0.275,0.9075
2026/08/03,„ш±г∆ч,“їіќ–‘„ш±г∆ч,0 ~ 20,-0.3,0.93,3.895,30% ~ 35%,0.2,3,0.55,0,-1,10,9.3,0.325,3.0225
2026/08/03,„ш±г∆ч,Њ≈ƒЅ“їће÷«ƒ№„ш±г∆ч,0 ~ 20,0.85,1.67,-0.454,0% ~ 1%,0,0,0,0,-1,10,16.7,0.005,0.0835
2026/08/03,„ш±г∆ч,“ќ„”„ш±г∆ч,0 ~ 20,0.25,0.48,-0.2,7.5% ~ 10%,-0.3,1,0,0,-1,10,4.8,0.087,0.4176
2026/08/03,„ш±г∆ч,ґ„±г¬нЌ∞„ш±г∆ч,0 ~ 20,0.55,0.63,0.4,0% ~ 1%,0,0,0,0,0,10,6.3,0.005,0.0315
2026/08/03,„ш±г∆ч,¬нЌ∞„ш±г∆чµ„≤њєћґ®√№ЈвљЇ,0 ~ 20,0.25,0.75,-0.427,30% ~ 35%,-0.35,5,0.3,0,-1,10,7.5,0.325,2.4375
2026/08/03,„ш±г∆ч,јѕƒк»Ћ…ѕ≤ёЋщ„ш±г∆ч,0 ~ 20,0.65,0.84,-0.222,40% ~ 45%,0,4,0,0,-1,10,8.4,0.425,3.57
2026/08/03,„ш±г∆ч,±¶±¶±г≈и„ш±г∆ч,0 ~ 20,-0.2,0.76,-0.156,10% ~ 15%,-0.55,2,-0.65,0,0,10,7.6,0.125,0.95
2026/08/03,„ш±г∆ч,“ќ„”„ш±г∆ч,0 ~ 20,0.25,0.48,-0.2,7.5% ~ 10%,-0.3,1,0,0,-1,10,4.8,0.087,0.4176
2026/08/03,„ш±г∆ч,„ш±г∆ч“∆ќї∆ч,0 ~ 20,0.15,0.33,0.065,25% ~ 30%,0,2,0,0,0,10,3.3,0.275,0.9075
2026/08/03,„ш±г∆ч,„ш±г∆чћ„,0 ~ 20,0.25,0.85,0,30% ~ 35%,0.25,3,0,0,0,10,8.5,0.325,2.7625
2026/08/03,„ш±г∆ч,±Џє“ љ„ш±г∆ч,0 ~ 20,-0.25,0.51,-0.105,0% ~ 1%,0,0,0,0,-1,10,5.1,0.005,0.0255
2026/08/03,„ш±г∆ч,¬нЌ∞„ш±г∆чѕыґЊ…±Њъ≈зќн,0 ~ 20,-0.1,0.82,0.864,35% ~ 40%,2.85,5,4.05,0,-1,10,8.2,0.375,3.075
2026/08/03,„ш±г∆ч,ґщЌѓ¬нЌ∞„ш±г∆ч–°ЇҐ„®”√≤ёЋщ,0 ~ 20,0,0.46,-0.193,10% ~ 15%,0,1,0,0,-1,10,4.6,0.125,0.575
2026/08/03,„ш±г∆ч,ґ„±г¬нЌ∞„ш±г∆ч,0 ~ 20,0.55,0.63,0.4,0% ~ 1%,0,0,0,0,0,10,6.3,0.005,0.0315
2026/08/03,„ш±г∆ч,¬нЌ∞„ш±г∆чµ„≤њєћґ®√№ЈвљЇ,0 ~ 20,0.25,0.75,-0.427,30% ~ 35%,-0.35,5,0.3,0,-1,10,7.5,0.325,2.4375
2026/08/03,„ш±г∆ч,±Џє“ љ„ш±г∆ч,0 ~ 20,-0.25,0.51,-0.105,0% ~ 1%,0,0,0,0,-1,10,5.1,0.005,0.0255
2026/08/03,„ш±г∆ч,ґ„±г¬нЌ∞„ш±г∆ч,0 ~ 20,0.55,0.63,0.4,0% ~ 1%,0,0,0,0,0,10,6.3,0.005,0.0315
2026/08/03,„ш±г∆ч,µ „”„ш±г∆ч,0 ~ 20,-0.15,0.63,-0.203,25% ~ 30%,0.1,2,-0.55,0,-1,10,6.3,0.275,1.7325
2026/08/03,„ш±г∆ч,“ќ„”„ш±г∆ч,0 ~ 20,0.25,0.48,-0.2,7.5% ~ 10%,-0.3,1,0,0,-1,10,4.8,0.087,0.4176
2026/08/03,„ш±г∆ч,≤ …Ђ„ш±г∆ч,0 ~ 20,0,0.42,0.105,0% ~ 1%,0,0,0,0,-1,10,4.2,0.005,0.021
2026/08/03,„ш±г∆ч,Љэ≈∆„ш±г∆ч,0 ~ 20,0.75,0.39,1.6,0% ~ 1%,0,0,0,0,0,10,3.9,0.005,0.0195
2026/08/03,„ш±г∆ч,јѕ»Ћ„ш±г∆ч“∆ґѓ¬нЌ∞¬÷“ќ,0 ~ 20,0.75,0.69,1.029,7.5% ~ 10%,0,1,0,0,-1,10,6.9,0.087,0.6003
2026/08/03,„ш±г∆ч,„ш±г∆ч÷«ƒ№,0 ~ 20,-0.25,0.85,0.465,0% ~ 1%,0,0,0,0,0,10,8.5,0.005,0.0425
2026/08/03,„ш±г∆ч,ґщЌѓ„ш±г∆ч«ељаіь,0 ~ 20,-0.35,0.75,0.271,30% ~ 35%,0.1,4,-0.25,0,-1,10,7.5,0.325,2.4375
2026/08/03,„ш±г∆ч,њ…“∆ґѓјѕ»Ћ„ш±г∆ч,0 ~ 20,-0.25,1.4,0.284,35% ~ 40%,0.5,4,0,0,-1,10,14,0.375,5.25
2026/08/03,„ш±г∆ч,»Ђ„‘ґѓ„ш±г∆ч,0 ~ 20,0.25,0.54,-0.25,0% ~ 1%,0,0,0,0,0,10,5.4,0.005,0.027
2026/08/03,„ш±г∆ч, ÷ хЇу„ш±г∆ч,0 ~ 20,0.75,0.53,0.06,25% ~ 30%,0,2,0,0,-1,10,5.3,0.275,1.4575
2026/08/03,„ш±г∆ч,ґщЌѓ„ш±г∆ч«ељаіь,0 ~ 20,-0.35,0.75,0.271,30% ~ 35%,0.1,4,-0.25,0,-1,10,7.5,0.325,2.4375
2026/08/03,„ш±г∆ч,јѕ љ„ш±г∆чЋЃѕд≈дЉю,0 ~ 20,0.45,1.12,0.807,20% ~ 25%,-0.2,3,0.55,0,-1,10,11.2,0.225,2.52
2026/08/03,„ш±г∆ч,јѕ»Ћ„ш±г∆ч¬нЌ∞“∆ґѓ,0 ~ 20,0.25,0.95,0.011,20% ~ 25%,-0.2,3,0,0,0,10,9.5,0.225,2.1375
2026/08/03,„ш±г∆ч,÷«ƒ№¬нЌ∞„ш±г∆ч»Ђ„‘ґѓ,0 ~ 20,0.15,0.56,0.697,0% ~ 1%,0,0,0,0,-1,10,5.6,0.005,0.028
2026/08/03,„ш±г∆ч,јѕ»Ћ„®”√„ш±г∆ч,0 ~ 20,0.35,0.9,0.2,10% ~ 15%,-0.8,1,-0.8,0,-1,10,9,0.125,1.125
2026/08/03,„ш±г∆ч,„ш±г∆чјђїшіь,0 ~ 20,0.15,0.82,-0.196,20% ~ 25%,0.25,3,0.55,0,-1,10,8.2,0.225,1.845
2026/08/03,„ш±г∆ч,јѕ»Ћ„ш±г∆ч“∆ґѓ¬нЌ∞¬÷“ќ,0 ~ 20,0.75,0.69,1.029,7.5% ~ 10%,0,1,0,0,-1,10,6.9,0.087,0.6003
2026/08/03,„ш±г∆ч,÷«ƒ№¬нЌ∞„ш±г∆ч»Ђ„‘ґѓ,0 ~ 20,0.15,0.56,0.697,0% ~ 1%,0,0,0,0,-1,10,5.6,0.005,0.028
2026/08/03,„ш±г∆ч,»Ђ„‘ґѓ„ш±г∆ч,0 ~ 20,0.25,0.54,-0.25,0% ~ 1%,0,0,0,0,0,10,5.4,0.005,0.027
2026/08/03,„ш±г∆ч,јѕ»Ћ„ш±г∆ч¬нЌ∞“∆ґѓ,0 ~ 20,0.25,0.95,0.011,20% ~ 25%,-0.2,3,0,0,0,10,9.5,0.225,2.1375
2026/08/03,„ш±г∆ч,ґщЌѓ„ш±г∆чґ„њ”,0 ~ 20,-0.45,0.7,0.077,0% ~ 1%,-1.05,0,-1.05,0,-1,10,7,0.005,0.035
2026/08/03,„ш±г∆ч,ґщЌѓ¬нЌ∞„ш±г∆ч10Ћк“‘…ѕ,0 ~ 20,-0.1,1.08,0.8,30% ~ 35%,1.15,3,2.05,0,-1,10,10.8,0.325,3.51
2026/08/03,„ш±г∆ч,јѕ»Ћ„ш±г∆чіу±гµ ,0 ~ 20,-0.2,0.73,0.014,10% ~ 15%,-0.4,1,-0.55,0,-1,10,7.3,0.125,0.9125
2026/08/03,„ш±г∆ч,„ш±г∆ч¬нЌ∞ЋҐ,0 ~ 20,-0.25,1.23,0.464,60% ~ 65%,-0.05,6,-0.3,0,-1,10,12.3,0.625,7.6875
2026/08/03,„ш±г∆ч,ґщЌѓіу±г„ш±г∆ч,0 ~ 20,0.25,0.93,0.938,25% ~ 30%,0,3,0,0,-1,10,9.3,0.275,2.5575
2026/08/03,„ш±г∆ч,Јјґ≥„ш±г∆ч,0 ~ 20,1.3,0.19,-0.902,0% ~ 1%,-1.05,0,-1.05,0,-1,10,1.9,0.005,0.0095
2026/08/03,„ш±г∆ч,–°ЇҐ¬нЌ∞„ш±г∆ч≈Ѓ±¶±¶,0 ~ 20,0,0.74,0.057,15% ~ 20%,-0.65,2,-0.7,0,-1,10,7.4,0.175,1.295
2026/08/03,„ш±г∆ч,ґ„њ”…ѕµƒ„ш±г∆ч,0 ~ 20,-0.15,0.9,1.25,15% ~ 20%,0,2,0,0,-1,10,9,0.175,1.575
2026/08/03,„ш±г∆ч,–°ЇҐ¬нЌ∞„ш±г∆ч≈Ѓ±¶±¶,0 ~ 20,0,0.74,0.057,15% ~ 20%,-0.65,2,-0.7,0,-1,10,7.4,0.175,1.295
2026/08/03,„ш±г∆ч,–°≥яіз„ш±г∆ч,0 ~ 20,0.65,0.38,-0.406,0% ~ 1%,0,0,0,0,-1,10,3.8,0.005,0.019
2026/08/03,„ш±г∆ч,„ш±г∆ч≥эєЄЉЅ,0 ~ 20,-0.1,0.6,-0.651,10% ~ 15%,-0.85,1,-0.95,0,-1,10,6,0.125,0.75
2026/08/03,„ш±г∆ч,„ш±г∆ч¬нЌ∞ЋҐ,0 ~ 20,-0.25,1.23,0.464,60% ~ 65%,-0.05,6,-0.3,0,-1,10,12.3,0.625,7.6875
2026/08/03,„ш±г∆ч,÷«ƒ№¬нЌ∞„ш±г∆ч»Ђєъ Ѓіу∆Ј≈∆,0 ~ 20,0.25,1.27,4.292,10% ~ 15%,0,1,0,0,-1,10,12.7,0.125,1.5875
2026/08/03,„ш±г∆ч,ґщЌѓ¬нЌ∞„ш±г∆ч10Ћк“‘…ѕ,0 ~ 20,-0.1,1.08,0.8,30% ~ 35%,1.15,3,2.05,0,-1,10,10.8,0.325,3.51
2026/08/03,„ш±г∆ч,Јјґ≥„ш±г∆ч,0 ~ 20,1.3,0.19,-0.902,0% ~ 1%,-1.05,0,-1.05,0,-1,10,1.9,0.005,0.0095
2026/08/03,„ш±г∆ч,„ш±г∆ч√№ЈвљЇ,0 ~ 20,0.3,0.64,-0.59,35% ~ 40%,0.3,3,0,0,-1,10,6.4,0.375,2.4
2026/08/03,„ш±г∆ч,”§ґщ„ш±г∆чƒ–±¶±¶,0 ~ 20,0.3,0.61,-0.45,7.5% ~ 10%,-0.7,1,-0.55,0,-1,10,6.1,0.087,0.5307
2026/08/03,„ш±г∆ч,іу–°±г„ш±г∆ч,0 ~ 20,0.7,1.15,0.917,0% ~ 1%,-1.05,0,-1.05,0,-1,10,11.5,0.005,0.0575
2026/08/03,„ш±г∆ч,јѕ»Ћі≤…ѕ„ш±г∆ч,0 ~ 20,-0.1,0.58,-0.216,10% ~ 15%,-0.8,1,-0.7,0,-1,10,5.8,0.125,0.725
2026/08/03,„ш±г∆ч,јѕ»ЋЉт“„„ш±г∆ч,0 ~ 20,-0.25,0.41,-0.438,0% ~ 1%,-1.05,0,-1.05,0,-1,10,4.1,0.005,0.0205
2026/08/03,„ш±г∆ч,ґщЌѓіуЇ≈„ш±г∆ч,0 ~ 20,0.2,0.73,0.043,15% ~ 20%,0.5,2,1.05,0,-1,10,7.3,0.175,1.2775
2026/08/03,„ш±г∆ч,2026–¬њо¬нЌ∞µжЋƒЉЊЌ®”√√вѕіЈјЋЃ„ш±г∆ч¬нЌ∞µж»¶’≥ћщ љѕƒЉЊ„шµж„”,0 ~ 20,0.55,0.31,0.823,100% ~ 105%,0,10 ~ 50,1.55,0,-1,10,3.1,1.025,3.1775
2026/08/03,„ш±г∆ч,ґщЌѓ¬нЌ∞„ш±г∆ч≈Ѓ±¶±¶2Ћк,0 ~ 20,1.15,0.56,-0.632,5% ~ 7.5%,-0.9,1,-0.7,0,-1,10,5.6,0.062,0.3472
2026/08/03,„ш±г∆ч,”§ґщ„ш±г∆чƒ–±¶±¶,0 ~ 20,0.3,0.61,-0.45,7.5% ~ 10%,-0.7,1,-0.55,0,-1,10,6.1,0.087,0.5307
2026/08/03,„ш±г∆ч,”¶Љ±„ш±г∆ч,0 ~ 20,0,0.28,0,0% ~ 1%,0,0,0,0,0,10,2.8,0.005,0.014
2026/08/03,„ш±г∆ч,ґщЌѓ¬нЌ∞„ш±г∆ч»эЇѕ“ї,0 ~ 20,0.2,0.59,-0.359,15% ~ 20%,-0.55,2,0,0,-1,10,5.9,0.175,1.0325
2026/08/03,„ш±г∆ч,„ш±г∆ч√№ЈвљЇ,0 ~ 20,0.3,0.64,-0.59,35% ~ 40%,0.3,3,0,0,-1,10,6.4,0.375,2.4
2026/08/03,„ш±г∆ч,ґщЌѓ¬нЌ∞„ш±г∆ч»эЇѕ“ї,0 ~ 20,0.2,0.59,-0.359,15% ~ 20%,-0.55,2,0,0,-1,10,5.9,0.175,1.0325
2026/08/03,„ш±г∆ч,ґщЌѓіуЇ≈„ш±г∆ч,0 ~ 20,0.2,0.73,0.043,15% ~ 20%,0.5,2,1.05,0,-1,10,7.3,0.175,1.2775
2026/08/03,„ш±г∆ч,“їіќ–‘„ш±г∆чћ„,0 ~ 20,-0.1,0.75,0.103,50% ~ 55%,0.15,6,0.25,0,-1,10,7.5,0.525,3.9375
2026/08/03,„ш±г∆ч,ґщЌѓ¬нЌ∞„ш±г∆ч3Ћк“‘…ѕ,0 ~ 20,0.3,0.84,-0.333,10% ~ 15%,-0.8,1,-0.7,0,-1,10,8.4,0.125,1.05
2026/08/03,„ш±г∆ч,„ш±г∆чЄƒґ„±г∆ч,0 ~ 20,0.55,0.62,-0.127,10% ~ 15%,0,1,0,0,0,10,6.2,0.125,0.775
2026/08/03,„ш±г∆ч,±¶±¶¬нЌ∞„ш±г∆ч,0 ~ 20,1.55,0.91,0.034,0% ~ 1%,-1.05,0,-1.05,0,0,10,9.1,0.005,0.0455
2026/08/03,„ш±г∆ч,2026–¬њо¬нЌ∞µжЋƒЉЊЌ®”√√вѕіЈјЋЃ„ш±г∆ч¬нЌ∞µж»¶’≥ћщ љѕƒЉЊ„шµж„”,0 ~ 20,0.55,0.31,0.823,100% ~ 105%,0,10 ~ 50,1.55,0,-1,10,3.1,1.025,3.1775
2026/08/03,„ш±г∆ч,ґщЌѓ¬нЌ∞„ш±г∆ч≈Ѓ±¶±¶2Ћк,0 ~ 20,1.15,0.56,-0.632,5% ~ 7.5%,-0.9,1,-0.7,0,-1,10,5.6,0.062,0.3472
2026/08/03,„ш±г∆ч,њ…“∆ґѓ„ш±г∆ч,0 ~ 20,0.3,0.71,-0.372,40% ~ 45%,0,3,0,0,0,10,7.1,0.425,3.0175
2026/08/03,„ш±г∆ч,÷ъ––∆ч„ш±г∆ч,0 ~ 20,-0.2,0.89,-0.473,20% ~ 25%,-0.5,1,-0.7,0,-1,10,8.9,0.225,2.0025
2026/08/03,„ш±г∆ч,÷ъ––∆ч„ш±г∆ч,0 ~ 20,-0.2,0.89,-0.473,20% ~ 25%,-0.5,1,-0.7,0,-1,10,8.9,0.225,2.0025
2026/08/03,„ш±г∆ч,Ј≈¬нЌ∞…ѕµƒ„ш±г∆ч,0 ~ 20,-0.15,0.39,-0.435,0% ~ 1%,-1.05,0,-1.05,0,-1,10,3.9,0.005,0.0195
2026/08/03,„ш±г∆ч,„ш±г∆ч≈≈ЋЃЈІ≈дЉю,0 ~ 20,0,0.43,0,30% ~ 35%,0,2,0,0,0,10,4.3,0.325,1.3975
2026/08/03,„ш±г∆ч,¬нЌ∞„ш±г∆чѕыґЊ…±Њъ ™љн,0 ~ 20,-0.2,0.85,-0.234,45% ~ 50%,0.85,6,1.05,0,-1,10,8.5,0.475,4.0375
2026/08/03,„ш±г∆ч,‘–ЄЊ¬нЌ∞„ш±г∆чњ…“∆ґѓ,0 ~ 20,0.6,0.47,0.175,0% ~ 1%,0,0,0,0,0,10,4.7,0.005,0.0235
2026/08/03,„ш±г∆ч,„ш±г∆чµ„≤њ√№Јвћх,0 ~ 20,0.2,1.96,0.798,10% ~ 15%,-0.8,1,-0.7,0,-1,10,19.6,0.125,2.45
2026/08/03,„ш±г∆ч,ќј…ъЉдґ„њ”Єƒ„ш±г∆ч,0 ~ 20,0.6,0.71,-0.123,25% ~ 30%,0.3,2,1.05,0,-1,10,7.1,0.275,1.9525
2026/08/03,„ш±г∆ч,ґщЌѓ„ш±г∆ч—µЅЈ,0 ~ 20,1.35,1.03,0.212,15% ~ 20%,-0.1,2,1.05,0,0,10,10.3,0.175,1.8025
2026/08/03,„ш±г∆ч,„ш±г∆ч¬нЌ∞»¶,0 ~ 20,-0.2,1.02,1.17,40% ~ 45%,0.45,4,1.05,0,0,10,10.2,0.425,4.335
2026/08/03,„ш±г∆ч,јѕƒк„ш±г∆ч“∆ґѓ¬нЌ∞,0 ~ 20,-0.15,0.73,0.106,15% ~ 20%,-0.6,2,-0.55,0,-1,10,7.3,0.175,1.2775
2026/08/03,„ш±г∆ч,јѕƒк„ш±г∆ч“∆ґѓ¬нЌ∞,0 ~ 20,-0.15,0.73,0.106,15% ~ 20%,-0.6,2,-0.55,0,-1,10,7.3,0.175,1.2775
2026/08/03,„ш±г∆ч,Ќ®¬нЌ∞…с∆ч“ї≈ЏЌ®„ш±г∆ч„®”√,0 ~ 20,0.45,1.02,1.17,30% ~ 35%,0,3,0,0,-1,10,10.2,0.325,3.315
2026/08/03,„ш±г∆ч,“љ”√„ш±г∆ч,0 ~ 20,1.35,1.42,0.945,30% ~ 35%,0,3,2.05,0,-1,10,14.2,0.325,4.615
2026/08/03,„ш±г∆ч,„ш±г∆чµ„≤њ√№Јвћх,0 ~ 20,0.2,1.96,0.798,10% ~ 15%,-0.8,1,-0.7,0,-1,10,19.6,0.125,2.45
2026/08/03,„ш±г∆ч,„ш±г∆ч«ељаЉЅ,0 ~ 20,-0.35,0.86,0.024,20% ~ 25%,-0.7,2,-0.8,0,-1,10,8.6,0.225,1.935
2026/08/03,„ш±г∆ч,‘–ЄЊ±г–ѓ„ш±г∆ч,0 ~ 20,-0.2,0.98,0.719,25% ~ 30%,0,3,0,0,-1,10,9.8,0.275,2.695
2026/08/03,„ш±г∆ч,ќј…ъЉдґ„њ”Єƒ„ш±г∆ч,0 ~ 20,0.6,0.71,-0.123,25% ~ 30%,0.3,2,1.05,0,-1,10,7.1,0.275,1.9525
2026/08/03,„ш±г∆ч,„ш±г∆чЋЃѕд’ыћ„,0 ~ 20,-0.1,0.44,-0.185,25% ~ 30%,1.3,2,1.05,0,-1,10,4.4,0.275,1.21
2026/08/03,„ш±г∆ч,…ѕ≤ёЋщ„ш±г∆ч,0 ~ 20,1.2,0.89,-0.11,25% ~ 30%,0,1,0,0,-1,10,8.9,0.275,2.4475
2026/08/03,„ш±г∆ч,Љ“”√јѕ»Ћ„ш±г∆чњ…“∆ґѓ¬нЌ∞ “ƒЏ±г–ѓ љ,0 ~ 20,0.1,0.54,-0.432,0% ~ 1%,-1.05,0,-1.05,0,-1,10,5.4,0.005,0.027
2026/08/03,„ш±г∆ч,јѕ љ„ш±г∆ч≈дЉюіу»Ђ,0 ~ 20,0.35,0.73,-0.198,25% ~ 30%,-0.35,2,-0.35,0,-1,10,7.3,0.275,2.0075
2026/08/03,„ш±г∆ч,Њ≈ƒЅ„ш±г∆ч¬нЌ∞Љ“”√,0 ~ 20,-0.15,0.59,-0.306,0% ~ 1%,0,0,0,0,-1,10,5.9,0.005,0.0295
2026/08/03,„ш±г∆ч,јѕ»Ћ„ш±г∆ч“∆ґѓ¬нЌ∞јђїшіь,0 ~ 20,-0.15,0.97,-0.326,40% ~ 45%,-0.15,4,-0.25,0,-1,10,9.7,0.425,4.1225
2026/08/03,„ш±г∆ч,≤–Љ≤»Ћ„®”√„ш±г∆ч,0 ~ 20,-0.35,1.02,0.5,0% ~ 1%,-1.05,0,-1.05,0,-1,10,10.2,0.005,0.051
2026/08/03,„ш±г∆ч,јѕ»Ћ¬нЌ∞„ш±г∆ч,0 ~ 20,0.1,0.61,-0.402,20% ~ 25%,0.45,1,0,0,0,10,6.1,0.225,1.3725
2026/08/03,„ш±г∆ч,„ш±г∆ч«ељаЋҐ,0 ~ 20,0.45,0.61,-0.46,30% ~ 35%,0.55,3,2.05,0,-1,10,6.1,0.325,1.9825
2026/08/03,„ш±г∆ч,јѕ»Ћ„ш±г∆ч“∆ґѓ¬нЌ∞Љ”Єя50cm,0 ~ 20,0.45,1.06,0.395,20% ~ 25%,0.45,2,1.05,0,-1,10,10.6,0.225,2.385
2026/08/03,„ш±г∆ч,Њ≈ƒЅ„ш±г∆ч¬нЌ∞,0 ~ 20,-0.35,0.68,-0.333,0% ~ 1%,0,0,0,0,-1,10,6.8,0.005,0.034
2026/08/03,„ш±г∆ч,јѕƒк»ЋЉ“Ќ•„ш±г∆чљб µƒЌ”√Јј≥ф,0 ~ 20,0.35,0.63,-0.259,30% ~ 35%,2.05,2,1.05,0,0,10,6.3,0.325,2.0475
2026/08/03,„ш±г∆ч,≤°»ЋЉ“”√„ш±г∆ч,0 ~ 20,0,0.82,0,25% ~ 30%,0,2,0,0,0,10,8.2,0.275,2.255
2026/08/03,„ш±г∆ч,≤°»ЋЉ“”√„ш±г∆ч,0 ~ 20,0,0.82,0,25% ~ 30%,0,2,0,0,0,10,8.2,0.275,2.255
2026/08/03,„ш±г∆ч,≤–Љ≤»Ћ„®”√„ш±г∆ч,0 ~ 20,-0.35,1.02,0.5,0% ~ 1%,-1.05,0,-1.05,0,-1,10,10.2,0.005,0.051
2026/08/03,„ш±г∆ч,јѕ љ„ш±г∆ч≈дЉюіу»Ђ,0 ~ 20,0.35,0.73,-0.198,25% ~ 30%,-0.35,2,-0.35,0,-1,10,7.3,0.275,2.0075
2026/08/03,„ш±г∆ч,”§ґщ¬нЌ∞„ш±г∆ч,0 ~ 20,0.9,0.63,-0.149,25% ~ 30%,0,2,0,0,0,10,6.3,0.275,1.7325
2026/08/03,„ш±г∆ч,јѕ»Ћ„ш±г∆ч¬нЌ∞“ќ„”Љ“”√ µƒЊ,0 ~ 20,0.9,0.88,-0.12,10% ~ 15%,-0.65,1,0,0,-1,10,8.8,0.125,1.1
2026/08/03,„ш±г∆ч,Њ≈ƒЅ„ш±г∆ч¬нЌ∞Љ“”√,0 ~ 20,-0.15,0.59,-0.306,0% ~ 1%,0,0,0,0,-1,10,5.9,0.005,0.0295
2026/08/03,„ш±г∆ч,…ѕ≤ёЋщ„ш±г∆ч,0 ~ 20,1.2,0.89,-0.11,25% ~ 30%,0,1,0,0,-1,10,8.9,0.275,2.4475
2026/08/03,„ш±г∆ч,јѕ»Ћ„ш±г∆ч“∆ґѓ¬нЌ∞јђїшіь,0 ~ 20,-0.15,0.97,-0.326,40% ~ 45%,-0.15,4,-0.25,0,-1,10,9.7,0.425,4.1225
2026/08/03,„ш±г∆ч,ґ„Єƒ„ш±г∆ч,0 ~ 20,-0.4,0.69,-0.198,0% ~ 1%,-1.05,0,-1.05,0,-1,10,6.9,0.005,0.0345
2026/08/03,„ш±г∆ч,јѕƒк»Ћ¬нЌ∞„ш±г∆чњ…“∆ґѓ∆мљҐµк,0 ~ 20,-0.1,1.16,-0.025,55% ~ 60%,1.55,5,1.55,0,-1,10,11.6,0.575,6.67
2026/08/03,„ш±г∆ч,÷«ƒ№„ш±г∆ч¬нЌ∞Є«,0 ~ 20,-0.4,0.48,0.043,0% ~ 1%,-1.05,0,-1.05,0,-1,10,4.8,0.005,0.024
2026/08/03,„ш±г∆ч,јѕ»Ћ„ш±г∆ч“∆ґѓ¬нЌ∞јђїшіь,0 ~ 20,-0.15,0.97,-0.326,40% ~ 45%,-0.15,4,-0.25,0,-1,10,9.7,0.425,4.1225
2026/08/03,„ш±г∆ч,ґщЌѓ„ш±г∆чƒ–±¶±¶„®”√,0 ~ 20,0.2,0.77,0.328,25% ~ 30%,0.65,3,2.05,0,-1,10,7.7,0.275,2.1175
2026/08/03,„ш±г∆ч,„ш±г∆ч«ељаЋҐ,0 ~ 20,0.45,0.61,-0.46,30% ~ 35%,0.55,3,2.05,0,-1,10,6.1,0.325,1.9825
2026/08/03,„ш±г∆ч,≤°»ЋЉ“”√„ш±г∆ч,0 ~ 20,0,0.82,0,25% ~ 30%,0,2,0,0,0,10,8.2,0.275,2.255
2026/08/03,„ш±г∆ч,Љ“”√≤ёЋщ„ш±г∆ч,0 ~ 20,-0.1,1.66,0.596,25% ~ 30%,-0.15,2,0,0,0,10,16.6,0.275,4.565
2026/08/03,„ш±г∆ч,’џµю љ„ш±г∆ч,0 ~ 20,0.35,1.03,0.411,30% ~ 35%,1.35,2,1.05,0,-1,10,10.3,0.325,3.3475
2026/08/03,„ш±г∆ч,”Ґ ѕ„ш±г∆ч,0 ~ 20,-0.15,1.38,0.038,10% ~ 15%,0,1,0,0,-1,10,13.8,0.125,1.725
2026/08/03,„ш±г∆ч,јѕƒк„щ“ќ„ш±г∆ч,0 ~ 20,0,1.13,0,40% ~ 45%,0,4,0,0,0,10,11.3,0.425,4.8025
2026/08/03,„ш±г∆ч,ќј…ъЉдЉт“„„ш±г∆ч,0 ~ 20,0.1,0.55,-0.461,25% ~ 30%,-0.55,2,-0.55,0,-1,10,5.5,0.275,1.5125
2026/08/03,„ш±г∆ч,”§”„ґщ¬нЌ∞„ш±г∆ч,0 ~ 20,-0.1,0.8,0.633,25% ~ 30%,0.55,2,1.05,0,-1,10,8,0.275,2.2
2026/08/03,„ш±г∆ч,≈©іе„ш±г∆ч,0 ~ 20,0.25,1.21,2.667,10% ~ 15%,0,1,0,0,-1,10,12.1,0.125,1.5125
2026/08/03,„ш±г∆ч,¬нЌ∞„ш±г∆чґщЌѓ»эЇѕ“ї,0 ~ 20,0.1,0.66,-0.515,10% ~ 15%,0.15,1,0,0,-1,10,6.6,0.125,0.825
2026/08/03,„ш±г∆ч,јѕ»Ћ„ш±г∆чЉ”Єя,0 ~ 20,0.75,0.63,-0.171,10% ~ 15%,-0.45,1,0,0,-1,10,6.3,0.125,0.7875
2026/08/03,„ш±г∆ч,toto„ш±г∆ч,0 ~ 20,0.25,0.74,-0.532,0% ~ 1%,0,0,0,0,0,10,7.4,0.005,0.037
2026/08/03,„ш±г∆ч,”Ґ ѕ„ш±г∆ч,0 ~ 20,-0.15,1.38,0.038,10% ~ 15%,0,1,0,0,-1,10,13.8,0.125,1.725
2026/08/03,„ш±г∆ч,“∆ґѓ¬нЌ∞„ш±г∆чјѕ»ЋЈјїђЈј≥ф,0 ~ 20,-0.3,0.7,-0.054,40% ~ 45%,0,3,0,0,-1,10,7,0.425,2.975
2026/08/03,„ш±г∆ч,„ш±г∆чјѕ»Ћ“∆ґѓ¬нЌ∞≈©іе,0 ~ 20,-0.4,0.42,-0.618,40% ~ 45%,1.4,3,0.55,0,-1,10,4.2,0.425,1.785
2026/08/03,„ш±г∆ч,„ш±г∆чЉ”Єяµж,0 ~ 20,-0.1,1.36,1.473,15% ~ 20%,0,1,0,0,-1,10,13.6,0.175,2.38
2026/08/03,„ш±г∆ч,ќј…ъЉдЉт“„„ш±г∆ч,0 ~ 20,0.1,0.55,-0.461,25% ~ 30%,-0.55,2,-0.55,0,-1,10,5.5,0.275,1.5125
2026/08/03,„ш±г∆ч,’џµю љ„ш±г∆ч,0 ~ 20,0.35,1.03,0.411,30% ~ 35%,1.35,2,1.05,0,-1,10,10.3,0.325,3.3475
2026/08/03,„ш±г∆ч,јѕƒк»ЋЉ“”√„ш±г∆ч,0 ~ 20,-0.15,0.96,0.412,40% ~ 45%,2.45,3,2.05,0,-1,10,9.6,0.425,4.08
2026/08/03,„ш±г∆ч,‘–ЄЊ„ш±г∆чњ…’џµю,0 ~ 20,0.35,0.82,0.155,10% ~ 15%,0,1,0,0,-1,10,8.2,0.125,1.025
2026/08/03,„ш±г∆ч,”§”„ґщ¬нЌ∞„ш±г∆ч,0 ~ 20,-0.1,0.8,0.633,25% ~ 30%,0.55,2,1.05,0,-1,10,8,0.275,2.2
2026/08/03,„ш±г∆ч,“∆ґѓ„ш±г∆чЉ“”√,0 ~ 20,0,0.69,0,30% ~ 35%,0,3,0,0,0,10,6.9,0.325,2.2425
2026/08/03,„ш±г∆ч,≈©іе„ш±г∆ч,0 ~ 20,0.25,1.21,2.667,10% ~ 15%,0,1,0,0,-1,10,12.1,0.125,1.5125
2026/08/03,„ш±г∆ч,„ш±г∆чЋЃѕд≈дЉюіу»Ђ,0 ~ 20,0.35,0.72,0.412,25% ~ 30%,1.05,2,1.05,0,-1,10,7.2,0.275,1.98
2026/08/03,„ш±г∆ч,toto„ш±г∆ч,0 ~ 20,0.25,0.74,-0.532,0% ~ 1%,0,0,0,0,0,10,7.4,0.005,0.037
2026/08/03,„ш±г∆ч,±г≥Ў„ш±г∆ч,0 ~ 20,-0.1,0.28,-0.548,0% ~ 1%,-1.05,0,-1.05,0,-1,10,2.8,0.005,0.014
2026/08/03,„ш±г∆ч,≤ї–вЄ÷„ш±г∆ч,0 ~ 20,-0.4,0.92,-0.08,10% ~ 15%,0.25,1,0,0,-1,10,9.2,0.125,1.15
2026/08/03,„ш±г∆ч,–°±¶±¶„ш±г∆ч,0 ~ 20,-0.2,1.13,0.108,10% ~ 15%,-0.45,1,-0.55,0,0,10,11.3,0.125,1.4125
2026/08/03,„ш±г∆ч,„ш±г∆чѕ¬ЋЃ√№Јв»¶,0 ~ 20,0.85,0.59,0.341,25% ~ 30%,0,1,0,0,-1,10,5.9,0.275,1.6225
2026/08/03,„ш±г∆ч,„ш±г∆чјѕ»Ћ“∆ґѓ¬нЌ∞Љт“„,0 ~ 20,-0.25,0.9,3.5,10% ~ 15%,-0.3,1,0,0,-1,10,9,0.125,1.125
2026/08/03,„ш±г∆ч,јѕƒк»Ћ¬÷“ќіш„ш±г∆ч,0 ~ 20,-0.45,0.38,-0.486,0% ~ 1%,0,0,0,0,-1,10,3.8,0.005,0.019
2026/08/03,„ш±г∆ч,‘–ЄЊ„ш±г∆чґ„њ”…с∆чњ…’џµю,0 ~ 20,0,0.42,0,0% ~ 1%,0,0,0,0,0,10,4.2,0.005,0.021
2026/08/03,„ш±г∆ч,‘–∆Џ„ш±г∆ч,0 ~ 20,0.4,0.3,0.579,25% ~ 30%,0,1,0,0,-1,10,3,0.275,0.825
2026/08/03,„ш±г∆ч,±г≈и„ш±г∆ч‘х√і”√,0 ~ 20,0.15,0.92,2.172,55% ~ 60%,0,4,0,0,0,10,9.2,0.575,5.29
2026/08/03,„ш±г∆ч,¬нЌ∞„ш±г∆чЄ«„”єћґ®≈дЉю,0 ~ 20,0.4,0.53,-0.274,0% ~ 1%,-1.05,0,-1.05,0,-1,10,5.3,0.005,0.0265
2026/08/03,„ш±г∆ч,„ш±г∆чЈјЋЃ’÷,0 ~ 20,0.4,0.68,0.545,40% ~ 45%,0.65,2,1.05,0,-1,10,6.8,0.425,2.89
2026/08/03,„ш±г∆ч,  Їѕјѕƒк»Ћµƒ„ш±г∆ч,0 ~ 20,0.4,0.74,-0.026,30% ~ 35%,0,2,0,0,0,10,7.4,0.325,2.405
2026/08/03,„ш±г∆ч,≈©іеЇµ≤ёЄƒ„ш±г∆ч,0 ~ 20,0,1.06,0,10% ~ 15%,0,1,0,0,0,10,10.6,0.125,1.325
2026/08/03,„ш±г∆ч,јѕƒк»Ћіш„ш±г∆ч¬÷“ќ,0 ~ 20,0.6,0.26,-0.544,0% ~ 1%,-1.05,0,-1.05,0,-1,10,2.6,0.005,0.013
2026/08/03,„ш±г∆ч,≤ї–вЄ÷„ш±г∆ч,0 ~ 20,-0.4,0.92,-0.08,10% ~ 15%,0.25,1,0,0,-1,10,9.2,0.125,1.15
2026/08/03,„ш±г∆ч,”Ґ ѕ–°Ї£ла„ш±г∆ч,0 ~ 20,0.15,0.94,0.679,10% ~ 15%,0,1,0,0,-1,10,9.4,0.125,1.175
2026/08/03,„ш±г∆ч,”г‘Њјѕ»Ћ„ш±г∆ч,0 ~ 20,-0.25,2.06,0.823,10% ~ 15%,0.4,1,0,0,-1,10,20.6,0.125,2.575
2026/08/03,„ш±г∆ч,“∆ґѓ љ„ш±г∆ч,0 ~ 20,-0.3,1.8,3.091,20% ~ 25%,0.65,1,0,0,-1,10,18,0.225,4.05
2026/08/03,„ш±г∆ч,¬нЌ∞„ш±г∆чЄ«„”єћґ®≈дЉю,0 ~ 20,0.4,0.53,-0.274,0% ~ 1%,-1.05,0,-1.05,0,-1,10,5.3,0.005,0.0265
2026/08/03,„ш±г∆ч,‘–ЄЊ„ш±г∆чґ„њ”…с∆чњ…’џµю,0 ~ 20,0,0.42,0,0% ~ 1%,0,0,0,0,0,10,4.2,0.005,0.021
2026/08/03,„ш±г∆ч,≥…»Ћ“∆ґѓ„ш±г∆ч,0 ~ 20,0,0.6,-0.439,25% ~ 30%,0,2,0,0,-1,10,6,0.275,1.65
2026/08/03,„ш±г∆ч,¬нЌ∞ґщЌѓ„ш±г∆ч2Ћк“‘…ѕ,0 ~ 20,-0.1,0.12,-0.914,0% ~ 1%,-1.05,0,-1.05,0,-1,10,1.2,0.005,0.006
2026/08/03,„ш±г∆ч,‘–ЄЊ„ш±г∆чґ„њ”…с∆чњ…’џµю,0 ~ 20,0,0.42,0,0% ~ 1%,0,0,0,0,0,10,4.2,0.005,0.021
2026/08/03,„ш±г∆ч,‘–∆Џ„ш±г∆ч,0 ~ 20,0.4,0.3,0.579,25% ~ 30%,0,1,0,0,-1,10,3,0.275,0.825
2026/08/03,„ш±г∆ч,≥…»Ћ“∆ґѓ„ш±г∆ч,0 ~ 20,0,0.6,-0.439,25% ~ 30%,0,2,0,0,-1,10,6,0.275,1.65
2026/08/03,„ш±г∆ч,‘–ЄЊ„ш±г∆ч“∆ґѓ¬нЌ∞,0 ~ 20,0,1.11,0,10% ~ 15%,0,1,0,0,0,10,11.1,0.125,1.3875
2026/08/03,„ш±г∆ч,≥µ‘Ў„ш±г∆ч,0 ~ 20,-0.1,0.51,-0.407,0% ~ 1%,0,0,0,0,-1,10,5.1,0.005,0.0255
2026/08/03,„ш±г∆ч,√…ƒ»јц…ѓ¬нЌ∞„ш±г∆ч,0 ~ 20,0,0.66,-0.48,0% ~ 1%,0,0,0,0,-1,10,6.6,0.005,0.033
2026/08/03,„ш±г∆ч,Ї√ЌёЌё„ш±г∆ч,0 ~ 20,-0.45,0.33,-0.108,0% ~ 1%,0,0,0,0,-1,10,3.3,0.005,0.0165
2026/08/03,„ш±г∆ч,“їће љ„ш±г∆ч,0 ~ 20,-0.2,1.1,1.895,0% ~ 1%,0,0,0,0,-1,10,11,0.005,0.055
2026/08/03,„ш±г∆ч,јѕ»Ћ “ƒЏ„ш±г∆ч,0 ~ 20,0,0.69,0,20% ~ 25%,0,1,0,0,0,10,6.9,0.225,1.5525
2026/08/03,„ш±г∆ч,≈©іеЇµ≤ёЄƒ‘м„ш±г∆ч,0 ~ 20,0.7,0.19,-0.136,0% ~ 1%,0,0,0,0,-1,10,1.9,0.005,0.0095
2026/08/03,„ш±г∆ч,„ш±г∆чЄƒґ„њ”…с∆ч,0 ~ 20,-0.3,0.36,-0.538,0% ~ 1%,0,0,0,0,-1,10,3.6,0.005,0.018
2026/08/03,„ш±г∆ч,јѕ»Ћ “ƒЏ„ш±г∆ч,0 ~ 20,0,0.69,0,20% ~ 25%,0,1,0,0,0,10,6.9,0.225,1.5525
2026/08/03,„ш±г∆ч,√…ƒ»јц…ѓ¬нЌ∞„ш±г∆ч,0 ~ 20,0,0.66,-0.48,0% ~ 1%,0,0,0,0,-1,10,6.6,0.005,0.033
2026/08/03,„ш±г∆ч,Љ”Їс„ш±г∆ч,0 ~ 20,0.15,0.29,-0.341,0% ~ 1%,0,0,0,0,0,10,2.9,0.005,0.0145
2026/08/03,„ш±г∆ч,‘–ЄЊ„ш±г∆ч“∆ґѓ¬нЌ∞,0 ~ 20,0,1.11,0,10% ~ 15%,0,1,0,0,0,10,11.1,0.125,1.3875
2026/08/03,„ш±г∆ч,Љ“”√„ш±г∆чњ…“∆ґѓ¬нЌ∞,0 ~ 20,0.15,0.5,0.25,20% ~ 25%,0,1,0,0,0,10,5,0.225,1.125
2026/08/03,„ш±г∆ч,ґ„±г∆чЄƒ„ш±г∆ч,0 ~ 20,-0.35,1.11,0.881,10% ~ 15%,0,1,0,0,0,10,11.1,0.125,1.3875
2026/08/03,„ш±г∆ч,≥µ‘Ў„ш±г∆ч,0 ~ 20,-0.1,0.51,-0.407,0% ~ 1%,0,0,0,0,-1,10,5.1,0.005,0.0255
2026/08/03,„ш±г∆ч,„ш±г∆ч∞≤»ЂЈц ÷,0 ~ 20,-0.25,0.43,-0.122,25% ~ 30%,-0.15,1,-0.55,0,-1,10,4.3,0.275,1.1825
2026/08/03,„ш±г∆ч,Ї√ЌёЌё„ш±г∆ч,0 ~ 20,-0.45,0.33,-0.108,0% ~ 1%,0,0,0,0,-1,10,3.3,0.005,0.0165
2026/08/03,„ш±г∆ч,‘–ЄЊ≤ёЋщ„ш±г∆ч,0 ~ 20,-0.2,1.5,-0.306,35% ~ 40%,-0.1,3,-0.3,0,-1,10,15,0.375,5.625
2026/08/03,„ш±г∆ч,„ш±г∆ч„ш‘°≈и,0 ~ 20,0.3,0.7,0.061,25% ~ 30%,0.8,1,0,0,-1,10,7,0.275,1.925
2026/08/03,„ш±г∆ч,„ш±г∆чµж»¶“їіќ–‘,0 ~ 20,0,1.31,0,25% ~ 30%,0,2,0,0,0,10,13.1,0.275,3.6025
2026/08/03,„ш±г∆ч,„ш±г∆чЋЃѕд«ељаЉЅ,0 ~ 20,0,1.38,0,55% ~ 60%,0,4,0,0,0,10,13.8,0.575,7.935
2026/08/03,„ш±г∆ч,≥ђ2.7ЌтіќЉ”єЇ ¬нЌ∞Є«Љ“”√Ќ®”√Љ”Їс„ш±г∆чЄ«∞е¬нЌ∞»¶u–Ќv–Ќ„щ±г„ш»¶Є«„”≈дЉюјѕ љ,0 ~ 20,0,2.47,0,40% ~ 45%,0,4,0,0,0,10,24.7,0.425,10.4975
2026/08/03,„ш±г∆ч,ќј…ъЉд„ш±г∆чЈц ÷,0 ~ 20,0.15,0.55,-0.522,10% ~ 15%,-0.6,1,-0.55,0,-1,10,5.5,0.125,0.6875
2026/08/03,„ш±г∆ч,“їіќ–‘„ш±г∆чћ„ґјЅҐ∞ь„∞,0 ~ 20,-0.15,0.58,-0.504,60% ~ 65%,0,3,-0.55,0,-1,10,5.8,0.625,3.625
2026/08/03,„ш±г∆ч,“їіќ–‘¬нЌ∞µжЉ”іу»ЂЄ≤Є«≤ъЄЊ„шµжћ„¬√––”ќ„®”√Њ∆µкґјЅҐ∞ь„∞„ш±г∆ч,0 ~ 20,0.55,0.61,-0.307,85% ~ 90%,0.45,7,0.45,0,-1,10,6.1,0.875,5.3375
2026/08/03,„ш±г∆ч,¬÷“ќ љ„ш±г∆ч,0 ~ 20,0,0.93,0,0% ~ 1%,0,0,0,0,0,10,9.3,0.005,0.0465
2026/08/03,„ш±г∆ч,‘–ЄЊЉ“”√„ш±г∆ч,0 ~ 20,0.15,0.7,-0.333,60% ~ 65%,0,3,0,0,0,10,7,0.625,4.375
2026/08/03,„ш±г∆ч,µзґѓ¬÷“ќіш„ш±г∆ч,0 ~ 20,-0.3,0.58,0.094,0% ~ 1%,0,0,0,0,-1,10,5.8,0.005,0.029
2026/08/03,„ш±г∆ч, “ƒЏ„ш±г∆ч,0 ~ 20,0,0.47,0,15% ~ 20%,0,1,0,0,0,10,4.7,0.175,0.8225
2026/08/03,„ш±г∆ч,ґ„≤ё„ш±г∆ч,0 ~ 20,-0.2,0.35,0.061,0% ~ 1%,0,0,0,0,0,10,3.5,0.005,0.0175
2026/08/03,„ш±г∆ч,”Ґ ѕґщЌѓ„ш±г∆ч,0 ~ 20,-0.2,0.64,-0.333,0% ~ 1%,-1.05,0,-1.05,0,-1,10,6.4,0.005,0.032
2026/08/03,„ш±г∆ч,јѕ»ЋЈљ±г„ш±г∆ч,0 ~ 20,0.55,0.4,-0.355,25% ~ 30%,0,1,0,0,-1,10,4,0.275,1.1
2026/08/03,„ш±г∆ч,„ш±г∆ч…ѕЈљ÷√ќпЉ№,0 ~ 20,0,0.69,0,15% ~ 20%,0,1,0,0,0,10,6.9,0.175,1.2075
2026/08/03,„ш±г∆ч,іш„ш±г∆ч¬÷“ќ,0 ~ 20,0,2.41,0,25% ~ 30%,0,1,0,0,0,10,24.1,0.275,6.6275
2026/08/03,„ш±г∆ч,Љ”Єяјѕ»Ћ„ш±г∆ч,0 ~ 20,0.15,0.56,-0.253,0% ~ 1%,-1.05,0,-1.05,0,-1,10,5.6,0.005,0.028
2026/08/03,„ш±г∆ч,јѕ»Ћ„ш±г∆ч“∆ґѓ¬нЌ∞Љ”Єя,0 ~ 20,-0.45,1.18,0.192,0% ~ 1%,-1.05,0,-1.05,0,-1,10,11.8,0.005,0.059
2026/08/03,„ш±г∆ч,¬нЌ∞‘–ЄЊ„ш±г∆ч “ƒЏ,0 ~ 20,0.55,0.59,-0.385,0% ~ 1%,-1.05,0,-1.05,0,-1,10,5.9,0.005,0.0295
2026/08/03,„ш±г∆ч,јѕ»ЋЈљ±г„ш±г∆ч,0 ~ 20,0.55,0.4,-0.355,25% ~ 30%,0,1,0,0,-1,10,4,0.275,1.1
2026/08/03,„ш±г∆ч,”Ґ ѕґщЌѓ„ш±г∆ч,0 ~ 20,-0.2,0.64,-0.333,0% ~ 1%,-1.05,0,-1.05,0,-1,10,6.4,0.005,0.032
2026/08/03,„ш±г∆ч,ґ„≤ё„ш±г∆ч,0 ~ 20,-0.2,0.35,0.061,0% ~ 1%,0,0,0,0,0,10,3.5,0.005,0.0175
2026/08/03,„ш±г∆ч,“љ‘Ї„ш±г∆ч,0 ~ 20,0,0.18,0,0% ~ 1%,0,0,0,0,0,10,1.8,0.005,0.009
2026/08/03,„ш±г∆ч,јѕ»Ћ„ш±г∆ч“∆ґѓ¬нЌ∞Љ”Єя,0 ~ 20,-0.45,1.18,0.192,0% ~ 1%,-1.05,0,-1.05,0,-1,10,11.8,0.005,0.059
2026/08/03,„ш±г∆ч,±г±г≈и±¶±¶„ш±г∆ч,0 ~ 20,0.3,1.38,1.936,40% ~ 45%,0,4,0,0,-1,10,13.8,0.425,5.865
2026/08/03,„ш±г∆ч,2Ћк±¶±¶„ш±г∆ч,0 ~ 20,0,0.97,0,25% ~ 30%,0,2,0,0,0,10,9.7,0.275,2.6675
2026/08/03,„ш±г∆ч,¬ьЅъ„ш±г∆ч,0 ~ 20,0.55,0.09,-0.471,0% ~ 1%,0,0,0,0,-1,10,0.9,0.005,0.0045
2026/08/03,„ш±г∆ч,¬÷“ќјѕ»Ћ„®”√іш„ш±г∆ч,0 ~ 20,-0.2,1.03,-0.028,0% ~ 1%,0,0,0,0,-1,10,10.3,0.005,0.0515
2026/08/03,„ш±г∆ч,„ш±г∆чЋЃѕд«ељаЉЅ,0 ~ 20,0,1.38,0,55% ~ 60%,0,4,0,0,0,10,13.8,0.575,7.935
2026/08/03,„ш±г∆ч,¬нЌ∞„ш±г∆чґщЌѓ“ЋЉ“,0 ~ 20,0,0.8,-0.456,20% ~ 25%,0,1,0,0,-1,10,8,0.225,1.8
2026/08/03,„ш±г∆ч,„ш±г∆чЄ«∞е,0 ~ 20,-0.45,4.41,0.418,20% ~ 25%,0.1,4,0,0,0,10,44.1,0.225,9.9225
2026/08/03,„ш±г∆ч,„ш±г∆ч…ѕЈљ÷√ќпЉ№,0 ~ 20,0,0.69,0,15% ~ 20%,0,1,0,0,0,10,6.9,0.175,1.2075
2026/08/03,„ш±г∆ч,“їіќ–‘¬нЌ∞µжЉ”іу»ЂЄ≤Є«≤ъЄЊ„шµжћ„¬√––”ќ„®”√Њ∆µкґјЅҐ∞ь„∞„ш±г∆ч,0 ~ 20,0.55,0.61,-0.307,85% ~ 90%,0.45,7,0.45,0,-1,10,6.1,0.875,5.3375
2026/08/03,„ш±г∆ч,ќј…ъЉд„ш±г∆чЈц ÷,0 ~ 20,0.15,0.55,-0.522,10% ~ 15%,-0.6,1,-0.55,0,-1,10,5.5,0.125,0.6875
2026/08/03,„ш±г∆ч,“їіќ–‘„ш±г∆чћ„ґјЅҐ∞ь„∞,0 ~ 20,-0.15,0.58,-0.504,60% ~ 65%,0,3,-0.55,0,-1,10,5.8,0.625,3.625
2026/08/03,„ш±г∆ч,јѕ»ЋЈљ±г„ш±г∆ч,0 ~ 20,0.55,0.4,-0.355,25% ~ 30%,0,1,0,0,-1,10,4,0.275,1.1
2026/08/03,„ш±г∆ч,Њ≈ƒЅ¬нЌ∞„ш±г∆чЉ“”√Їзќь љіу≥еЅ¶,0 ~ 20,-0.2,0.83,1.677,25% ~ 30%,0,1,0,0,-1,10,8.3,0.275,2.2825
2026/08/03,„ш±г∆ч,µзґѓ¬÷“ќіш„ш±г∆ч,0 ~ 20,-0.3,0.58,0.094,0% ~ 1%,0,0,0,0,-1,10,5.8,0.005,0.029
2026/08/03,„ш±г∆ч,“љ‘Ї„ш±г∆ч,0 ~ 20,0,0.18,0,0% ~ 1%,0,0,0,0,0,10,1.8,0.005,0.009
2026/08/03,„ш±г∆ч,¬нЌ∞‘–ЄЊ„ш±г∆ч “ƒЏ,0 ~ 20,0.55,0.59,-0.385,0% ~ 1%,-1.05,0,-1.05,0,-1,10,5.9,0.005,0.0295
2026/08/03,„ш±г∆ч,„ш±г∆ч…ѕЈљ÷√ќпЉ№,0 ~ 20,0,0.69,0,15% ~ 20%,0,1,0,0,0,10,6.9,0.175,1.2075
2026/08/03,„ш±г∆ч,іш„ш±г∆ч¬÷“ќ,0 ~ 20,0,2.41,0,25% ~ 30%,0,1,0,0,0,10,24.1,0.275,6.6275
2026/08/03,„ш±г∆ч,„ш±г∆чњ…µчљЏЄяґ»,0 ~ 20,-0.3,0.37,-0.439,0% ~ 1%,0,0,0,0,-1,10,3.7,0.005,0.0185
2026/08/03,„ш±г∆ч,јѕƒк»Ћ“ќ„”„ш±г∆ч,0 ~ 20,0,0.52,0,20% ~ 25%,0,1,0,0,0,10,5.2,0.225,1.17
2026/08/03,„ш±г∆ч,їІЌв±г–ѓ„ш±г∆ч,0 ~ 20,0.15,0.57,-0.695,0% ~ 1%,-1.05,0,-1.05,0,-1,10,5.7,0.005,0.0285
2026/08/03,„ш±г∆ч,јѕ»Ћ”√µƒ“∆ґѓ„ш±г∆ч,0 ~ 20,-0.4,0.86,-0.271,0% ~ 1%,-1.05,0,-1.05,0,0,10,8.6,0.005,0.043
2026/08/03,„ш±г∆ч,јѕ»ЋЈњЉд„ш±г∆ч,0 ~ 20,0,0.37,0,20% ~ 25%,0,1,0,0,0,10,3.7,0.225,0.8325
2026/08/03,„ш±г∆ч,„ш±г∆ч÷єїЎЈІ,0 ~ 20,0,0.51,0,0% ~ 1%,0,0,0,0,0,10,5.1,0.005,0.0255
2026/08/03,„ш±г∆ч,ћ’і…„ш±г∆ч,0 ~ 20,0,1.25,0,0% ~ 1%,0,0,0,0,0,10,12.5,0.005,0.0625
2026/08/03,„ш±г∆ч,јѕƒк»Ћ„ш±г∆ч“ќ„”’џµю,0 ~ 20,0,0.61,0,50% ~ 55%,0,3,0,0,0,10,6.1,0.525,3.2025
2026/08/03,„ш±г∆ч,їІЌв’џµю„ш±г∆ч,0 ~ 20,0,1.26,-0.171,50% ~ 55%,0.55,3,0.55,0,-1,10,12.6,0.525,6.615
2026/08/03,„ш±г∆ч,ґщЌѓ¬нЌ∞„ш±г∆ч≈Ѓ±¶±¶5Ћк,0 ~ 20,0,1.19,0,25% ~ 30%,0,2,0,0,0,10,11.9,0.275,3.2725
2026/08/03,„ш±г∆ч,Ѕг—є„ш±г∆ч,0 ~ 20,0.35,0,0,0% ~ 1%,0,0,0,0,-1,10,0,0.005,0
2026/08/03,„ш±г∆ч,„ш±г∆чЉэ≈∆,0 ~ 20,0.15,0.32,-0.467,0% ~ 1%,0,0,0,0,0,10,3.2,0.005,0.016
2026/08/03,„ш±г∆ч,Ћ…ѕ¬„ш±г∆ч,0 ~ 20,0.15,0.55,-0.45,0% ~ 1%,0,0,0,0,-1,10,5.5,0.005,0.0275
2026/08/03,„ш±г∆ч,јѕ»Ћ„ш±г∆ч“∆ґѓµ „”,0 ~ 20,0,1.61,0,20% ~ 25%,0,1,0,0,0,10,16.1,0.225,3.6225
2026/08/03,„ш±г∆ч,їІЌв±г–ѓ„ш±г∆ч,0 ~ 20,0.15,0.57,-0.695,0% ~ 1%,-1.05,0,-1.05,0,-1,10,5.7,0.005,0.0285
2026/08/03,„ш±г∆ч,„ш±г∆ч¬нЌ∞Љ“”√–°їІ–Ќ,0 ~ 20,-0.35,0.55,-0.486,0% ~ 1%,-1.05,0,-1.05,0,-1,10,5.5,0.005,0.0275
2026/08/03,„ш±г∆ч,„ш±г∆чЈ®јЉ»¶,0 ~ 20,0,0.58,0,0% ~ 1%,0,0,0,0,0,10,5.8,0.005,0.029
2026/08/03,„ш±г∆ч,≈©іеЇµ≤ё„ш±г∆ч¬нЌ∞Є«,0 ~ 20,-0.15,0.76,0.013,30% ~ 35%,-0.35,1,-0.55,0,-1,10,7.6,0.325,2.47
2026/08/03,„ш±г∆ч,“љ”√¬нЌ∞„ш±г∆ч,0 ~ 20,-0.4,0.42,-0.276,15% ~ 20%,0.55,1,0,0,-1,10,4.2,0.175,0.735
2026/08/03,„ш±г∆ч,ґщЌѓ–°¬нЌ∞„ш±г∆ч,0 ~ 20,-0.4,0.36,-0.345,0% ~ 1%,-1.05,0,-1.05,0,0,10,3.6,0.005,0.018
2026/08/03,„ш±г∆ч,Ј≈÷«ƒ№¬нЌ∞…ѕµƒґщЌѓ„ш±г∆ч,0 ~ 20,-0.3,0.58,-0.532,40% ~ 45%,0,2,0,0,-1,10,5.8,0.425,2.465
2026/08/03,„ш±г∆ч,¬нЌ∞„ш±г∆чµж»¶,0 ~ 20,0.15,0.31,-0.652,0% ~ 1%,-1.05,0,-1.05,0,0,10,3.1,0.005,0.0155
2026/08/03,„ш±г∆ч,„ш±г∆ч≥еѕі≈зЌЈ,0 ~ 20,0,0.71,0,20% ~ 25%,0,1,0,0,0,10,7.1,0.225,1.5975
2026/08/03,„ш±г∆ч,¬ьЅъґщЌѓ¬нЌ∞„ш±г∆ч,0 ~ 20,0.35,0.7,0.489,10% ~ 15%,-0.65,1,0,0,-1,10,7,0.125,0.875
2026/08/03,„ш±г∆ч,јѕ»Ћ¬÷“ќ„ш±г∆ч“∆ґѓ¬нЌ∞,0 ~ 20,0,1,0,0% ~ 1%,0,0,0,0,0,10,10,0.005,0.05
2026/08/03,„ш±г∆ч,„ш±г∆ч≥еѕі∆ч,0 ~ 20,-0.55,0.5,0.111,0% ~ 1%,-1.05,0,-1.05,0,-1,10,5,0.005,0.025
2026/08/03,„ш±г∆ч,Ѕг—є„ш±г∆ч,0 ~ 20,0.35,0,0,0% ~ 1%,0,0,0,0,-1,10,0,0.005,0
2026/08/03,„ш±г∆ч,≈©іеЇµ≤ё„ш±г∆ч¬нЌ∞Є«,0 ~ 20,-0.15,0.76,0.013,30% ~ 35%,-0.35,1,-0.55,0,-1,10,7.6,0.325,2.47
2026/08/03,„ш±г∆ч,јѕƒк»Ћ“ќ„”„ш±г∆ч,0 ~ 20,0,0.52,0,20% ~ 25%,0,1,0,0,0,10,5.2,0.225,1.17
2026/08/03,„ш±г∆ч,ґ„±г„ш±г∆ч,0 ~ 20,0,0.86,0,20% ~ 25%,0,1,0,0,0,10,8.6,0.225,1.935
2026/08/03,„ш±г∆ч,ґщЌѓ„ш±г∆чјђїшіь,0 ~ 20,-0.15,0.63,-0.1,10% ~ 15%,-0.7,1,-0.7,0,-1,10,6.3,0.125,0.7875
2026/08/03,„ш±г∆ч,„ш±г∆ч≥…»Ћ,0 ~ 20,-0.45,0.32,-0.6,0% ~ 1%,0,0,0,0,-1,10,3.2,0.005,0.016
2026/08/03,„ш±г∆ч,јѕƒк»Ћ„ш±г∆ч“ќ„”’џµю,0 ~ 20,0,0.61,0,50% ~ 55%,0,3,0,0,0,10,6.1,0.525,3.2025
2026/08/03,„ш±г∆ч,Ј≈÷«ƒ№¬нЌ∞…ѕµƒґщЌѓ„ш±г∆ч,0 ~ 20,-0.3,0.58,-0.532,40% ~ 45%,0,2,0,0,-1,10,5.8,0.425,2.465
2026/08/03,„ш±г∆ч,„ш±г∆чЅђљ”є№,0 ~ 20,-0.25,0.57,-0.486,30% ~ 35%,0,1,-0.55,0,-1,10,5.7,0.325,1.8525
2026/08/03,„ш±г∆ч,”§ґщј≠ Ї„ш±г∆ч,0 ~ 20,0,0.59,0,20% ~ 25%,0,1,0,0,0,10,5.9,0.225,1.3275
2026/08/03,„ш±г∆ч,„ш±г∆чјѕ»Ћ“∆ґѓ¬нЌ∞ішЈц ÷,0 ~ 20,0.15,0.56,-0.2,20% ~ 25%,0,1,0,0,-1,10,5.6,0.225,1.26
2026/08/03,„ш±г∆ч,їІЌв±г–ѓ„ш±г∆ч,0 ~ 20,0.15,0.57,-0.695,0% ~ 1%,-1.05,0,-1.05,0,-1,10,5.7,0.005,0.0285
2026/08/03,„ш±г∆ч,јѕ»Ћ¬÷“ќ„ш±г∆ч“∆ґѓ¬нЌ∞,0 ~ 20,0,1,0,0% ~ 1%,0,0,0,0,0,10,10,0.005,0.05
2026/08/03,„ш±г∆ч,„ш±г∆ч«ељаіь,0 ~ 20,0,0.78,0,50% ~ 55%,0,3,0,0,0,10,7.8,0.525,4.095
2026/08/03,„ш±г∆ч,√®¬нЌ∞„ш±г∆ч,0 ~ 20,0.15,0.61,0.173,15% ~ 20%,0,1,0,0,-1,10,6.1,0.175,1.0675
2026/08/03,„ш±г∆ч,–°¬нЌ∞ƒ–±¶±¶„ш±г∆ч,0 ~ 20,0,1.22,4.083,30% ~ 35%,0,1,0,0,0,10,12.2,0.325,3.965
2026/08/03,„ш±г∆ч,¬нЌ∞„ш±г∆чµж»¶,0 ~ 20,0.15,0.31,-0.652,0% ~ 1%,-1.05,0,-1.05,0,0,10,3.1,0.005,0.0155
2026/08/03,„ш±г∆ч,јѕ»Ћ„ш±г∆ч“∆ґѓ¬нЌ∞Љ”Їс,0 ~ 20,0,1.45,0,20% ~ 25%,0,1,0,0,0,10,14.5,0.225,3.2625
2026/08/03,„ш±г∆ч,„ш±г∆чЈ®јЉ»¶,0 ~ 20,0,0.58,0,0% ~ 1%,0,0,0,0,0,10,5.8,0.005,0.029
2026/08/03,„ш±г∆ч,„ш±г∆ч“∆ќїЈ®јЉ,0 ~ 20,0,0.74,0,10% ~ 15%,0,1,0,0,0,10,7.4,0.125,0.925
2026/08/03,„ш±г∆ч,”§ґщЌѓ¬нЌ∞„ш±г∆ч,0 ~ 20,0,1.18,0,40% ~ 45%,0,2,0,0,0,10,11.8,0.425,5.015
2026/08/02,„ш±г∆ч,„ш±г∆чЋ—Ћчі ,2500 ~ 5000,-0.05,0.52,-0.054,10% ~ 15%,-0.05,100 ~ 250,0.05,0.06,0,3750,1950,0.125,243.75
2026/08/02,„ш±г∆ч,¬нЌ∞„ш±г∆чґщЌѓ,1200 ~ 2500,0.15,0.89,-0.022,20% ~ 25%,-0.1,100 ~ 250,0.1,0.28,0.12,1850,1646.5,0.225,370.4625
2026/08/02,„ш±г∆ч,„ш±г∆чјѕ»Ћ“∆ґѓ¬нЌ∞,600 ~ 1200,0.1,0.78,-0.06,15% ~ 20%,0.05,100 ~ 250,0.1,0.24,0.043,900,702,0.175,122.85
2026/08/02,„ш±г∆ч,јѕ»Ћ„ш±г∆ч,600 ~ 1200,0.05,0.92,0.058,25% ~ 30%,0.05,100 ~ 250,0.05,0.1,0,900,828,0.275,227.7
2026/08/02,„ш±г∆ч,„ш±г∆ч¬нЌ∞,600 ~ 1200,0.1,0.58,-0.079,7.5% ~ 10%,0.25,10 ~ 50,0.2,0.02,1,900,522,0.087,45.414
2026/08/02,„ш±г∆ч,ґщЌѓ„ш±г∆ч,600 ~ 1200,0.1,0.78,-0.196,20% ~ 25%,-0.1,50 ~ 100,-0.05,0.1,0.111,900,702,0.225,157.95
2026/08/02,„ш±г∆ч,јѕ»Ћ“∆ґѓ¬нЌ∞„ш±г∆ч,600 ~ 1200,-0.05,0.78,-0.143,15% ~ 20%,-0.15,50 ~ 100,-0.15,0.14,0,900,702,0.175,122.85
2026/08/02,„ш±г∆ч,„ш±г∆ч¬нЌ∞Љ“”√,300 ~ 600,0.15,0.64,0,5% ~ 7.5%,0.35,10 ~ 50,0.55,0.03,0,450,288,0.062,17.856
2026/08/02,„ш±г∆ч,¬нЌ∞„ш±г∆ч“∆ґѓјѕ»Ћ,300 ~ 600,-0.1,0.8,-0.101,15% ~ 20%,0.4,50 ~ 100,0.3,0.1,-0.091,450,360,0.175,63
2026/08/02,„ш±г∆ч,¬нЌ∞„ш±г∆чЉ“”√,300 ~ 600,0.15,0.58,0,7.5% ~ 10%,-0.05,10 ~ 50,0.1,0.02,0,450,261,0.087,22.707
2026/08/02,„ш±г∆ч,„ш±г∆ч≈дЉюіу»Ђ,300 ~ 600,0.15,0.69,-0.127,25% ~ 30%,-0.05,50 ~ 100,0.05,0.37,0.121,450,310.5,0.275,85.3875
2026/08/02,„ш±г∆ч,¬нЌ∞ґщЌѓ„ш±г∆ч,300 ~ 600,-0.05,0.98,-0.02,25% ~ 30%,-0.1,50 ~ 100,-0.1,0.07,0,450,441,0.275,121.275
2026/08/02,„ш±г∆ч,‘–ЄЊ„ш±г∆ч,300 ~ 600,0.15,0.76,-0.038,20% ~ 25%,-0.1,10 ~ 50,0.1,0.06,0.2,450,342,0.225,76.95
2026/08/02,„ш±г∆ч,„ш±г∆чґ„њ”…с∆ч,300 ~ 600,0.2,0.63,-0.292,15% ~ 20%,-0.1,10 ~ 50,0.15,0.11,0.222,450,283.5,0.175,49.6125
2026/08/02,„ш±г∆ч,ґщЌѓ¬нЌ∞„ш±г∆ч≈Ѓ±¶±¶,300 ~ 600,0.1,0.92,-0.124,25% ~ 30%,0.15,50 ~ 100,0.15,0.25,0.087,450,414,0.275,113.85
2026/08/02,„ш±г∆ч,јѕƒк»Ћ„ш±г∆ч“ќ„”,300 ~ 600,0.15,0.78,0.026,15% ~ 20%,0.05,10 ~ 50,0.2,0.89,0.113,450,351,0.175,61.425
2026/08/02,„ш±г∆ч,јѕ»Ћ“∆ґѓ„ш±г∆ч,300 ~ 600,0.25,0.79,-0.071,20% ~ 25%,0.55,10 ~ 50,0.7,0.07,0.167,450,355.5,0.225,79.9875
2026/08/02,„ш±г∆ч,ґщЌѓ¬нЌ∞„ш±г∆чƒ–Ќѓ,300 ~ 600,-0.05,0.98,0.167,25% ~ 30%,-0.2,50 ~ 100,-0.15,1.89,-0.005,450,441,0.275,121.275
2026/08/02,„ш±г∆ч,јѕ»Ћ„ш±г∆ч“∆ґѓ¬нЌ∞,300 ~ 600,0.25,0.77,-0.049,15% ~ 20%,0.1,10 ~ 50,0.35,0.07,0.167,450,346.5,0.175,60.6375
2026/08/02,„ш±г∆ч,јѕ»Ћ„ш±г∆ч¬нЌ∞“ќ„”Љ“”√,150 ~ 300,0.05,0.83,0.012,15% ~ 20%,0.15,10 ~ 50,0.3,0.51,0.041,225,186.75,0.175,32.6812
2026/08/02,„ш±г∆ч,±¶±¶„ш±г∆ч,150 ~ 300,0.05,0.86,-0.055,15% ~ 20%,-0.45,10 ~ 50,-0.45,0.05,0,225,193.5,0.175,33.8625
2026/08/02,„ш±г∆ч,÷«ƒ№¬нЌ∞„ш±г∆ч,150 ~ 300,0.05,0.46,-0.333,1% ~ 2.5%,0.9,2,1.05,0.03,0,225,103.5,0.018,1.863
2026/08/02,„ш±г∆ч,≈©іеЇµ≤ё„ш±г∆ч,150 ~ 300,0.15,0.65,0.161,10% ~ 15%,0.1,10 ~ 50,0.35,0.18,0.125,225,146.25,0.125,18.2812
2026/08/02,„ш±г∆ч,¬нЌ∞‘–ЄЊ„ш±г∆ч,150 ~ 300,0.05,0.81,-0.047,15% ~ 20%,-0.4,10 ~ 50,-0.35,0.04,0,225,182.25,0.175,31.8937
2026/08/02,„ш±г∆ч,“∆ґѓ¬нЌ∞„ш±г∆чјѕ»Ћ,150 ~ 300,0.05,0.81,0.141,10% ~ 15%,-0.3,10 ~ 50,-0.25,0.05,0,225,182.25,0.125,22.7812
2026/08/02,„ш±г∆ч,ґщЌѓ¬нЌ∞„ш±г∆ч,150 ~ 300,-0.1,0.76,-0.165,20% ~ 25%,-0.2,10 ~ 50,-0.25,0.04,0,225,171,0.225,38.475
2026/08/02,„ш±г∆ч,„ш±г∆чґщЌѓ,150 ~ 300,0.2,0.9,-0.053,20% ~ 25%,0.3,10 ~ 50,0.35,0.03,0,225,202.5,0.225,45.5625
2026/08/02,„ш±г∆ч,„ш±г∆чµж»¶,150 ~ 300,0.25,0.75,0.136,40% ~ 45%,-0.1,10 ~ 50,0.1,0.07,0.167,225,168.75,0.425,71.7188
2026/08/02,„ш±г∆ч,јѕƒк»Ћ¬нЌ∞„ш±г∆чњ…“∆ґѓ,150 ~ 300,0.25,0.94,0.106,15% ~ 20%,1.8,10 ~ 50,2.45,0.23,0.211,225,211.5,0.175,37.0125
2026/08/02,„ш±г∆ч,јѕƒк»Ћ„ш±г∆ч“∆ґѓ¬нЌ∞,150 ~ 300,0,0.75,-0.074,20% ~ 25%,0.15,10 ~ 50,0,0.11,0,225,168.75,0.225,37.9688
2026/08/02,„ш±г∆ч,Љ“”√ љ„ш±г∆ч,150 ~ 300,0.05,0.56,-0.097,10% ~ 15%,-0.3,3,-0.3,0.02,0,225,126,0.125,15.75
2026/08/02,„ш±г∆ч,±г–ѓ љ„ш±г∆ч,150 ~ 300,0.2,0.61,-0.247,15% ~ 20%,0.2,10 ~ 50,0.55,0.06,0.2,225,137.25,0.175,24.0187
2026/08/02,„ш±г∆ч,¬нЌ∞ґщЌѓ„ш±г∆ч3Ћк“‘…ѕ,150 ~ 300,-0.05,0.98,-0.117,20% ~ 25%,-0.2,10 ~ 50,-0.25,7.59,-0.029,225,220.5,0.225,49.6125
2026/08/02,„ш±г∆ч,јѕ»Ћ±г–ѓ љ„ш±г∆ч,150 ~ 300,0.25,0.91,-0.18,25% ~ 30%,0.4,10 ~ 50,0.55,0.1,0.25,225,204.75,0.275,56.3063
2026/08/02,„ш±г∆ч,–°ЇҐ¬нЌ∞„ш±г∆ч,50 ~ 150,0.35,0.74,-0.229,25% ~ 30%,-0.05,10 ~ 50,0.4,0.06,0.5,100,74,0.275,20.35
2026/08/02,„ш±г∆ч,јѕ»Ћ¬нЌ∞„ш±г∆чњ…“∆ґѓ,50 ~ 150,-0.25,0.75,-0.062,15% ~ 20%,0.2,10 ~ 50,0.1,0.07,-0.222,100,75,0.175,13.125
2026/08/02,„ш±г∆ч,„ш±г∆чЉ“”√,50 ~ 150,-0.2,0.51,-0.136,10% ~ 15%,0.9,8,1.05,0.01,0,100,51,0.125,6.375
2026/08/02,„ш±г∆ч,Їµ≤ё„ш±г∆ч≈©іе,50 ~ 150,0.2,0.55,-0.191,10% ~ 15%,0.55,7,0.45,0.1,0.111,100,55,0.125,6.875
2026/08/02,„ш±г∆ч,≥…»Ћ„ш±г∆чЉ“”√,50 ~ 150,-0.05,0.73,-0.076,15% ~ 20%,-0.2,10 ~ 50,-0.2,0.08,0,100,73,0.175,12.775
2026/08/02,„ш±г∆ч,¬нЌ∞„ш±г∆ч,50 ~ 150,0.1,0.68,0.062,2.5% ~ 5%,-0.8,2,-0.75,0,0,100,68,0.037,2.516
2026/08/02,„ш±г∆ч,„ш±г∆ч‘–ЄЊ„®”√,50 ~ 150,0.1,0.99,-0.116,20% ~ 25%,-0.1,10 ~ 50,-0.15,0.3,0.035,100,99,0.225,22.275
2026/08/02,„ш±г∆ч,≤°»Ћ¬нЌ∞„ш±г∆ч,50 ~ 150,0.35,0.76,0.246,10% ~ 15%,-0.2,7,0,0.03,0,100,76,0.125,9.5
2026/08/02,„ш±г∆ч,‘–ЄЊ¬нЌ∞„ш±г∆ч,50 ~ 150,0.05,0.87,0.061,10% ~ 15%,-0.25,10 ~ 50,-0.25,0.02,0,100,87,0.125,10.875
2026/08/02,„ш±г∆ч,±¶±¶¬нЌ∞„ш±г∆ч≈Ѓ±¶,50 ~ 150,0.4,1.04,-0.037,15% ~ 20%,-0.55,10 ~ 50,-0.35,1.46,0.39,100,104,0.175,18.2
2026/08/02,„ш±г∆ч,Їµ≤ё„ш±г∆ч,50 ~ 150,0.2,0.55,0.17,7.5% ~ 10%,-0.3,5,0,0.06,0.2,100,55,0.087,4.785
2026/08/02,„ш±г∆ч,ґ„њ”„ш±г∆ч,50 ~ 150,0.2,0.68,-0.105,10% ~ 15%,0.2,7,0.8,0.01,0,100,68,0.125,8.5
2026/08/02,„ш±г∆ч,„ш±г∆чЋЃѕд≈дЉю,50 ~ 150,-0.05,0.61,-0.09,20% ~ 25%,-0.25,10 ~ 50,-0.25,0.02,0,100,61,0.225,13.725
2026/08/02,„ш±г∆ч,Љт“„„ш±г∆ч,50 ~ 150,-0.05,0.62,-0.253,10% ~ 15%,-0.45,8,-0.55,0.08,0,100,62,0.125,7.75
2026/08/02,„ш±г∆ч,Љт“„¬нЌ∞„ш±г∆чјѕ»Ћ,50 ~ 150,0.35,0.65,-0.145,10% ~ 15%,-0.1,10 ~ 50,0.15,0.15,0.25,100,65,0.125,8.125
2026/08/02,„ш±г∆ч,ќј…ъЉд„ш±г∆ч,50 ~ 150,0.2,0.61,-0.129,10% ~ 15%,-0.6,4,-0.55,0.02,1,100,61,0.125,7.625
2026/08/02,„ш±г∆ч,„ш±г∆ч¬нЌ∞Є«,50 ~ 150,-0.05,0.95,0.033,35% ~ 40%,0.95,10 ~ 50,0.8,0,-1,100,95,0.375,35.625
2026/08/02,„ш±г∆ч,Њ≈ƒЅіу≥еЅ¶„ш±г∆ч,50 ~ 150,0.5,0.03,0,0% ~ 1%,0,0,0,0,-1,100,3,0.005,0.015
2026/08/02,„ш±г∆ч,„ш±г∆чјѕ»Ћ„®”√,50 ~ 150,0.55,0.9,0.475,10% ~ 15%,-0.4,5,0,0,-1,100,90,0.125,11.25
2026/08/02,„ш±г∆ч,„ш±г∆чЈц ÷Љ№јѕ»ЋЉ“”√,50 ~ 150,0.05,0.77,-0.072,10% ~ 15%,-0.1,7,-0.15,0,-1,100,77,0.125,9.625
2026/08/02,„ш±г∆ч,÷«ƒ№¬нЌ∞“їће љ»Ђ„‘ґѓ„ш±г∆ч≥еѕіЇжЄ…,50 ~ 150,0.05,0.39,-0.409,0% ~ 1%,-1.05,0,-1.05,0,-1,100,39,0.005,0.195
2026/08/02,„ш±г∆ч,ґщЌѓ¬нЌ∞„ш±г∆чƒ–±¶±¶„®”√,50 ~ 150,0.05,0.93,-0.021,20% ~ 25%,0.05,10 ~ 50,0.3,0,-1,100,93,0.225,20.925
2026/08/02,„ш±г∆ч, јЉЌ±¶±і„ш±г∆ч,50 ~ 150,-0.1,1.14,0.2,2.5% ~ 5%,-0.05,2,0,0,-1,100,114,0.037,4.218
2026/08/02,„ш±г∆ч,„ш±г∆ч…ѕіҐќпЉ№,50 ~ 150,0.45,0.74,-0.119,10% ~ 15%,-0.4,6,-0.15,0,-1,100,74,0.125,9.25
2026/08/02,„ш±г∆ч,њ…“∆ґѓ¬нЌ∞„ш±г∆ч,50 ~ 150,-0.05,0.94,-0.113,20% ~ 25%,0.45,10 ~ 50,0.65,0,-1,100,94,0.225,21.15
2026/08/02,„ш±г∆ч,‘–ЄЊ„ш±г∆чґ„њ”…с∆ч,50 ~ 150,0.05,0.7,-0.067,15% ~ 20%,0.25,8,0.15,0,-1,100,70,0.175,12.25
2026/08/02,„ш±г∆ч,‘–ЄЊ„ш±г∆чґ„њ”…с∆ч,50 ~ 150,0.05,0.7,-0.067,15% ~ 20%,0.25,8,0.15,0,-1,100,70,0.175,12.25
2026/08/02,„ш±г∆ч,≥…»Ћ“∆ґѓ¬нЌ∞„ш±г∆ч,50 ~ 150,-0.05,0.69,-0.148,5% ~ 7.5%,-0.75,3,-0.8,0,-1,100,69,0.062,4.278
2026/08/02,„ш±г∆ч,јѕ»Ћ„ш±г∆чµЏ“ї√ы,50 ~ 150,0.15,0.6,-0.13,7.5% ~ 10%,-0.6,3,-0.7,0,-1,100,60,0.087,5.22
2026/08/02,„ш±г∆ч,ґщЌѓ¬нЌ∞„ш±г∆чµж»¶,50 ~ 150,-0.3,1.05,0.061,20% ~ 25%,-0.35,10 ~ 50,-0.5,0,-1,100,105,0.225,23.625
2026/08/02,„ш±г∆ч,–¬њо„ш±г∆ч,50 ~ 150,0.45,0.66,-0.029,10% ~ 15%,-0.4,5,-0.2,0,-1,100,66,0.125,8.25
2026/08/02,„ш±г∆ч,≥…»Ћ“∆ґѓ¬нЌ∞„ш±г∆чіуЇ≈,50 ~ 150,0.35,0.8,-0.012,10% ~ 15%,-0.55,5,-0.4,0,-1,100,80,0.125,10
2026/08/02,„ш±г∆ч,„ш±г∆чµ „”,50 ~ 150,0.3,0.93,0.431,25% ~ 30%,3.5,10 ~ 50,4.55,0,-1,100,93,0.275,25.575
2026/08/02,„ш±г∆ч,Љ“”√¬нЌ∞„ш±г∆ч,50 ~ 150,0.1,0.58,-0.256,5% ~ 7.5%,0,2,0,0,0,100,58,0.062,3.596
2026/08/02,„ш±г∆ч,„ш±г∆ч Ѓіу∆Ј≈∆,50 ~ 150,0.25,0.46,-0.432,2.5% ~ 5%,-0.85,1,-0.85,0,-1,100,46,0.037,1.702
2026/08/02,„ш±г∆ч,Љ“”√јѕ»Ћ„ш±г∆чњ…“∆ґѓ¬нЌ∞,50 ~ 150,0.15,0.57,-0.219,10% ~ 15%,-0.6,5,-0.45,0,-1,100,57,0.125,7.125
2026/08/02,„ш±г∆ч,„ш±г∆ч‘х√іЄƒ≥…ґ„±г∆ч,50 ~ 150,0.65,0.43,-0.306,0% ~ 1%,0,0,0,0,0,100,43,0.005,0.215
2026/08/02,„ш±г∆ч,”§ґщ„ш±г∆ч,50 ~ 150,0.2,0.78,-0.082,25% ~ 30%,0.7,10 ~ 50,0.7,0,-1,100,78,0.275,21.45
2026/08/02,„ш±г∆ч,Љ“”√„ш±г∆ч,50 ~ 150,-0.25,0.6,-0.355,25% ~ 30%,0.8,9,0.55,0,0,100,60,0.275,16.5
2026/08/02,„ш±г∆ч,±¶±¶„ш±г∆чƒ–±¶,50 ~ 150,0,0.85,-0.124,20% ~ 25%,0.1,9,0.15,0,-1,100,85,0.225,19.125
2026/08/02,„ш±г∆ч,–°ЇҐ„”¬нЌ∞„ш±г∆ч,50 ~ 150,0.05,0.53,-0.264,20% ~ 25%,-0.15,6,-0.45,0,-1,100,53,0.225,11.925
2026/08/02,„ш±г∆ч,±¶±¶„ш±г∆ч≈Ѓ±¶,50 ~ 150,-0.25,0.98,-0.084,15% ~ 20%,0.65,7,0.2,0,-1,100,98,0.175,17.15
2026/08/02,„ш±г∆ч,Љт“„¬нЌ∞„ш±г∆ч,50 ~ 150,0.1,0.74,-0.039,30% ~ 35%,0.2,10 ~ 50,0.25,0,-1,100,74,0.325,24.05
2026/08/02,„ш±г∆ч,„ш±г∆чЉ“”√јѕ»Ћ,50 ~ 150,0.2,0.91,0.123,20% ~ 25%,1.95,8,3.05,0,-1,100,91,0.225,20.475
2026/08/02,„ш±г∆ч,ґщЌѓґ„њ”„ш±г∆ч,50 ~ 150,0.2,0.8,0.194,20% ~ 25%,0.65,10 ~ 50,1.05,0,-1,100,80,0.225,18
2026/08/02,„ш±г∆ч,ґщЌѓ„ш±г∆ч≈ЃЇҐ,50 ~ 150,-0.15,1.04,0,20% ~ 25%,0.05,10 ~ 50,0.1,0,-1,100,104,0.225,23.4
2026/08/02,„ш±г∆ч,Ј≈¬нЌ∞…ѕµƒґщЌѓ„ш±г∆ч,50 ~ 150,0.2,1.18,0.372,15% ~ 20%,-0.3,8,0,0,-1,100,118,0.175,20.65
2026/08/02,„ш±г∆ч,јѕ»Ћ„ш±г∆ч„ш±г“ќ,50 ~ 150,0.4,0.65,-0.253,25% ~ 30%,0.3,9,0.85,0,-1,100,65,0.275,17.875
2026/08/02,„ш±г∆ч,ґщЌѓ„ш±г∆ч≈ЃЇҐ,50 ~ 150,-0.15,1.04,0,20% ~ 25%,0.05,10 ~ 50,0.1,0,-1,100,104,0.225,23.4
2026/08/02,„ш±г∆ч,Љ“”√јѕ»Ћ„ш±г∆чњ…“∆ґѓ¬нЌ∞ “ƒЏ,50 ~ 150,-0.15,0.58,-0.517,10% ~ 15%,-0.5,4,-0.55,0,-1,100,58,0.125,7.25
2026/08/02,„ш±г∆ч,ґщЌѓ¬нЌ∞„ш±г∆ч6Ћк“‘…ѕ,50 ~ 150,-0.15,0.68,-0.409,20% ~ 25%,0.05,8,0,0,-1,100,68,0.225,15.3
2026/08/02,„ш±г∆ч,ґ„±г…ѕµƒ„ш±г∆ч,50 ~ 150,0.1,0.73,-0.215,15% ~ 20%,0.1,6,0.25,0,-1,100,73,0.175,12.775
2026/08/02,„ш±г∆ч,ґщЌѓ„ш±г∆ч¬нЌ∞»¶,50 ~ 150,-0.15,0.99,-0.066,20% ~ 25%,-0.05,9,0,0,-1,100,99,0.225,22.275
2026/08/02,„ш±г∆ч,„ш±г∆чµ„≤њ√№ЈвљЇ,50 ~ 150,-0.05,0.99,0.165,35% ~ 40%,-0.3,10 ~ 50,-0.15,0,-1,100,99,0.375,37.125
2026/08/02,„ш±г∆ч,јѕƒк»Ћ„ш±г∆ч,50 ~ 150,0.1,0.94,0.567,15% ~ 20%,0.9,6,1.05,0,-1,100,94,0.175,16.45
2026/08/02,„ш±г∆ч,±г–ѓ љ„ш±г∆чњ…’џµю,50 ~ 150,0.05,0.76,-0.165,15% ~ 20%,-0.35,6,-0.35,0,-1,100,76,0.175,13.3
2026/08/02,„ш±г∆ч,“∆ґѓ„ш±г∆ч,50 ~ 150,0,0.76,-0.013,10% ~ 15%,0.55,4,0.35,0,-1,100,76,0.125,9.5
2026/08/02,„ш±г∆ч,±г–ѓ љ„ш±г∆чњ…’џµю,50 ~ 150,0.05,0.76,-0.165,15% ~ 20%,-0.35,6,-0.35,0,-1,100,76,0.175,13.3
2026/08/02,„ш±г∆ч,»Ђ„‘ґѓ÷«ƒ№„ш±г∆ч,50 ~ 150,0.3,0.57,0.5,0% ~ 1%,0,0,0,0,-1,100,57,0.005,0.285
2026/08/02,„ш±г∆ч,Љ“”√ќј…ъЉд„ш±г∆ч,50 ~ 150,0.2,0.47,-0.096,2.5% ~ 5%,-0.1,1,0,0,-1,100,47,0.037,1.739
2026/08/02,„ш±г∆ч,≈Ѓ њ„ш±г∆ч,50 ~ 150,-0.25,0.65,-0.084,10% ~ 15%,-0.65,3,-0.6,0,-1,100,65,0.125,8.125
2026/08/02,„ш±г∆ч,–°≈у”—¬нЌ∞„ш±г∆ч,50 ~ 150,0.4,0.75,-0.128,15% ~ 20%,-0.25,6,-0.15,0,-1,100,75,0.175,13.125
2026/08/02,„ш±г∆ч,±г≈и„ш±г∆ч,50 ~ 150,-0.15,0.66,-0.143,5% ~ 7.5%,-0.4,2,-0.35,0,0,100,66,0.062,4.092
2026/08/02,„ш±г∆ч,¬нЌ∞ѕыґЊ…±Њъ≈зќнќј…ъЉд„ш±г∆ч,50 ~ 150,0.15,0.79,-0.177,30% ~ 35%,-0.35,10 ~ 50,-0.1,0,-1,100,79,0.325,25.675
2026/08/02,„ш±г∆ч,¬÷“ќіш„ш±г∆ч,50 ~ 150,0,1,-0.038,7.5% ~ 10%,-0.5,3,-0.45,0,-1,100,100,0.087,8.7
2026/08/02,„ш±г∆ч,–°ЇҐ„ш±г∆ч,50 ~ 150,-0.15,0.82,0,25% ~ 30%,1.1,9,0.85,0,-1,100,82,0.275,22.55
2026/08/02,„ш±г∆ч,јѕ»Ћ„ш±г∆ч“∆ґѓ¬нЌ∞ѕі‘иЅљ”√,20 ~ 50,-0.2,0.72,-0.242,2.5% ~ 5%,-0.4,1,-0.55,0.64,-0.147,35,25.2,0.037,0.9324
2026/08/02,„ш±г∆ч,јѕ»Ћ„ш±г∆ч¬нЌ∞“ќ„”Љ“”√≈©іејќєћ–Ќ,20 ~ 50,0,0.86,-0.075,20% ~ 25%,1.7,6,2.05,6.13,0,35,30.1,0.225,6.7725
2026/08/02,„ш±г∆ч,‘–ЄЊµ „”„ш±г∆ч,20 ~ 50,0.3,1.17,0.377,30% ~ 35%,1.3,9,2.05,0.05,0.25,35,40.95,0.325,13.3087
2026/08/02,„ш±г∆ч,¬нЌ∞„ш±г∆чµ„≤њєћґ®љЇ,20 ~ 50,-0.2,1.2,0.25,40% ~ 45%,0.05,10 ~ 50,-0.2,0.18,-0.217,35,42,0.425,17.85
2026/08/02,„ш±г∆ч,±¶±¶ј≠ Ї„ш±г∆ч,20 ~ 50,0.25,0.76,-0.05,25% ~ 30%,-0.3,9,0.15,0.15,0.154,35,26.6,0.275,7.315
2026/08/02,„ш±г∆ч,ћµ”џ„ш±г∆ч,20 ~ 50,0.05,0.88,0.011,2.5% ~ 5%,-0.9,1,-0.9,0.01,0,35,30.8,0.037,1.1396
2026/08/02,„ш±г∆ч,Ј≈‘Џ¬нЌ∞…ѕµƒґщЌѓ„ш±г∆ч,20 ~ 50,0.1,1.14,0.425,15% ~ 20%,-0.5,7,-0.4,1,0.064,35,39.9,0.175,6.9825
2026/08/02,„ш±г∆ч,јѕƒк»Ћ„®”√„ш±г∆ч,20 ~ 50,0.3,0.66,-0.436,10% ~ 15%,0.95,4,3.05,0.17,0.308,35,23.1,0.125,2.8875
2026/08/02,„ш±г∆ч,“їіќ–‘¬нЌ∞„ш±г∆ч,20 ~ 50,0.1,0.4,-0.429,25% ~ 30%,0.1,4,-0.25,0.02,0,35,14,0.275,3.85
2026/08/02,„ш±г∆ч,≤ёЋщґ„њ”„ш±г∆ч,20 ~ 50,0.5,1.79,1.387,10% ~ 15%,-0.25,3,0,0.01,0,35,62.65,0.125,7.8312
2026/08/02,„ш±г∆ч,¬нЌ∞„ш±г∆чѕі∆®є…,20 ~ 50,-0.05,0.91,0.338,30% ~ 35%,0.75,8,0.65,0.21,0,35,31.85,0.325,10.3513
2026/08/02,„ш±г∆ч,јѕ»Ћґ„њ”„ш±г∆ч,20 ~ 50,0.3,0.75,0.119,0% ~ 1%,-1.05,0,-1.05,0.01,0,35,26.25,0.005,0.1313
2026/08/02,„ш±г∆ч,ґщЌѓ≤ёЋщ„ш±г∆ч,20 ~ 50,-0.15,0.94,0.119,25% ~ 30%,0.2,7,0.2,0.02,0,35,32.9,0.275,9.0475
2026/08/02,„ш±г∆ч,јѕƒк»Ћ„®”√„ш±г∆чЉ”Єя…эЄя∞ж,20 ~ 50,-0.05,0.85,0.133,7.5% ~ 10%,1.4,2,1.05,0.07,0,35,29.75,0.087,2.5882
2026/08/02,„ш±г∆ч,’џµю„ш±г∆ч,20 ~ 50,0.2,0.74,-0.098,10% ~ 15%,1.05,2,1.05,0.01,0,35,25.9,0.125,3.2375
2026/08/02,„ш±г∆ч,ґщЌѓіу¬нЌ∞„ш±г∆ч,20 ~ 50,0.05,0.84,0.037,15% ~ 20%,0.25,4,0,0.04,0,35,29.4,0.175,5.145
2026/08/02,„ш±г∆ч,јѕƒк»Ћі≤±я„ш±г∆ч,20 ~ 50,0.35,0.99,0.414,20% ~ 25%,0,5,0.3,0.18,0.286,35,34.65,0.225,7.7962
2026/08/02,„ш±г∆ч,ґщЌѓ„ш±г∆чƒ–±¶,20 ~ 50,0.35,0.83,0.051,30% ~ 35%,0.1,10 ~ 50,0.6,0.1,0.429,35,29.05,0.325,9.4413
2026/08/02,„ш±г∆ч,і≤…ѕ„ш±г∆ч,20 ~ 50,-0.35,0.73,0.123,30% ~ 35%,0.8,8,0.35,0.16,-0.304,35,25.55,0.325,8.3038
2026/08/02,„ш±г∆ч,±г–ѓ„ш±г∆ч,20 ~ 50,-0.05,0.51,-0.44,15% ~ 20%,0.1,3,-0.3,0.01,0,35,17.85,0.175,3.1238
2026/08/02,„ш±г∆ч,±¶±¶≤ёЋщ„ш±г∆ч,20 ~ 50,0.25,1.18,-0.056,20% ~ 25%,-0.15,7,0.2,0.02,0,35,41.3,0.225,9.2925
2026/08/02,„ш±г∆ч,„ш±г∆чµж„”,20 ~ 50,0.25,0.8,0.27,45% ~ 50%,0.25,9,0,0.02,0,35,28,0.475,13.3
2026/08/02,„ш±г∆ч,јѕ»Ћ”√„ш±г∆ч,20 ~ 50,0,0.5,-0.306,10% ~ 15%,-0.6,3,-0.6,0.01,0,35,17.5,0.125,2.1875
2026/08/02,„ш±г∆ч,„ш±г∆ч иЌ®…с∆ч,20 ~ 50,0.1,0.95,0.319,40% ~ 45%,0.9,10 ~ 50,1.05,0.24,0.043,35,33.25,0.425,14.1312
2026/08/02,„ш±г∆ч,јѕƒк»Ћ¬нЌ∞„ш±г∆чњ…“∆ґѓ±г–ѓ љ,20 ~ 50,0.1,0.66,0.082,7.5% ~ 10%,-0.65,2,-0.55,0.13,0.083,35,23.1,0.087,2.0097
2026/08/02,„ш±г∆ч,ґ„њ”Єƒ„ш±г∆ч,20 ~ 50,0.5,0.64,0.067,5% ~ 7.5%,0,1,0,0.01,0,35,22.4,0.062,1.3888
2026/08/02,„ш±г∆ч,ґ„≤ёЄƒ„ш±г∆ч,20 ~ 50,0.15,0.61,-0.344,5% ~ 7.5%,-0.65,1,-0.7,0.01,0,35,21.35,0.062,1.3237
2026/08/02,„ш±г∆ч,њ…’џµю„ш±г∆ч,20 ~ 50,0,0.63,-0.149,10% ~ 15%,0.1,3,0,0.02,0,35,22.05,0.125,2.7563
2026/08/02,„ш±г∆ч,„ш±г∆чјѕ»ЋЉ“”√љб µ,20 ~ 50,0.15,1.09,1.057,15% ~ 20%,2.25,4,3.05,0.06,0,35,38.15,0.175,6.6763
2026/08/02,„ш±г∆ч,јѕ»Ћ„ш±г∆чЈц ÷,20 ~ 50,0.55,0.57,-0.305,20% ~ 25%,-0.15,5,0,0.04,1,35,19.95,0.225,4.4887
2026/08/02,„ш±г∆ч,–°ґщ¬нЌ∞„ш±г∆ч,20 ~ 50,1.45,0.69,-0.378,10% ~ 15%,-0.55,3,0,0.65,1.407,35,24.15,0.125,3.0187
2026/08/02,„ш±г∆ч,„ш±г∆ч«еѕі…с∆ч,20 ~ 50,0.3,0.43,-0.283,35% ~ 40%,0.7,7,2.55,0.49,0.256,35,15.05,0.375,5.6437
2026/08/02,„ш±г∆ч,јѕ»Ћ„ш±г∆чЈц ÷,20 ~ 50,0.55,0.57,-0.305,20% ~ 25%,-0.15,5,0,0.04,1,35,19.95,0.225,4.4887
2026/08/02,„ш±г∆ч,Њ≈ƒЅ„ш±г∆ч,20 ~ 50,0.35,0.79,0.215,7.5% ~ 10%,0,2,0,0.01,0,35,27.65,0.087,2.4055
2026/08/02,„ш±г∆ч,јѕ»Ћ„ш±г∆ч“∆ґѓ¬нЌ∞≤–Љ≤»Ћ„ш±г“ќ,20 ~ 50,0.15,0.69,-0.042,10% ~ 15%,0.2,2,0,0.02,0,35,24.15,0.125,3.0187
2026/08/02,„ш±г∆ч,¬нЌ∞„ш±г∆чґщЌѓ¬•ћЁ љ,20 ~ 50,0.05,1.23,0.017,20% ~ 25%,-0.3,6,-0.15,0.11,0,35,43.05,0.225,9.6862
2026/08/02,„ш±г∆ч,ј≠ Ї„ш±г∆ч,20 ~ 50,0.6,0.57,-0.279,15% ~ 20%,-0.45,3,-0.3,0.04,1,35,19.95,0.175,3.4912
2026/08/02,„ш±г∆ч,ґ„≤ё„ш±г∆чґщЌѓ,20 ~ 50,-0.25,0.72,-0.027,25% ~ 30%,0.9,7,0.8,0.04,-0.2,35,25.2,0.275,6.93
2026/08/02,„ш±г∆ч,ґщЌѓ±г≈и„ш±г∆ч,20 ~ 50,0.25,0.69,-0.115,20% ~ 25%,-0.45,5,-0.45,0,0,35,24.15,0.225,5.4337
2026/08/02,„ш±г∆ч,–°ЇҐ¬нЌ∞„ш±г∆чƒ–±¶±¶,20 ~ 50,0.25,0.81,-0.314,25% ~ 30%,0.4,8,0.65,0.02,0,35,28.35,0.275,7.7963
2026/08/02,„ш±г∆ч,Ћ№Ѕѕ¬нЌ∞„ш±г∆ч≥…»Ћ,20 ~ 50,-0.1,0.95,-0.095,2.5% ~ 5%,-0.85,1,-0.9,0,-1,35,33.25,0.037,1.2302
2026/08/02,„ш±г∆ч,ќј…ъЉд„ш±г∆ч…ѕµƒ÷√ќпЉ№,20 ~ 50,0.4,0.76,0.041,2.5% ~ 5%,-0.8,1,-0.55,0,-1,35,26.6,0.037,0.9842
2026/08/02,„ш±г∆ч,јѕ»Ћ„ш±г∆ч¬нЌ∞“ќ,20 ~ 50,-0.15,0.46,0.394,10% ~ 15%,0.2,2,0,0,-1,35,16.1,0.125,2.0125
2026/08/02,„ш±г∆ч,”„ґщ¬нЌ∞„ш±г∆ч≈Ѓ,20 ~ 50,-0.3,0.73,-0.121,30% ~ 35%,0.95,8,0.35,0,-1,35,25.55,0.325,8.3038
2026/08/02,„ш±г∆ч,„ш±г∆ч„шµж,20 ~ 50,0.35,0.63,-0.222,30% ~ 35%,-0.45,6,-0.3,0,0,35,22.05,0.325,7.1663
2026/08/02,„ш±г∆ч,”§ґщ¬нЌ∞„ш±г∆ч≈Ѓ±¶±¶,20 ~ 50,-0.1,0.7,-0.136,30% ~ 35%,-0.05,7,-0.15,0,-1,35,24.5,0.325,7.9625
2026/08/02,„ш±г∆ч,јѕƒк»Ћ¬нЌ∞„ш±г∆чњ…“∆ґѓіуЇ≈,20 ~ 50,0.5,0.87,-0.054,0% ~ 1%,-1.05,0,-1.05,0,-1,35,30.45,0.005,0.1522
2026/08/02,„ш±г∆ч,±¶±¶„ш±г∆ч¬нЌ∞»¶,20 ~ 50,0.25,0.93,-0.011,25% ~ 30%,-0.5,6,-0.3,0,-1,35,32.55,0.275,8.9513
2026/08/02,„ш±г∆ч,„ш±г∆чЈјЈіЋЃƒж÷єЈІ,20 ~ 50,-0.15,0.73,-0.014,20% ~ 25%,0.05,5,0.3,0,-1,35,25.55,0.225,5.7488
2026/08/02,„ш±г∆ч,Їзќь љ„ш±г∆ч,20 ~ 50,2.15,0.88,2.259,2.5% ~ 5%,0,1,0,0,0,35,30.8,0.037,1.1396
2026/08/02,„ш±г∆ч,ґщЌѓґ„≤ё„ш±г∆ч,20 ~ 50,2.8,0.72,0.359,15% ~ 20%,0,3,0,0,-1,35,25.2,0.175,4.41
2026/08/02,„ш±г∆ч,„ш±г∆ч≈дЉю,20 ~ 50,-0.2,0.69,-0.179,40% ~ 45%,0.95,7,0.2,0,0,35,24.15,0.425,10.2637
2026/08/02,„ш±г∆ч,јѕ»Ћ„ш±г∆ч“∆ґѓ¬нЌ∞ЈјїђЈј≥ф,20 ~ 50,0,0.6,0.035,10% ~ 15%,-0.5,2,-0.35,0,-1,35,21,0.125,2.625
2026/08/02,„ш±г∆ч,јѕƒк„ш±г∆ч,20 ~ 50,0.5,0.7,-0.247,15% ~ 20%,-0.05,3,0.55,0,-1,35,24.5,0.175,4.2875
2026/08/02,„ш±г∆ч,Ѕў ±„ш±г∆ч,20 ~ 50,0.25,0.72,0.143,25% ~ 30%,0,2,-0.35,0,-1,35,25.2,0.275,6.93
2026/08/02,„ш±г∆ч,¬нЌ∞„ш±г∆ч≥…»Ћ,20 ~ 50,0.15,0.64,-0.39,25% ~ 30%,0.5,3,0,0,-1,35,22.4,0.275,6.16
2026/08/02,„ш±г∆ч,і≤±я„ш±г∆ч,20 ~ 50,0,0.96,0.477,5% ~ 7.5%,-0.6,1,-0.55,0,-1,35,33.6,0.062,2.0832
2026/08/02,„ш±г∆ч,–°їІ–Ќ„ш±г∆ч,20 ~ 50,0.6,1.22,0.821,7.5% ~ 10%,0.2,1,0,0,-1,35,42.7,0.087,3.7149
2026/08/02,„ш±г∆ч,„ш±г∆ч¬нЌ∞Љ“”√µжЋƒЉЊ,20 ~ 50,-0.2,0.89,0.047,50% ~ 55%,0.8,10 ~ 50,0.6,0,-1,35,31.15,0.525,16.3538
2026/08/02,„ш±г∆ч,јѕ»ЋЉ“”√“∆ґѓ„ш±г∆ч,20 ~ 50,0.45,0.56,-0.562,0% ~ 1%,-1.05,0,-1.05,0,-1,35,19.6,0.005,0.098
2026/08/02,„ш±г∆ч,ґщЌѓ„ш±г∆чґ„њ”,20 ~ 50,0.55,0.65,-0.217,20% ~ 25%,-0.5,3,-0.45,0,-1,35,22.75,0.225,5.1188
2026/08/02,„ш±г∆ч,„ш±г∆ч“їіќ–‘ћ„,20 ~ 50,0.25,1.17,-0.009,50% ~ 55%,0.4,10 ~ 50,0.85,0,-1,35,40.95,0.525,21.4987
2026/08/02,„ш±г∆ч,Љ“”√јѕ»Ћі≤±я„ш±г∆ч,20 ~ 50,-0.1,0.91,0.542,30% ~ 35%,0.1,5,0.3,0,-1,35,31.85,0.325,10.3513
2026/08/02,„ш±г∆ч,„‘ґѓ„ш±г∆ч,20 ~ 50,2.4,0.37,0.028,0% ~ 1%,0,0,0,0,0,35,12.95,0.005,0.0648
2026/08/02,„ш±г∆ч,µ∞–ќ„ш±г∆ч,20 ~ 50,0.55,0,-1,0% ~ 1%,0,0,0,0,-1,35,0,0.005,0
2026/08/02,„ш±г∆ч,≤ёЋщ„ш±г∆ч,20 ~ 50,-0.35,0.68,0.581,25% ~ 30%,0.85,3,0,0,0,35,23.8,0.275,6.545
2026/08/02,„ш±г∆ч,Їу≈≈ љ¬нЌ∞„ш±г∆ч,20 ~ 50,-0.25,0.59,-0.033,15% ~ 20%,0,3,0,0,-1,35,20.65,0.175,3.6137
2026/08/02,„ш±г∆ч,¬÷“ќћ±їЊјѕ»Ћ„®”√іш„ш±г∆чњ…ѕі‘и,20 ~ 50,-0.2,0.88,-0.146,15% ~ 20%,0,3,0,0,-1,35,30.8,0.175,5.39
2026/08/02,„ш±г∆ч,„ш±г∆чЈј≥фґ¬≥ф∆ч,20 ~ 50,-0.25,0.73,0.327,7.5% ~ 10%,-0.3,1,-0.55,0,-1,35,25.55,0.087,2.2228
2026/08/02,„ш±г∆ч,≤–Љ≤»Ћ¬нЌ∞„ш±г∆ч,20 ~ 50,0.25,0.63,-0.182,5% ~ 7.5%,0,1,0,0,-1,35,22.05,0.062,1.3671
2026/08/02,„ш±г∆ч,¬нЌ∞ љ„ш±г∆ч,20 ~ 50,0.15,0.84,-0.2,10% ~ 15%,0.8,2,1.05,0,0,35,29.4,0.125,3.675
2026/08/02,„ш±г∆ч,„ш±г∆ч–°їІ–Ќ,20 ~ 50,-0.1,0.68,-0.105,0% ~ 1%,-1.05,0,-1.05,0,-1,35,23.8,0.005,0.119
2026/08/02,„ш±г∆ч,Њ≈ƒЅєўЈљ∆мљҐµк„ш±г∆ч,20 ~ 50,0,0.78,0.164,20% ~ 25%,0,2,0,0,-1,35,27.3,0.225,6.1425
2026/08/02,„ш±г∆ч,ґщЌѓ„ш±г∆ч«ељаіь,20 ~ 50,1.3,0.59,-0.119,30% ~ 35%,-0.45,5,0,0,-1,35,20.65,0.325,6.7112
2026/08/02,„ш±г∆ч,ґ„њ”„ш±г∆чґщЌѓ,20 ~ 50,0.4,1.03,0.171,10% ~ 15%,0.75,3,2.05,0,-1,35,36.05,0.125,4.5063
2026/08/02,„ш±г∆ч,∆’Ќ®„ш±г∆ч,20 ~ 50,0.5,0.91,1.167,0% ~ 1%,0,0,0,0,-1,35,31.85,0.005,0.1593
2026/08/02,„ш±г∆ч,„ш±г∆ч≥еЋЃ∞і≈•,20 ~ 50,-0.3,1.01,0.174,35% ~ 40%,0.05,5,-0.3,0,-1,35,35.35,0.375,13.2563
2026/08/02,„ш±г∆ч,¬нЌ∞‘цЄя„ш±г∆ч,20 ~ 50,0.15,0.78,-0.143,20% ~ 25%,0.6,2,0,0,-1,35,27.3,0.225,6.1425
2026/08/02,„ш±г∆ч,јѕ»ЋЉ“”√„ш±г∆ч,20 ~ 50,-0.3,1.05,-0.266,20% ~ 25%,0.05,3,-0.45,0,-1,35,36.75,0.225,8.2688
2026/08/02,„ш±г∆ч,іш„ш±г∆чµƒ¬÷“ќ,20 ~ 50,-0.45,0.63,-0.259,7.5% ~ 10%,-0.35,1,-0.7,0,-1,35,22.05,0.087,1.9183
2026/08/02,„ш±г∆ч,¬нЌ∞‘цЄя„ш±г∆ч,20 ~ 50,0.15,0.78,-0.143,20% ~ 25%,0.6,2,0,0,-1,35,27.3,0.225,6.1425
2026/08/02,„ш±г∆ч,“їіќ–‘„ш±г∆ч,20 ~ 50,0.25,0.19,-0.457,25% ~ 30%,0.3,2,0,0,-1,35,6.65,0.275,1.8288
2026/08/02,„ш±г∆ч,јѕ»ЋЉ“”√„ш±г∆ч,20 ~ 50,-0.3,1.05,-0.266,20% ~ 25%,0.05,3,-0.45,0,-1,35,36.75,0.225,8.2688
2026/08/02,„ш±г∆ч,”§ґщ„ш±г∆ч≈Ѓ±¶±¶,20 ~ 50,-0.15,1.6,0.29,10% ~ 15%,-0.35,2,-0.55,0,-1,35,56,0.125,7
2026/08/02,„ш±г∆ч,„ш±г∆чЈц ÷,20 ~ 50,0.25,0.74,-0.063,20% ~ 25%,0.25,3,0,0,-1,35,25.9,0.225,5.8275
2026/08/02,„ш±г∆ч,Ј≈‘Џґ„±г…ѕµƒ„ш±г∆ч,20 ~ 50,0.55,1.11,0.563,30% ~ 35%,0.2,4,1.05,0,-1,35,38.85,0.325,12.6263
2026/08/02,„ш±г∆ч,„ш±г∆чѕ¬ЋЃ≈дЉю,20 ~ 50,0.65,0.7,0.628,25% ~ 30%,0.65,4,3.05,0,-1,35,24.5,0.275,6.7375
2026/08/02,„ш±г∆ч,¬нЌ∞ґщЌѓ„ш±г∆ч3Ћк“‘…ѕЉ”іу–ЌЇ≈,20 ~ 50,0.35,0.95,0.131,20% ~ 25%,0,3,0,0,-1,35,33.25,0.225,7.4813
2026/08/02,„ш±г∆ч,јѕƒк “ƒЏ„ш±г∆ч,20 ~ 50,0.8,0.93,0.898,40% ~ 45%,0.3,5,1.55,0,-1,35,32.55,0.425,13.8338
2026/08/02,„ш±г∆ч,≈©іеЇµ≤ё„®”√„ш±г∆ч,20 ~ 50,0.2,0.77,0.674,20% ~ 25%,-0.2,3,0.55,0,-1,35,26.95,0.225,6.0637
2026/08/02,„ш±г∆ч,јѕ»Ћ„ш±г∆ч“∆ґѓ¬нЌ∞љб µ,20 ~ 50,-0.1,0.55,-0.58,25% ~ 30%,-0.05,3,-0.45,0,-1,35,19.25,0.275,5.2938
2026/08/02,„ш±г∆ч,јѕƒк “ƒЏ„ш±г∆ч,20 ~ 50,0.8,0.93,0.898,40% ~ 45%,0.3,5,1.55,0,-1,35,32.55,0.425,13.8338
2026/08/02,„ш±г∆ч,„ш±г∆чњ…’џµю,20 ~ 50,-0.35,0.99,-0.01,35% ~ 40%,1.45,5,0.3,0,-1,35,34.65,0.375,12.9937
2026/08/02,„ш±г∆ч,–°±¶±¶¬нЌ∞„ш±г∆ч,20 ~ 50,0.05,1.39,0.853,30% ~ 35%,0.6,5,0.7,0,-1,35,48.65,0.325,15.8112
2026/08/02,„ш±г∆ч,„ш±г∆чљшЋЃЈІ,20 ~ 50,-0.3,0.56,-0.385,20% ~ 25%,-0.55,2,-0.8,0,-1,35,19.6,0.225,4.41
2026/08/02,„ш±г∆ч,ґщЌѓ¬нЌ∞„ш±г∆ч6Ћк“‘…ѕЉ”іуЇ≈,20 ~ 50,-0.25,1.63,0.895,30% ~ 35%,4.35,5,4.05,0,-1,35,57.05,0.325,18.5412
2026/08/02,„ш±г∆ч,іу±г„ш±г∆ч,20 ~ 50,0.2,0.48,-0.158,10% ~ 15%,0,1,0,0,0,35,16.8,0.125,2.1
2026/08/02,„ш±г∆ч,њ…“∆ґѓјѕ»Ћ„ш±г∆ч,20 ~ 50,-0.25,1.09,0.225,25% ~ 30%,0.3,4,0,0,-1,35,38.15,0.275,10.4913
2026/08/02,„ш±г∆ч,±¶±¶±г≈и„ш±г∆ч,20 ~ 50,-0.15,0.9,0.216,30% ~ 35%,0.3,5,0,0,0,35,31.5,0.325,10.2375
2026/08/02,„ш±г∆ч,„ш±г∆чЋЃѕдљшЋЃЈІ,20 ~ 50,0.2,0.57,0.267,10% ~ 15%,-0.65,2,-0.55,0,-1,35,19.95,0.125,2.4937
2026/08/02,„ш±г∆ч,„ш±г∆чЋЃѕдљшЋЃЈІ,20 ~ 50,0.2,0.57,0.267,10% ~ 15%,-0.65,2,-0.55,0,-1,35,19.95,0.125,2.4937
2026/08/02,„ш±г∆ч,ґщЌѓ–°„ш±г∆ч,20 ~ 50,1.25,0.54,-0.625,40% ~ 45%,-0.3,3,-0.3,0,0,35,18.9,0.425,8.0325
2026/08/02,„ш±г∆ч,„ш±г∆ч‘цЄяµж,20 ~ 50,0.15,0.68,-0.277,10% ~ 15%,-0.75,1,-0.85,0,-1,35,23.8,0.125,2.975
2026/08/02,„ш±г∆ч,њ…“∆ґѓјѕ»Ћ„ш±г∆ч,20 ~ 50,-0.25,1.09,0.225,25% ~ 30%,0.3,4,0,0,-1,35,38.15,0.275,10.4913
2026/08/02,„ш±г∆ч,≈©іеЇµ≤ё„ш±г∆чЈј≥ф∆ч,20 ~ 50,0.4,1.16,-0.121,7.5% ~ 10%,-0.6,1,-0.55,0,-1,35,40.6,0.087,3.5322
2026/08/02,„ш±г∆ч,„ш±г∆ч«ељаЉЅ,20 ~ 50,0.55,0.84,0.091,60% ~ 65%,5.45,9,8.05,0,-1,35,29.4,0.625,18.375
2026/08/02,„ш±г∆ч,„ш±г∆ч…ѕЋЃЈІ,20 ~ 50,1.15,0.41,-0.388,25% ~ 30%,0.55,2,1.05,0,-1,35,14.35,0.275,3.9463
2026/08/02,„ш±г∆ч,њ…“∆ґѓ¬нЌ∞јѕ»Ћ„ш±г∆ч,20 ~ 50,-0.3,0.78,-0.204,25% ~ 30%,-0.05,4,-0.35,0,-1,35,27.3,0.275,7.5075
2026/08/02,„ш±г∆ч,ґ„Єƒ„ш±г∆ч,20 ~ 50,-0.1,0.86,0.458,5% ~ 7.5%,0,1,0,0,-1,35,30.1,0.062,1.8662
2026/08/02,„ш±г∆ч,¬÷“ќ„ш±г∆ч,20 ~ 50,-0.2,1.06,0.06,15% ~ 20%,0,2,0,0,-1,35,37.1,0.175,6.4925
2026/08/02,„ш±г∆ч,„ш±г∆чљ≈≤»µ ,20 ~ 50,-0.05,1.31,0.523,25% ~ 30%,-0.3,4,-0.25,0,-1,35,45.85,0.275,12.6088
2026/08/02,„ш±г∆ч,µ „”„ш±г∆ч,20 ~ 50,1.25,0.79,-0.613,25% ~ 30%,0.35,4,3.05,0,-1,35,27.65,0.275,7.6038
2026/08/02,„ш±г∆ч,÷«ƒ№„ш±г∆ч¬нЌ∞Є«,20 ~ 50,0.35,0.46,-0.098,10% ~ 15%,0,1,0,0,-1,35,16.1,0.125,2.0125
2026/08/02,„ш±г∆ч, јЉЌ±¶±іЈ¬’ж„ш±г∆ч,20 ~ 50,-0.05,0.74,-0.139,0% ~ 1%,0,0,0,0,-1,35,25.9,0.005,0.1295
2026/08/02,„ш±г∆ч,’џµю¬нЌ∞„ш±г∆ч,20 ~ 50,0.45,0.54,0.059,20% ~ 25%,0.65,2,1.05,0,0,35,18.9,0.225,4.2525
2026/08/02,„ш±г∆ч,„ш±г∆ч¬нЌ∞ЋҐ,20 ~ 50,0.3,0.84,-0.207,60% ~ 65%,0.15,8,0.35,0,-1,35,29.4,0.625,18.375
2026/08/02,„ш±г∆ч,≤–Љ≤»Ћ„®”√„ш±г∆ч,0 ~ 20,0.75,0.68,0.581,20% ~ 25%,0.4,3,2.05,0,-1,10,6.8,0.225,1.53
2026/08/02,„ш±г∆ч,јѕƒк»Ћ¬÷“ќіш„ш±г∆ч,0 ~ 20,0.15,0.74,0.028,0% ~ 1%,-1.05,0,-1.05,0,-1,10,7.4,0.005,0.037
2026/08/02,„ш±г∆ч,јѕ»ЋЉт“„„ш±г∆ч,0 ~ 20,-0.1,0.73,-0.014,7.5% ~ 10%,-0.7,1,-0.7,0,-1,10,7.3,0.087,0.6351
2026/08/02,„ш±г∆ч,Њ≈ƒЅ„ш±г∆ч¬нЌ∞,0 ~ 20,0.4,1.02,0.259,0% ~ 1%,0,0,0,0,-1,10,10.2,0.005,0.051
2026/08/02,„ш±г∆ч,≤–Љ≤»Ћ„®”√„ш±г∆ч,0 ~ 20,0.75,0.68,0.581,20% ~ 25%,0.4,3,2.05,0,-1,10,6.8,0.225,1.53
2026/08/02,„ш±г∆ч,¬нЌ∞„ш±г∆чѕыґЊ…±Њъ≈зќн,0 ~ 20,-0.1,0.44,-0.47,10% ~ 15%,-0.85,1,-0.85,0,-1,10,4.4,0.125,0.55
2026/08/02,„ш±г∆ч,јѕ»ЋЉт“„„ш±г∆ч,0 ~ 20,-0.1,0.73,-0.014,7.5% ~ 10%,-0.7,1,-0.7,0,-1,10,7.3,0.087,0.6351
2026/08/02,„ш±г∆ч,јѕƒк»Ћ¬÷“ќіш„ш±г∆ч,0 ~ 20,0.15,0.74,0.028,0% ~ 1%,-1.05,0,-1.05,0,-1,10,7.4,0.005,0.037
2026/08/02,„ш±г∆ч,„ш±г∆чЇу√ж÷√ќпЉ№,0 ~ 20,0,0.96,0.5,20% ~ 25%,0,4,0,0,-1,10,9.6,0.225,2.16
2026/08/02,„ш±г∆ч,≤ї–вЄ÷„ш±г∆ч,0 ~ 20,0.1,1,0.22,7.5% ~ 10%,0.1,1,0,0,-1,10,10,0.087,0.87
2026/08/02,„ш±г∆ч,ґщЌѓ¬нЌ∞„ш±г∆ч–°ЇҐ„®”√≤ёЋщ,0 ~ 20,0.15,0.57,-0.066,0% ~ 1%,-1.05,0,-1.05,0,-1,10,5.7,0.005,0.0285
2026/08/02,„ш±г∆ч,¬÷“ќћ±їЊјѕ»Ћ„®”√іш„ш±г∆ч,0 ~ 20,0.55,0.84,0.183,0% ~ 1%,-1.05,0,-1.05,0,-1,10,8.4,0.005,0.042
2026/08/02,„ш±г∆ч,Ї√ЌёЌё„ш±г∆ч,0 ~ 20,-0.45,0.37,-0.448,0% ~ 1%,0,0,0,0,-1,10,3.7,0.005,0.0185
2026/08/02,„ш±г∆ч,ƒ–±¶±¶„ш±г∆ч,0 ~ 20,-0.25,0.69,-0.42,15% ~ 20%,-0.6,2,-0.7,0,-1,10,6.9,0.175,1.2075
2026/08/02,„ш±г∆ч,„ш±г∆чјѕ»Ћ“∆ґѓ¬нЌ∞іуЇ≈,0 ~ 20,0,0.94,-0.069,25% ~ 30%,0,3,0.55,0,-1,10,9.4,0.275,2.585
2026/08/02,„ш±г∆ч,ƒ–±¶±¶„ш±г∆ч,0 ~ 20,-0.25,0.69,-0.42,15% ~ 20%,-0.6,2,-0.7,0,-1,10,6.9,0.175,1.2075
2026/08/02,„ш±г∆ч,ґщЌѓ„ш±г∆ч¬•ћЁ љ,0 ~ 20,-0.1,1,0.163,20% ~ 25%,0.3,3,0.55,0,-1,10,10,0.225,2.25
2026/08/02,„ш±г∆ч,ґщЌѓ¬нЌ∞„ш±г∆ч–°ЇҐ„®”√≤ёЋщ,0 ~ 20,0.15,0.57,-0.066,0% ~ 1%,-1.05,0,-1.05,0,-1,10,5.7,0.005,0.0285
2026/08/02,„ш±г∆ч,јѕƒк„ш±г∆чјѕ»ЋЉ“”√,0 ~ 20,-0.4,0.64,-0.34,15% ~ 20%,-0.6,2,-0.75,0,-1,10,6.4,0.175,1.12
2026/08/02,„ш±г∆ч,≤ї–вЄ÷„ш±г∆ч,0 ~ 20,0.1,1,0.22,7.5% ~ 10%,0.1,1,0,0,-1,10,10,0.087,0.87
2026/08/02,„ш±г∆ч,¬÷“ќћ±їЊјѕ»Ћ„®”√іш„ш±г∆ч,0 ~ 20,0.55,0.84,0.183,0% ~ 1%,-1.05,0,-1.05,0,-1,10,8.4,0.005,0.042
2026/08/02,„ш±г∆ч,≥…»Ћ„ш±г∆ч,0 ~ 20,-0.15,0.69,-0.373,30% ~ 35%,0.1,4,0,0,-1,10,6.9,0.325,2.2425
2026/08/02,„ш±г∆ч,јѕƒк»Ћі≤…ѕ„ш±г∆ч,0 ~ 20,0,0.8,0.081,35% ~ 40%,1.55,5,1.55,0,-1,10,8,0.375,3
2026/08/02,„ш±г∆ч,„ш±г∆чЄ«„”Ќ®”√,0 ~ 20,-0.1,0.57,-0.197,15% ~ 20%,-0.35,2,-0.35,0,-1,10,5.7,0.175,0.9975
2026/08/02,„ш±г∆ч,ґщЌѓ¬нЌ∞„ш±г∆ч10Ћк“‘…ѕ,0 ~ 20,-0.1,0.6,-0.104,10% ~ 15%,-0.3,1,-0.55,0,-1,10,6,0.125,0.75
2026/08/02,„ш±г∆ч,Љ“”√Љт“„„ш±г∆ч,0 ~ 20,-0.1,0.78,0.114,20% ~ 25%,0.15,2,0,0,-1,10,7.8,0.225,1.755
2026/08/02,„ш±г∆ч,„ш±г∆чЄ«„”,0 ~ 20,0.45,0.88,0.158,20% ~ 25%,0.25,2,1.05,0,-1,10,8.8,0.225,1.98
2026/08/02,„ш±г∆ч,‘–ЄЊ±г–ѓ„ш±г∆ч,0 ~ 20,0.35,0.57,-0.648,0% ~ 1%,-1.05,0,-1.05,0,-1,10,5.7,0.005,0.0285
2026/08/02,„ш±г∆ч,„ш±г∆ч¬нЌ∞»¶,0 ~ 20,0.75,0.47,2.615,25% ~ 30%,-0.45,2,1.05,0,0,10,4.7,0.275,1.2925
2026/08/02,„ш±г∆ч,„ш±г∆ч≥эєЄЉЅ,0 ~ 20,1.15,1.72,-0.325,80% ~ 85%,0.3,10 ~ 50,1.55,0,-1,10,17.2,0.825,14.19
2026/08/02,„ш±г∆ч,„ш±г∆ч√јЈмћщ,0 ~ 20,0.75,0.97,-0.542,55% ~ 60%,2.35,5,4.05,0,-1,10,9.7,0.575,5.5775
2026/08/02,„ш±г∆ч,¬нЌ∞„ш±г∆чѕыґЊ…±Њъ ™љн,0 ~ 20,0.25,1.11,0.586,25% ~ 30%,2.3,3,2.05,0,-1,10,11.1,0.275,3.0525
2026/08/02,„ш±г∆ч,÷ъ––∆ч„ш±г∆ч,0 ~ 20,0.55,1.69,1.641,35% ~ 40%,2.4,3,2.05,0,-1,10,16.9,0.375,6.3375
2026/08/02,„ш±г∆ч,ќёЋЃ„ш±г∆ч,0 ~ 20,-0.3,0.04,-0.556,0% ~ 1%,0,0,0,0,-1,10,0.4,0.005,0.002
2026/08/02,„ш±г∆ч,÷ъ––∆ч„ш±г∆ч,0 ~ 20,0.55,1.69,1.641,35% ~ 40%,2.4,3,2.05,0,-1,10,16.9,0.375,6.3375
2026/08/02,„ш±г∆ч,њ…“∆ґѓјѕƒк„ш±г∆ч,0 ~ 20,0.55,0.62,-0.151,15% ~ 20%,0,1,0,0,-1,10,6.2,0.175,1.085
2026/08/02,„ш±г∆ч,Ј≈‘Џ¬нЌ∞…ѕµƒ„ш±г∆ч,0 ~ 20,0.1,0.86,1.098,25% ~ 30%,0.55,3,2.05,0,-1,10,8.6,0.275,2.365
2026/08/02,„ш±г∆ч,≤ …Ђ„ш±г∆ч,0 ~ 20,0,0.38,0,0% ~ 1%,0,0,0,0,0,10,3.8,0.005,0.019
2026/08/02,„ш±г∆ч,‘–ЄЊ±г–ѓ„ш±г∆ч,0 ~ 20,0.35,0.57,-0.648,0% ~ 1%,-1.05,0,-1.05,0,-1,10,5.7,0.005,0.0285
2026/08/02,„ш±г∆ч,„ш±г∆ч≥еѕі∆ч,0 ~ 20,0.65,0.45,-0.735,10% ~ 15%,-0.3,1,0,0,-1,10,4.5,0.125,0.5625
2026/08/02,„ш±г∆ч,‘–ЄЊ”√„ш±г∆ч,0 ~ 20,0.8,0.83,-0.217,30% ~ 35%,-0.15,3,2.05,0,0,10,8.3,0.325,2.6975
2026/08/02,„ш±г∆ч,“∆ґѓ¬нЌ∞„ш±г∆чјѕ»ЋЈјїђЈј≥ф,0 ~ 20,1.7,0.74,-0.546,0% ~ 1%,-1.05,0,-1.05,0,-1,10,7.4,0.005,0.037
2026/08/02,„ш±г∆ч,„ш±г∆ч“їіќ–‘„шµж,0 ~ 20,1.05,1.49,0.355,15% ~ 20%,-0.65,2,0,0,-1,10,14.9,0.175,2.6075
2026/08/02,„ш±г∆ч,„ш±г∆ч¬нЌ∞ћ„,0 ~ 20,0.65,0.94,-0.031,30% ~ 35%,-0.15,4,0.35,0,0,10,9.4,0.325,3.055
2026/08/02,„ш±г∆ч,јѕƒк„ш±г∆ч“∆ґѓ¬нЌ∞,0 ~ 20,0.25,0.66,0.065,40% ~ 45%,3.45,4,3.05,0,-1,10,6.6,0.425,2.805
2026/08/02,„ш±г∆ч,„ш±г∆ч≥еѕі∆ч,0 ~ 20,0.65,0.45,-0.735,10% ~ 15%,-0.3,1,0,0,-1,10,4.5,0.125,0.5625
2026/08/02,„ш±г∆ч,”§”„ґщ„ш±г∆ч,0 ~ 20,-0.1,0.83,0.297,5% ~ 7.5%,-0.7,1,-0.7,0,-1,10,8.3,0.062,0.5146
2026/08/02,„ш±г∆ч, јЉЌ±¶±іЈ¬’ж„ш±г∆чpvcњо,0 ~ 20,0.65,0.55,0.375,0% ~ 1%,0,0,0,0,-1,10,5.5,0.005,0.0275
2026/08/02,„ш±г∆ч,ґ„≈и„ш±г∆ч,0 ~ 20,1.05,0.53,0,0% ~ 1%,0,0,0,0,-1,10,5.3,0.005,0.0265
2026/08/02,„ш±г∆ч,‘–ЄЊ”√„ш±г∆ч,0 ~ 20,0.8,0.83,-0.217,30% ~ 35%,-0.15,3,2.05,0,0,10,8.3,0.325,2.6975
2026/08/02,„ш±г∆ч,„ш±г∆ч¬нЌ∞ћ„,0 ~ 20,0.65,0.94,-0.031,30% ~ 35%,-0.15,4,0.35,0,0,10,9.4,0.325,3.055
2026/08/02,„ш±г∆ч,јѕƒк»Ћ„ш±г∆чЈц ÷,0 ~ 20,0,0.86,-0.204,30% ~ 35%,1.05,4,1.05,0,-1,10,8.6,0.325,2.795
2026/08/02,„ш±г∆ч,–°ЇҐ¬нЌ∞„ш±г∆ч≈Ѓ±¶±¶,0 ~ 20,0.65,0.7,-0.271,40% ~ 45%,0.3,6,2.05,0,-1,10,7,0.425,2.975
2026/08/02,„ш±г∆ч,»’±ЊљшњЏјѕ»Ћ„ш±г∆ч,0 ~ 20,0,0.4,-0.583,0% ~ 1%,0,0,0,0,-1,10,4,0.005,0.02
2026/08/02,„ш±г∆ч,–°ЇҐ¬нЌ∞„ш±г∆ч≈Ѓ±¶±¶,0 ~ 20,0.65,0.7,-0.271,40% ~ 45%,0.3,6,2.05,0,-1,10,7,0.425,2.975
2026/08/02,„ш±г∆ч,„ш±г∆чјѕ»Ћ“∆ґѓ¬нЌ∞њ…’џµю,0 ~ 20,-0.1,0.75,-0.324,25% ~ 30%,0.55,3,0.55,0,-1,10,7.5,0.275,2.0625
2026/08/02,„ш±г∆ч,“∆ґѓ¬нЌ∞„ш±г∆чјѕ»ЋЈјїђЈј≥ф,0 ~ 20,1.7,0.74,-0.546,0% ~ 1%,-1.05,0,-1.05,0,-1,10,7.4,0.005,0.037
2026/08/02,„ш±г∆ч,јѕ»Ћі≤…ѕ„ш±г∆ч,0 ~ 20,1.05,0.74,0,50% ~ 55%,0,3,0,0,-1,10,7.4,0.525,3.885
2026/08/02,„ш±г∆ч,„ш±г∆чґ„њ”…с∆чњ…’џµю,0 ~ 20,-0.4,0.6,-0.333,10% ~ 15%,1.05,1,0,0,-1,10,6,0.125,0.75
2026/08/02,„ш±г∆ч,Њ≈ƒЅ„ш±г∆ч¬нЌ∞Љ“”√,0 ~ 20,0,0.85,0.545,0% ~ 1%,-1.05,0,-1.05,0,-1,10,8.5,0.005,0.0425
2026/08/02,„ш±г∆ч, јЉЌ±¶±іЈ¬’ж„ш±г∆чbh149c,0 ~ 20,-0.1,1.39,0.511,0% ~ 1%,0,0,0,0,-1,10,13.9,0.005,0.0695
2026/08/02,„ш±г∆ч,ґ„±г∆чЄƒ„ш±г∆ч,0 ~ 20,0,0.59,0,0% ~ 1%,0,0,0,0,0,10,5.9,0.005,0.0295
2026/08/02,„ш±г∆ч,“ќ„”„ш±г∆ч,0 ~ 20,0.2,0.6,-0.016,10% ~ 15%,0,1,0,0,-1,10,6,0.125,0.75
2026/08/02,„ш±г∆ч,„ш±г∆чµ„≤њ√№Јв»¶,0 ~ 20,-0.35,0.74,-0.289,20% ~ 25%,-0.4,2,-0.7,0,-1,10,7.4,0.225,1.665
2026/08/02,„ш±г∆ч,„ш±г∆чµ„≤њ√№Јв»¶,0 ~ 20,-0.35,0.74,-0.289,20% ~ 25%,-0.4,2,-0.7,0,-1,10,7.4,0.225,1.665
2026/08/02,„ш±г∆ч,„ш±г∆чЋҐ„”,0 ~ 20,0.9,0.79,-0.21,30% ~ 35%,0,4,1.05,0,-1,10,7.9,0.325,2.5675
2026/08/02,„ш±г∆ч, јЉЌ±¶±іЈ¬’ж„ш±г∆чbh149c,0 ~ 20,-0.1,1.39,0.511,0% ~ 1%,0,0,0,0,-1,10,13.9,0.005,0.0695
2026/08/02,„ш±г∆ч,“ќ„”„ш±г∆ч,0 ~ 20,0.2,0.6,-0.016,10% ~ 15%,0,1,0,0,-1,10,6,0.125,0.75
2026/08/02,„ш±г∆ч,јѕ»Ћ„ш±г∆ч“∆ґѓ¬нЌ∞јђїшіь,0 ~ 20,-0.1,1.44,0.359,45% ~ 50%,-0.1,5,-0.3,0,-1,10,14.4,0.475,6.84
2026/08/02,„ш±г∆ч,ґщЌѓј≠ Ї„ш±г∆ч,0 ~ 20,-0.35,0.85,0.164,25% ~ 30%,0.8,3,0.55,0,-1,10,8.5,0.275,2.3375
2026/08/02,„ш±г∆ч,„ш±г∆чћ„,0 ~ 20,-0.15,0.85,0.149,25% ~ 30%,-0.15,3,0.55,0,0,10,8.5,0.275,2.3375
2026/08/02,„ш±г∆ч,јѕ»Ћ„ш±г∆ч“∆ґѓ¬нЌ∞Љ”Єя,0 ~ 20,0.2,0.99,0.021,15% ~ 20%,0.7,2,1.05,0,-1,10,9.9,0.175,1.7325
2026/08/02,„ш±г∆ч, Іƒ№јѕ»Ћ„ш±г∆ч,0 ~ 20,0.55,0.57,0.781,10% ~ 15%,0,1,0,0,-1,10,5.7,0.125,0.7125
2026/08/02,„ш±г∆ч,“∆ґѓ љ„ш±г∆ч,0 ~ 20,0.7,0.44,-0.241,10% ~ 15%,-0.8,1,-0.55,0,-1,10,4.4,0.125,0.55
2026/08/02,„ш±г∆ч, јЉЌ±¶±іЈ¬’ж„ш±г∆чbh149c,0 ~ 20,-0.1,1.39,0.511,0% ~ 1%,0,0,0,0,-1,10,13.9,0.005,0.0695
2026/08/02,„ш±г∆ч,јѕ»Ћ„ш±г∆ч“∆ґѓ¬нЌ∞Љ”Єя,0 ~ 20,0.2,0.99,0.021,15% ~ 20%,0.7,2,1.05,0,-1,10,9.9,0.175,1.7325
2026/08/02,„ш±г∆ч,“∆ґѓ љ„ш±г∆ч,0 ~ 20,0.7,0.44,-0.241,10% ~ 15%,-0.8,1,-0.55,0,-1,10,4.4,0.125,0.55
2026/08/02,„ш±г∆ч,÷«ƒ№¬нЌ∞„ш±г∆ч»Ђ„‘ґѓ,0 ~ 20,0.1,0.33,0.435,0% ~ 1%,0,0,0,0,0,10,3.3,0.005,0.0165
2026/08/02,„ш±г∆ч, Іƒ№јѕ»Ћ„ш±г∆ч,0 ~ 20,0.55,0.57,0.781,10% ~ 15%,0,1,0,0,-1,10,5.7,0.125,0.7125
2026/08/02,„ш±г∆ч,ґщЌѓ¬нЌ∞„ш±г∆ч”§”„ґщ„®”√,0 ~ 20,-0.25,0.9,0.406,40% ~ 45%,1.05,4,1.05,0,-1,10,9,0.425,3.825
2026/08/02,„ш±г∆ч,”г‘Њјѕ»Ћ„ш±г∆ч,0 ~ 20,0.3,1.13,0.329,7.5% ~ 10%,-0.2,1,0,0,-1,10,11.3,0.087,0.9831
2026/08/02,„ш±г∆ч,јѕƒк»ЋЉ“”√„ш±г∆ч,0 ~ 20,-0.2,0.68,-0.433,10% ~ 15%,-0.7,1,-0.8,0,-1,10,6.8,0.125,0.85
2026/08/02,„ш±г∆ч,і≤≈‘„ш±г∆ч,0 ~ 20,0,0.88,0,35% ~ 40%,0,3,0,0,0,10,8.8,0.375,3.3
2026/08/02,„ш±г∆ч,Ћ№Ѕѕ„ш±г∆ч,0 ~ 20,-0.4,0.72,0.333,7.5% ~ 10%,-0.3,1,-0.55,0,-1,10,7.2,0.087,0.6264
2026/08/02,„ш±г∆ч,Љ“”√≤ёЋщ„ш±г∆ч,0 ~ 20,0.8,1.04,1.476,25% ~ 30%,-0.45,2,1.05,0,0,10,10.4,0.275,2.86
2026/08/02,„ш±г∆ч,”г‘Њјѕ»Ћ„ш±г∆ч,0 ~ 20,0.3,1.13,0.329,7.5% ~ 10%,-0.2,1,0,0,-1,10,11.3,0.087,0.9831
2026/08/02,„ш±г∆ч,„ш±г∆ч–°µ „”,0 ~ 20,1.05,0.51,-0.463,35% ~ 40%,0.55,3,2.05,0,-1,10,5.1,0.375,1.9125
2026/08/02,„ш±г∆ч,”Ґ ѕ„ш±г∆ч,0 ~ 20,0.8,1.33,1.418,0% ~ 1%,0,0,0,0,-1,10,13.3,0.005,0.0665
2026/08/02,„ш±г∆ч,„ш±г∆чЄƒґ„њ”…с∆ч,0 ~ 20,0.2,0.78,0.773,0% ~ 1%,0,0,0,0,-1,10,7.8,0.005,0.039
2026/08/02,„ш±г∆ч,„ш±г∆ч≥…»Ћ,0 ~ 20,0.6,0.8,1.5,0% ~ 1%,-1.05,0,-1.05,0,0,10,8,0.005,0.04
2026/08/02,„ш±г∆ч,јѕ»Ћ„ш±г∆ч¬нЌ∞“∆ґѓ,0 ~ 20,-0.1,0.94,0.593,25% ~ 30%,0,3,0,0,0,10,9.4,0.275,2.585
2026/08/02,„ш±г∆ч,÷±Ќ® љ„ш±г∆чЈј≥ф∆ч,0 ~ 20,1.35,0.34,-0.521,0% ~ 1%,0,0,0,0,-1,10,3.4,0.005,0.017
2026/08/02,„ш±г∆ч,„ш±г∆ч¬нЌ∞ЋҐќёЋјљ«,0 ~ 20,0.45,0.73,0.237,40% ~ 45%,0.25,4,0.35,0,0,10,7.3,0.425,3.1025
2026/08/02,„ш±г∆ч,»Ђ„‘ґѓ„ш±г∆ч,0 ~ 20,-0.35,0.72,1.25,0% ~ 1%,0,0,0,0,-1,10,7.2,0.005,0.036
2026/08/02,„ш±г∆ч,„ш±г∆ч≥…»Ћ,0 ~ 20,0.6,0.8,1.5,0% ~ 1%,-1.05,0,-1.05,0,0,10,8,0.005,0.04
2026/08/02,„ш±г∆ч,јѕƒк»ЋЉ“”√„ш±г∆ч,0 ~ 20,-0.2,0.68,-0.433,10% ~ 15%,-0.7,1,-0.8,0,-1,10,6.8,0.125,0.85
2026/08/02,„ш±г∆ч,і≤≈‘„ш±г∆ч,0 ~ 20,0,0.88,0,35% ~ 40%,0,3,0,0,0,10,8.8,0.375,3.3
2026/08/02,„ш±г∆ч,„ш±г∆чЊ≈ƒЅєўЈљ∆мљҐµк,0 ~ 20,-0.15,0.96,-0.22,0% ~ 1%,0,0,0,0,-1,10,9.6,0.005,0.048
2026/08/02,„ш±г∆ч,»Ђ„‘ґѓ„ш±г∆ч,0 ~ 20,-0.35,0.72,1.25,0% ~ 1%,0,0,0,0,-1,10,7.2,0.005,0.036
2026/08/02,„ш±г∆ч,„ш±г∆чµж„”Ќ®”√,0 ~ 20,-0.35,0.87,0.061,50% ~ 55%,0,3,-0.3,0,-1,10,8.7,0.525,4.5675
2026/08/02,„ш±г∆ч,ґщЌѓ–°¬нЌ∞„ш±г∆ч,0 ~ 20,0,0.55,0.375,15% ~ 20%,-0.2,1,0,0,0,10,5.5,0.175,0.9625
2026/08/02,„ш±г∆ч,„ш±г∆ч≥еѕі∆®є…,0 ~ 20,0,0.86,0.229,0% ~ 1%,-1.05,0,-1.05,0,-1,10,8.6,0.005,0.043
2026/08/02,„ш±г∆ч,“љ”√¬нЌ∞„ш±г∆ч,0 ~ 20,0.9,0.58,0.208,10% ~ 15%,0,1,0,0,-1,10,5.8,0.125,0.725
2026/08/02,„ш±г∆ч,„ш±г∆чљшЋЃ»нє№,0 ~ 20,0,0.55,0,30% ~ 35%,0,2,0,0,0,10,5.5,0.325,1.7875
2026/08/02,„ш±г∆ч,„ш±г∆чЉ”Єяµж,0 ~ 20,0.1,0.55,-0.127,0% ~ 1%,0,0,0,0,-1,10,5.5,0.005,0.0275
2026/08/02,„ш±г∆ч,ґщЌѓіуЇ≈„ш±г∆ч,0 ~ 20,0,0.7,0,10% ~ 15%,0,1,0,0,0,10,7,0.125,0.875
2026/08/02,„ш±г∆ч,ґщЌѓ–°¬нЌ∞„ш±г∆ч,0 ~ 20,0,0.55,0.375,15% ~ 20%,-0.2,1,0,0,0,10,5.5,0.175,0.9625
2026/08/02,„ш±г∆ч,„ш±г∆чµж„”Ќ®”√,0 ~ 20,-0.35,0.87,0.061,50% ~ 55%,0,3,-0.3,0,-1,10,8.7,0.525,4.5675
2026/08/02,„ш±г∆ч,”§”„ґщ¬нЌ∞„ш±г∆ч,0 ~ 20,0.65,0.49,-0.554,15% ~ 20%,0,1,0,0,-1,10,4.9,0.175,0.8575
2026/08/02,„ш±г∆ч,ч≈єЎљЏ÷√її хЇу„ш±г∆ч,0 ~ 20,0.45,1.04,1.213,30% ~ 35%,0,2,0,0,-1,10,10.4,0.325,3.38
2026/08/02,„ш±г∆ч,«б÷«ƒ№„ш±г∆ч,0 ~ 20,0,0.28,0,0% ~ 1%,0,0,0,0,0,10,2.8,0.005,0.014
2026/08/02,„ш±г∆ч,÷«ƒ№¬нЌ∞„ш±г∆ч»Ђєъ Ѓіу∆Ј≈∆,0 ~ 20,-0.3,0.24,-0.547,0% ~ 1%,0,0,0,0,-1,10,2.4,0.005,0.012
2026/08/02,„ш±г∆ч,јѕ»Ћ”√µƒ“∆ґѓ„ш±г∆ч,0 ~ 20,-0.1,1.18,0.269,10% ~ 15%,-0.45,1,-0.55,0,0,10,11.8,0.125,1.475
2026/08/02,„ш±г∆ч,јѕ»Ћ„®”√„ш±г∆ч,0 ~ 20,0.2,0.75,0.339,40% ~ 45%,0.85,4,1.05,0,-1,10,7.5,0.425,3.1875
2026/08/02,„ш±г∆ч,”§”„ґщ¬нЌ∞„ш±г∆ч,0 ~ 20,0.65,0.49,-0.554,15% ~ 20%,0,1,0,0,-1,10,4.9,0.175,0.8575
2026/08/02,„ш±г∆ч,ч≈єЎљЏ÷√її хЇу„ш±г∆ч,0 ~ 20,0.45,1.04,1.213,30% ~ 35%,0,2,0,0,-1,10,10.4,0.325,3.38
2026/08/02,„ш±г∆ч,„ш±г∆чµж„”Ќ®”√,0 ~ 20,-0.35,0.87,0.061,50% ~ 55%,0,3,-0.3,0,-1,10,8.7,0.525,4.5675
2026/08/02,„ш±г∆ч,ґщЌѓ–°¬нЌ∞„ш±г∆ч,0 ~ 20,0,0.55,0.375,15% ~ 20%,-0.2,1,0,0,0,10,5.5,0.175,0.9625
2026/08/02,„ш±г∆ч,„ш±г∆ч≥еѕі∆®є…,0 ~ 20,0,0.86,0.229,0% ~ 1%,-1.05,0,-1.05,0,-1,10,8.6,0.005,0.043
2026/08/02,„ш±г∆ч,÷«ƒ№¬нЌ∞„ш±г∆ч»Ђєъ Ѓіу∆Ј≈∆,0 ~ 20,-0.3,0.24,-0.547,0% ~ 1%,0,0,0,0,-1,10,2.4,0.005,0.012
2026/08/02,„ш±г∆ч,µзґѓ¬÷“ќіш„ш±г∆ч,0 ~ 20,0.1,0.53,-0.254,0% ~ 1%,0,0,0,0,-1,10,5.3,0.005,0.0265
2026/08/02,„ш±г∆ч,”§ґщ„ш±г∆чƒ–±¶±¶,0 ~ 20,-0.4,1.11,-0.083,25% ~ 30%,0.1,2,-0.35,0,-1,10,11.1,0.275,3.0525
2026/08/02,„ш±г∆ч,ґ„±гЄƒ„ш±г∆ч¬нЌ∞Љ“”√,0 ~ 20,0.55,0.45,-0.1,15% ~ 20%,0,1,0,0,0,10,4.5,0.175,0.7875
2026/08/02,„ш±г∆ч,ґ„±г¬нЌ∞„ш±г∆ч,0 ~ 20,0.1,0.45,-0.1,0% ~ 1%,0,0,0,0,0,10,4.5,0.005,0.0225
2026/08/02,„ш±г∆ч,„ш±г∆ч¬нЌ∞Є«ЅгЉю≈дЉю,0 ~ 20,0.35,0.72,-0.163,15% ~ 20%,0.5,2,1.05,0,-1,10,7.2,0.175,1.26
2026/08/02,„ш±г∆ч,ґщЌѓљ„ћЁ љ„ш±г∆ч,0 ~ 20,-0.45,0.46,-0.603,0% ~ 1%,-1.05,0,-1.05,0,-1,10,4.6,0.005,0.023
2026/08/02,„ш±г∆ч,јѕ љ„ш±г∆чЋЃѕд≈дЉю,0 ~ 20,0.35,0.62,-0.046,25% ~ 30%,0,2,0,0,0,10,6.2,0.275,1.705
2026/08/02,„ш±г∆ч,„ш±г∆ч¬нЌ∞Љ“”√іу≥еЅ¶,0 ~ 20,-0.5,0.53,-0.346,0% ~ 1%,0,0,0,0,-1,10,5.3,0.005,0.0265
2026/08/02,„ш±г∆ч,Љ“”√јѕ»Ћ„ш±г∆чњ…“∆ґѓ¬нЌ∞ “ƒЏ±г–ѓ љ,0 ~ 20,0.1,0.95,0.696,20% ~ 25%,0,2,0,0,-1,10,9.5,0.225,2.1375
2026/08/02,„ш±г∆ч,„ш±г∆ч≈©іеЇµ≤ё,0 ~ 20,-0.15,1.33,0.4,10% ~ 15%,0,1,0,0,-1,10,13.3,0.125,1.6625
2026/08/02,„ш±г∆ч,јѕ»Ћ¬нЌ∞„ш±г∆ч,0 ~ 20,-0.4,1.02,-0.15,10% ~ 15%,-0.4,1,-0.7,0,0,10,10.2,0.125,1.275
2026/08/02,„ш±г∆ч,„ш±г∆ч–¬њо,0 ~ 20,0.1,0.8,-0.13,0% ~ 1%,-1.05,0,-1.05,0,0,10,8,0.005,0.04
2026/08/02,„ш±г∆ч,±¶±¶ґ„њ”„ш±г∆ч,0 ~ 20,0.1,1.1,0.486,10% ~ 15%,0.15,1,0,0,-1,10,11,0.125,1.375
2026/08/02,„ш±г∆ч,Є®÷ъ„ш±г∆ч,0 ~ 20,1.05,0.86,1.606,20% ~ 25%,0,1,0,0,-1,10,8.6,0.225,1.935
2026/08/02,„ш±г∆ч,ґщЌѓљ„ћЁ љ„ш±г∆ч,0 ~ 20,-0.45,0.46,-0.603,0% ~ 1%,-1.05,0,-1.05,0,-1,10,4.6,0.005,0.023
2026/08/02,„ш±г∆ч,ґ„±г¬нЌ∞„ш±г∆ч,0 ~ 20,0.1,0.45,-0.1,0% ~ 1%,0,0,0,0,0,10,4.5,0.005,0.0225
2026/08/02,„ш±г∆ч,„ш±г∆ч√№ЈвљЇ,0 ~ 20,-0.15,1.56,0.857,30% ~ 35%,-0.3,3,-0.3,0,-1,10,15.6,0.325,5.07
2026/08/02,„ш±г∆ч,јѕ»Ћ¬нЌ∞„ш±г∆ч,0 ~ 20,-0.4,1.02,-0.15,10% ~ 15%,-0.4,1,-0.7,0,0,10,10.2,0.125,1.275
2026/08/02,„ш±г∆ч,¬нЌ∞ґщЌѓ„ш±г∆ч2Ћк“‘…ѕ,0 ~ 20,0,1.39,0,40% ~ 45%,0,2,0,0,0,10,13.9,0.425,5.9075
2026/08/02,„ш±г∆ч,ґ„±гЄƒ„ш±г∆ч¬нЌ∞Љ“”√,0 ~ 20,0.55,0.45,-0.1,15% ~ 20%,0,1,0,0,0,10,4.5,0.175,0.7875
2026/08/02,„ш±г∆ч,±г≥Ў„ш±г∆ч,0 ~ 20,0.35,0.62,0.348,25% ~ 30%,0.55,1,0,0,-1,10,6.2,0.275,1.705
2026/08/02,„ш±г∆ч,ґщЌѓ„ш±г∆ч3Ћк“‘…ѕ,0 ~ 20,0.55,0.96,0.524,0% ~ 1%,0,0,0,0,-1,10,9.6,0.005,0.048
2026/08/02,„ш±г∆ч,„ш±г∆ч¬нЌ∞Є«ЅгЉю≈дЉю,0 ~ 20,0.35,0.72,-0.163,15% ~ 20%,0.5,2,1.05,0,-1,10,7.2,0.175,1.26
2026/08/02,„ш±г∆ч,єћґ®«љ…ѕµƒ„ш±г∆ч,0 ~ 20,0,0.84,0,0% ~ 1%,0,0,0,0,0,10,8.4,0.005,0.042
2026/08/02,„ш±г∆ч,ґщЌѓ„®”√„ш±г∆ч,0 ~ 20,0.25,0.92,-0.186,10% ~ 15%,-0.45,1,0,0,0,10,9.2,0.125,1.15
2026/08/02,„ш±г∆ч,„ш±г∆ч–¬њо,0 ~ 20,0.1,0.8,-0.13,0% ~ 1%,-1.05,0,-1.05,0,0,10,8,0.005,0.04
2026/08/02,„ш±г∆ч,±г≥Ў„ш±г∆ч,0 ~ 20,0.35,0.62,0.348,25% ~ 30%,0.55,1,0,0,-1,10,6.2,0.275,1.705
2026/08/02,„ш±г∆ч,ґ„±г¬нЌ∞„ш±г∆ч,0 ~ 20,0.1,0.45,-0.1,0% ~ 1%,0,0,0,0,0,10,4.5,0.005,0.0225
2026/08/02,„ш±г∆ч,¬нЌ∞„ш±г∆чґщЌѓ±г–ѓ,0 ~ 20,-0.1,0.89,-0.073,0% ~ 1%,-1.05,0,-1.05,0,-1,10,8.9,0.005,0.0445
2026/08/02,„ш±г∆ч,≥µ‘Ў„ш±г∆ч,0 ~ 20,0.4,0.86,1.606,0% ~ 1%,0,0,0,0,-1,10,8.6,0.005,0.043
2026/08/02,„ш±г∆ч,„ш±г∆чЈјљ¶ƒт,0 ~ 20,-0.1,0.33,-0.365,0% ~ 1%,-1.05,0,-1.05,0,-1,10,3.3,0.005,0.0165
2026/08/02,„ш±г∆ч,„ш±г∆чЋЃѕд≈≈ЋЃЈІ,0 ~ 20,0.4,0.93,-0.17,0% ~ 1%,-1.05,0,-1.05,0,0,10,9.3,0.005,0.0465
2026/08/02,„ш±г∆ч,“∆ґѓ¬нЌ∞ЇЌ≥…»Ћ„ш±г∆ч‘х√і—°,0 ~ 20,0,0.9,0,25% ~ 30%,0,1,0,0,0,10,9,0.275,2.475
2026/08/02,„ш±г∆ч,„ш±г∆чµж„”“їіќ–‘,0 ~ 20,0,0.9,0,70% ~ 75%,0,8,0,0,0,10,9,0.725,6.525
2026/08/02,„ш±г∆ч,“∆ґѓ¬нЌ∞ЇЌ≥…»Ћ„ш±г∆ч‘х√і—°,0 ~ 20,0,0.9,0,25% ~ 30%,0,1,0,0,0,10,9,0.275,2.475
2026/08/02,„ш±г∆ч,„ш±г∆ч¬нЌ∞Є«≈дЉюЌ®”√,0 ~ 20,0,0.72,0,20% ~ 25%,0,2,0,0,0,10,7.2,0.225,1.62
2026/08/02,„ш±г∆ч,ґщЌѓ¬нЌ∞„ш±г∆ч«ељаіь,0 ~ 20,-0.2,0.72,-0.287,10% ~ 15%,-0.75,1,-0.85,0,-1,10,7.2,0.125,0.9
2026/08/02,„ш±г∆ч,Ќю њƒб„ш±г∆ч,0 ~ 20,0.85,0.38,0.086,0% ~ 1%,0,0,0,0,-1,10,3.8,0.005,0.019
2026/08/02,„ш±г∆ч,≈©іејѕ»ЋЇµ≤ё„ш±г∆ч,0 ~ 20,-0.2,0.65,-0.244,10% ~ 15%,0,1,0,0,-1,10,6.5,0.125,0.8125
2026/08/02,„ш±г∆ч,јѕƒк»Ћ…ѕ≤ёЋщ„ш±г∆ч,0 ~ 20,-0.4,1.08,1.4,0% ~ 1%,-1.05,0,-1.05,0,-1,10,10.8,0.005,0.054
2026/08/02,„ш±г∆ч,ґщЌѓ”√„ш±г∆ч,0 ~ 20,0,0.47,-0.58,20% ~ 25%,-0.35,1,-0.55,0,-1,10,4.7,0.225,1.0575
2026/08/02,„ш±г∆ч,Њ≈ƒЅ¬нЌ∞„ш±г∆чЉ“”√Їзќь љіу≥еЅ¶,0 ~ 20,0.25,0.31,-0.702,0% ~ 1%,0,0,0,0,-1,10,3.1,0.005,0.0155
2026/08/02,„ш±г∆ч,÷ ЅњЇ√µƒјѕ»Ћ„ш±г∆ч,0 ~ 20,0.4,1.07,0.216,0% ~ 1%,-1.05,0,-1.05,0,0,10,10.7,0.005,0.0535
2026/08/02,„ш±г∆ч,≥µ‘Ў„ш±г∆ч,0 ~ 20,0.4,0.86,1.606,0% ~ 1%,0,0,0,0,-1,10,8.6,0.005,0.043
2026/08/02,„ш±г∆ч,Ќю њƒб„ш±г∆ч,0 ~ 20,0.85,0.38,0.086,0% ~ 1%,0,0,0,0,-1,10,3.8,0.005,0.019
2026/08/02,„ш±г∆ч,ґщЌѓ„ш±г∆чƒ–±¶±¶„®”√,0 ~ 20,0.4,0.58,-0.301,15% ~ 20%,0,1,0,0,-1,10,5.8,0.175,1.015
2026/08/02,„ш±г∆ч,Ј≈÷«ƒ№¬нЌ∞…ѕµƒґщЌѓ„ш±г∆ч,0 ~ 20,0.25,1.24,0.292,0% ~ 1%,-1.05,0,-1.05,0,-1,10,12.4,0.005,0.062
2026/08/02,„ш±г∆ч,ґщЌѓ¬нЌ∞„ш±г∆ч«ељаіь,0 ~ 20,-0.2,0.72,-0.287,10% ~ 15%,-0.75,1,-0.85,0,-1,10,7.2,0.125,0.9
2026/08/02,„ш±г∆ч,јѕƒк»Ћ…ѕ≤ёЋщ„ш±г∆ч,0 ~ 20,-0.4,1.08,1.4,0% ~ 1%,-1.05,0,-1.05,0,-1,10,10.8,0.005,0.054
2026/08/02,„ш±г∆ч,ґщЌѓ”√„ш±г∆ч,0 ~ 20,0,0.47,-0.58,20% ~ 25%,-0.35,1,-0.55,0,-1,10,4.7,0.225,1.0575
2026/08/02,„ш±г∆ч,≥…»Ћ“∆ґѓ„ш±г∆ч,0 ~ 20,-0.3,1.07,1.098,0% ~ 1%,-1.05,0,-1.05,0,-1,10,10.7,0.005,0.0535
2026/08/02,„ш±г∆ч,ґ„≤ё„ш±г∆ч,0 ~ 20,0.6,0.33,-0.45,0% ~ 1%,0,0,0,0,0,10,3.3,0.005,0.0165
2026/08/02,„ш±г∆ч,≥µ‘Ў„ш±г∆ч,0 ~ 20,0.4,0.86,1.606,0% ~ 1%,0,0,0,0,-1,10,8.6,0.005,0.043
2026/08/02,„ш±г∆ч, ÷ хЇу„ш±г∆ч,0 ~ 20,0.45,0.5,0.852,0% ~ 1%,0,0,0,0,-1,10,5,0.005,0.025
2026/08/02,„ш±г∆ч,ґщЌѓ¬нЌ∞„ш±г∆ч¬•ћЁ љњ…’џµю,0 ~ 20,-0.1,0.69,-0.281,40% ~ 45%,1.05,2,0,0,-1,10,6.9,0.425,2.9325
2026/08/02,„ш±г∆ч,–°≥яіз„ш±г∆ч,0 ~ 20,0.15,0.64,0.143,0% ~ 1%,-1.05,0,-1.05,0,-1,10,6.4,0.005,0.032
2026/08/02,„ш±г∆ч,¬нЌ∞ґщЌѓ„ш±г∆чƒ–ЇҐ,0 ~ 20,0,0.74,0,0% ~ 1%,0,0,0,0,0,10,7.4,0.005,0.037
2026/08/02,„ш±г∆ч,Љэ≈∆„ш±г∆ч,0 ~ 20,-0.3,0.15,-0.817,0% ~ 1%,0,0,0,0,-1,10,1.5,0.005,0.0075
2026/08/02,„ш±г∆ч,≈©іе„ш±г∆ч,0 ~ 20,-0.45,0.33,0.138,0% ~ 1%,0,0,0,0,-1,10,3.3,0.005,0.0165
2026/08/02,„ш±г∆ч,±г≈и„ш±г∆ч‘х√і”√,0 ~ 20,0.3,0.29,0,0% ~ 1%,0,0,0,0,0,10,2.9,0.005,0.0145
2026/08/02,„ш±г∆ч,Љт“„Ѕў ±¬нЌ∞„ш±г∆ч,0 ~ 20,0.7,0.31,-0.311,25% ~ 30%,-0.55,1,0,0,-1,10,3.1,0.275,0.8525
2026/08/02,„ш±г∆ч, иЌ®„ш±г∆ч„®”√є§Њя…с∆ч,0 ~ 20,0.3,0.82,0.439,20% ~ 25%,0.15,2,1.05,0,-1,10,8.2,0.225,1.845
2026/08/02,„ш±г∆ч,Ѕљ”√„ш±г∆ч,0 ~ 20,-0.1,0.54,0.019,0% ~ 1%,0,0,0,0,-1,10,5.4,0.005,0.027
2026/08/02,„ш±г∆ч,√…ƒ»јц…ѓ¬нЌ∞„ш±г∆ч,0 ~ 20,0.3,1.27,0.671,0% ~ 1%,0,0,0,0,-1,10,12.7,0.005,0.0635
2026/08/02,„ш±г∆ч,¬нЌ∞…±ЊъѕыґЊ≈зќн≤ёЋщ«ељаЉЅ„ш±г∆ч≥эЊъ,0 ~ 20,0,0.47,0,65% ~ 70%,0,4,0,0,0,10,4.7,0.675,3.1725
2026/08/02,„ш±г∆ч,јѕ»Ћ„ш±г∆чµж»¶,0 ~ 20,0,0.88,0,20% ~ 25%,0,1,0,0,0,10,8.8,0.225,1.98
2026/08/02,„ш±г∆ч,“їіќ–‘„ш±г∆чћ„ґјЅҐ∞ь„∞,0 ~ 20,0.3,1.17,0.17,60% ~ 65%,0.25,6,1.05,0,-1,10,11.7,0.625,7.3125
2026/08/02,„ш±г∆ч,‘–ЄЊґ„њ”„ш±г∆ч,0 ~ 20,0.15,1.1,0.746,10% ~ 15%,-0.3,1,0,0,0,10,11,0.125,1.375
2026/08/02,„ш±г∆ч,toto„ш±г∆ч,0 ~ 20,0,1.58,3.158,0% ~ 1%,0,0,0,0,0,10,15.8,0.005,0.079
2026/08/02,„ш±г∆ч,≈©іе„ш±г∆ч,0 ~ 20,-0.45,0.33,0.138,0% ~ 1%,0,0,0,0,-1,10,3.3,0.005,0.0165
2026/08/02,„ш±г∆ч,Јј≥ф„ш±г∆ч,0 ~ 20,0,0.87,0,20% ~ 25%,0,1,0,0,0,10,8.7,0.225,1.9575
2026/08/02,„ш±г∆ч,јѕƒк»ЋЉ“Ќ•„ш±г∆чљб µƒЌ”√Јј≥ф,0 ~ 20,-0.25,0.85,-0.045,10% ~ 15%,-0.25,1,0,0,0,10,8.5,0.125,1.0625
2026/08/02,„ш±г∆ч,304≤ї–вЄ÷„ш±г∆ч,0 ~ 20,0.15,0.75,0.5,40% ~ 45%,0,2,0,0,-1,10,7.5,0.425,3.1875
2026/08/02,„ш±г∆ч,√…ƒ»јц…ѓ¬нЌ∞„ш±г∆ч,0 ~ 20,0.3,1.27,0.671,0% ~ 1%,0,0,0,0,-1,10,12.7,0.005,0.0635
2026/08/02,„ш±г∆ч,¬нЌ∞…±ЊъѕыґЊ≈зќн≤ёЋщ«ељаЉЅ„ш±г∆ч≥эЊъ,0 ~ 20,0,0.47,0,65% ~ 70%,0,4,0,0,0,10,4.7,0.675,3.1725
2026/08/02,„ш±г∆ч,„ш±г∆ч‘–ЄЊ,0 ~ 20,0,0.37,0,25% ~ 30%,0,2,0,0,0,10,3.7,0.275,1.0175
2026/08/02,„ш±г∆ч,Ѕљ”√„ш±г∆ч,0 ~ 20,-0.1,0.54,0.019,0% ~ 1%,0,0,0,0,-1,10,5.4,0.005,0.027
2026/08/02,„ш±г∆ч,304≤ї–вЄ÷„ш±г∆ч,0 ~ 20,0.15,0.75,0.5,40% ~ 45%,0,2,0,0,-1,10,7.5,0.425,3.1875
2026/08/02,„ш±г∆ч,≥…»Ћ„ш±г∆чЉ“”√њ…’џµю,0 ~ 20,0,0.73,0,10% ~ 15%,0,1,0,0,0,10,7.3,0.125,0.9125
2026/08/02,„ш±г∆ч,Ќ®¬нЌ∞…с∆ч“ї≈ЏЌ®„ш±г∆ч„®”√,0 ~ 20,-0.2,0.47,-0.277,0% ~ 1%,-1.05,0,-1.05,0,-1,10,4.7,0.005,0.0235
2026/08/02,„ш±г∆ч,јѕ»Ћ„ш±г∆ч¬нЌ∞“ќ„”Љ“”√≈дЉю,0 ~ 20,0,0.51,0,20% ~ 25%,0,1,0,0,0,10,5.1,0.225,1.1475
2026/08/02,„ш±г∆ч,јѕ»Ћ„ш±г∆ч¬нЌ∞“ќ„”Љ“”√Єяґ»‘х√і—°,0 ~ 20,0.15,0.68,0.214,25% ~ 30%,0.3,2,1.05,0,-1,10,6.8,0.275,1.87
2026/08/02,„ш±г∆ч,≈©іе„ш±г∆ч,0 ~ 20,-0.45,0.33,0.138,0% ~ 1%,0,0,0,0,-1,10,3.3,0.005,0.0165
2026/08/02,„ш±г∆ч,јѕ»Ћ„ш±г∆ч“∆ґѓ¬нЌ∞¬÷“ќ,0 ~ 20,-0.65,0.34,-0.553,0% ~ 1%,-1.05,0,-1.05,0,-1,10,3.4,0.005,0.017
2026/08/02,„ш±г∆ч,„ш±г∆чЅђљ”є№,0 ~ 20,0,1.11,0,30% ~ 35%,0,2,0,0,0,10,11.1,0.325,3.6075
2026/08/02,„ш±г∆ч,Ѕљ”√„ш±г∆ч,0 ~ 20,-0.1,0.54,0.019,0% ~ 1%,0,0,0,0,-1,10,5.4,0.005,0.027
2026/08/02,„ш±г∆ч,јѕ»Ћ„ш±г∆ч¬нЌ∞“ќ„”Љ“”√Єяґ»‘х√і—°,0 ~ 20,0.15,0.68,0.214,25% ~ 30%,0.3,2,1.05,0,-1,10,6.8,0.275,1.87
2026/08/02,„ш±г∆ч, иЌ®„ш±г∆ч„®”√є§Њя…с∆ч,0 ~ 20,0.3,0.82,0.439,20% ~ 25%,0.15,2,1.05,0,-1,10,8.2,0.225,1.845
2026/08/02,„ш±г∆ч,304≤ї–вЄ÷„ш±г∆ч,0 ~ 20,0.15,0.75,0.5,40% ~ 45%,0,2,0,0,-1,10,7.5,0.425,3.1875
2026/08/02,„ш±г∆ч,√®яд¬нЌ∞„ш±г∆ч,0 ~ 20,0,1.53,1.186,25% ~ 30%,-0.4,2,0,0,-1,10,15.3,0.275,4.2075
2026/08/02,„ш±г∆ч,„ш±г∆чЋЃѕд≈дЉюіу»Ђ,0 ~ 20,-0.45,0.51,-0.5,10% ~ 15%,-0.25,1,-0.55,0,-1,10,5.1,0.125,0.6375
2026/08/02,„ш±г∆ч,≈©іеЇµ≤ё„ш±г∆ч¬нЌ∞Є«,0 ~ 20,-0.35,0.75,-0.4,50% ~ 55%,0,2,0,0,-1,10,7.5,0.525,3.9375
2026/08/02,„ш±г∆ч,¬нЌ∞ґщЌѓ„ш±г∆ч¬•ћЁ љ,0 ~ 20,0.15,2.27,2.388,30% ~ 35%,0,2,0,0,-1,10,22.7,0.325,7.3775
2026/08/02,„ш±г∆ч,Љ“”√њ…’џµю„ш±г∆ч,0 ~ 20,0,0.46,-0.505,0% ~ 1%,-1.05,0,-1.05,0,-1,10,4.6,0.005,0.023
2026/08/02,„ш±г∆ч,їоґѓ¬нЌ∞Љ“”√„ш±г∆ч,0 ~ 20,-0.15,0.77,-0.408,20% ~ 25%,0,1,0,0,-1,10,7.7,0.225,1.7325
2026/08/02,„ш±г∆ч,“ќ„” љ„ш±г∆ч,0 ~ 20,-0.3,0.72,-0.294,0% ~ 1%,-1.05,0,-1.05,0,-1,10,7.2,0.005,0.036
2026/08/02,„ш±г∆ч,ґщЌѓ„ш±г∆чјђїшіь,0 ~ 20,-0.35,0.7,-0.079,40% ~ 45%,-0.05,3,-0.3,0,-1,10,7,0.425,2.975
2026/08/02,„ш±г∆ч,јѕ»Ћ„ш±г∆ч’џµю,0 ~ 20,0,0.67,0,20% ~ 25%,0,1,0,0,0,10,6.7,0.225,1.5075
2026/08/02,„ш±г∆ч,±¶±¶„ш±г∆ч≈Ѓ±¶”„ґщ„®”√,0 ~ 20,0,0.59,-0.314,10% ~ 15%,-0.6,1,-0.55,0,-1,10,5.9,0.125,0.7375
2026/08/02,„ш±г∆ч,≈©іеЇµ≤ё„ш±г∆ч¬нЌ∞Є«,0 ~ 20,-0.35,0.75,-0.4,50% ~ 55%,0,2,0,0,-1,10,7.5,0.525,3.9375
2026/08/02,„ш±г∆ч,јѕ»Ћ”√µƒ„ш±г∆ч,0 ~ 20,0,0.7,0,20% ~ 25%,0,1,0,0,0,10,7,0.225,1.575
2026/08/02,„ш±г∆ч,Ѕў ±¬нЌ∞„ш±г∆ч,0 ~ 20,-0.5,0.48,-0.351,30% ~ 35%,1.35,1,0,0,-1,10,4.8,0.325,1.56
2026/08/02,„ш±г∆ч,“їЋк±¶±¶„ш±г∆ч,0 ~ 20,0.3,1.02,0.397,25% ~ 30%,0,2,0,0,-1,10,10.2,0.275,2.805
2026/08/02,„ш±г∆ч,¬нЌ∞„ш±г∆чµ „”,0 ~ 20,-0.15,0.65,-0.454,50% ~ 55%,0,2,-0.35,0,-1,10,6.5,0.525,3.4125
2026/08/02,„ш±г∆ч,“їЋк±¶±¶„ш±г∆ч,0 ~ 20,0.3,1.02,0.397,25% ~ 30%,0,2,0,0,-1,10,10.2,0.275,2.805
2026/08/02,„ш±г∆ч,Ѕў ±¬нЌ∞„ш±г∆ч,0 ~ 20,-0.5,0.48,-0.351,30% ~ 35%,1.35,1,0,0,-1,10,4.8,0.325,1.56
2026/08/02,„ш±г∆ч,ґщЌѓ„ш±г∆чјђїшіь,0 ~ 20,-0.35,0.7,-0.079,40% ~ 45%,-0.05,3,-0.3,0,-1,10,7,0.425,2.975
2026/08/02,„ш±г∆ч,‘–ЄЊ„ш±г∆чњ…’џµю,0 ~ 20,0,0.71,0.044,10% ~ 15%,0,1,0,0,-1,10,7.1,0.125,0.8875
2026/08/02,„ш±г∆ч,јѕ»Ћ„ш±г∆чƒЏЌ∞,0 ~ 20,0,0.78,0,10% ~ 15%,0,1,0,0,0,10,7.8,0.125,0.975
2026/08/02,„ш±г∆ч,Љ“”√ґ„њ”Єƒ„ш±г∆ч,0 ~ 20,-0.45,0.53,-0.145,25% ~ 30%,0.55,1,-0.55,0,-1,10,5.3,0.275,1.4575
2026/08/02,„ш±г∆ч,„ш±г∆ч ÷«ƒ№,0 ~ 20,0,1.13,0,15% ~ 20%,0,1,0,0,0,10,11.3,0.175,1.9775
2026/08/02,„ш±г∆ч,‘–ЄЊ¬нЌ∞„ш±г∆чњ…“∆ґѓ,0 ~ 20,-0.15,0.4,-0.48,0% ~ 1%,-1.05,0,-1.05,0,-1,10,4,0.005,0.02
2026/08/02,„ш±г∆ч,Љ“”√њ…’џµю„ш±г∆ч,0 ~ 20,0,0.46,-0.505,0% ~ 1%,-1.05,0,-1.05,0,-1,10,4.6,0.005,0.023
2026/08/02,„ш±г∆ч,ќј…ъЉдґ„њ”Єƒ„ш±г∆ч,0 ~ 20,-0.35,0.81,0.929,20% ~ 25%,0,1,0,0,-1,10,8.1,0.225,1.8225
2026/08/02,„ш±г∆ч,¬нЌ∞„ш±г∆чґщЌѓ“ЋЉ“,0 ~ 20,0,1.47,0,0% ~ 1%,0,0,0,0,0,10,14.7,0.005,0.0735
2026/08/02,„ш±г∆ч,„ш±г∆ч¬нЌ∞÷«ƒ№,0 ~ 20,0,0.71,0,15% ~ 20%,0,1,0,0,0,10,7.1,0.175,1.2425
2026/08/02,„ш±г∆ч,іу–°±г„ш±г∆ч,0 ~ 20,-0.2,0.6,-0.46,20% ~ 25%,-0.25,1,-0.55,0,-1,10,6,0.225,1.35
2026/08/02,„ш±г∆ч,≤°»Ћ”√µƒ„ш±г∆ч,0 ~ 20,-0.2,0.59,-0.145,0% ~ 1%,0,0,0,0,0,10,5.9,0.005,0.0295
2026/08/02,„ш±г∆ч,Љ“”√њ…’џµю„ш±г∆ч,0 ~ 20,0,0.46,-0.505,0% ~ 1%,-1.05,0,-1.05,0,-1,10,4.6,0.005,0.023
2026/08/02,„ш±г∆ч,“ќ„” љ„ш±г∆ч,0 ~ 20,-0.3,0.72,-0.294,0% ~ 1%,-1.05,0,-1.05,0,-1,10,7.2,0.005,0.036
2026/08/02,„ш±г∆ч,√®яд¬нЌ∞„ш±г∆ч,0 ~ 20,0,1.53,1.186,25% ~ 30%,-0.4,2,0,0,-1,10,15.3,0.275,4.2075
2026/08/02,„ш±г∆ч,јѕ»Ћ„ш±г∆чіуЇ≈,0 ~ 20,0,0.85,0,20% ~ 25%,0,1,0,0,0,10,8.5,0.225,1.9125
2026/08/02,„ш±г∆ч,ƒ–±¶„ш±г∆ч,0 ~ 20,0,0.33,0,0% ~ 1%,0,0,0,0,0,10,3.3,0.005,0.0165
2026/08/02,„ш±г∆ч,‘–ЄЊ¬нЌ∞„ш±г∆чњ…’џµю,0 ~ 20,0.15,0.35,-0.663,25% ~ 30%,0,1,0,0,-1,10,3.5,0.275,0.9625
2026/08/02,„ш±г∆ч,‘–ЄЊ¬нЌ∞„ш±г∆чњ…“∆ґѓ,0 ~ 20,-0.15,0.4,-0.48,0% ~ 1%,-1.05,0,-1.05,0,-1,10,4,0.005,0.02
2026/08/02,„ш±г∆ч,±¶±¶„ш±г∆ч≈Ѓ±¶”„ґщ„®”√,0 ~ 20,0,0.59,-0.314,10% ~ 15%,-0.6,1,-0.55,0,-1,10,5.9,0.125,0.7375
2026/08/02,„ш±г∆ч,ґає¶ƒ№јѕƒк»Ћ„ш±г∆ч,0 ~ 20,0,0.58,0,0% ~ 1%,0,0,0,0,0,10,5.8,0.005,0.029
2026/08/02,„ш±г∆ч,Јјїђ„ш±г∆ч,0 ~ 20,0.3,1.04,-0.453,30% ~ 35%,-0.6,2,-0.35,0,0,10,10.4,0.325,3.38
2026/08/02,„ш±г∆ч,“їЋк±¶±¶„ш±г∆ч,0 ~ 20,0.3,1.02,0.397,25% ~ 30%,0,2,0,0,-1,10,10.2,0.275,2.805
2026/08/02,„ш±г∆ч,µзґѓ„ш±г∆ч,0 ~ 20,0.55,0.17,-0.696,0% ~ 1%,0,0,0,0,0,10,1.7,0.005,0.0085
2026/08/02,„ш±г∆ч,¬нЌ∞„ш±г∆чµ „”,0 ~ 20,-0.15,0.65,-0.454,50% ~ 55%,0,2,-0.35,0,-1,10,6.5,0.525,3.4125
2026/08/02,„ш±г∆ч,“ќ„” љ„ш±г∆ч,0 ~ 20,-0.3,0.72,-0.294,0% ~ 1%,-1.05,0,-1.05,0,-1,10,7.2,0.005,0.036
2026/08/02,„ш±г∆ч,Љ”Єяјѕ»Ћ„ш±г∆ч,0 ~ 20,0.35,0.75,-0.118,10% ~ 15%,-0.3,1,0,0,-1,10,7.5,0.125,0.9375
2026/08/02,„ш±г∆ч,≈Ѓ±¶±¶„ш±г∆ч,0 ~ 20,0,0.76,0,15% ~ 20%,0,1,0,0,0,10,7.6,0.175,1.33
2026/08/02,„ш±г∆ч,≤ёЋщ„®”√„ш±г∆ч,0 ~ 20,0,0.83,0,75% ~ 80%,0,3,0,0,0,10,8.3,0.775,6.4325
2026/08/02,„ш±г∆ч,–°≈у”—„ш±г∆ч,0 ~ 20,0,1.09,0.787,60% ~ 65%,2.05,3,2.05,0,-1,10,10.9,0.625,6.8125
2026/08/02,„ш±г∆ч,‘–∆Џ„ш±г∆ч,0 ~ 20,-0.35,0.19,-0.926,0% ~ 1%,-1.05,0,-1.05,0,-1,10,1.9,0.005,0.0095
2026/08/02,„ш±г∆ч,јѕƒк»Ћ„ш±г∆ч“ќ„”єўЈљ∆мљҐµк,0 ~ 20,0,0.73,0,25% ~ 30%,0,1,0,0,0,10,7.3,0.275,2.0075
2026/08/02,„ш±г∆ч, µƒЊ„ш±г∆ч,0 ~ 20,-0.15,0.6,-0.241,20% ~ 25%,0,1,0,0,-1,10,6,0.225,1.35
2026/08/02,„ш±г∆ч,ґ„њ”Єƒ¬нЌ∞„ш±г∆ч,0 ~ 20,-0.25,1.57,-0.335,0% ~ 1%,-1.05,0,-1.05,0,0,10,15.7,0.005,0.0785
2026/08/02,„ш±г∆ч,„ш±г∆ч‘цЄя,0 ~ 20,0,1.29,0,55% ~ 60%,0,4,0,0,0,10,12.9,0.575,7.4175
2026/08/02,„ш±г∆ч,≈Ѓ±¶±¶„ш±г∆ч,0 ~ 20,0,0.76,0,15% ~ 20%,0,1,0,0,0,10,7.6,0.175,1.33
2026/08/02,„ш±г∆ч,ќј…ъЉд„ш±г∆чЈц ÷,0 ~ 20,0,1.15,0,30% ~ 35%,0,2,0,0,0,10,11.5,0.325,3.7375
2026/08/02,„ш±г∆ч,ќ‘ “„ш±г∆ч,0 ~ 20,0,0.45,0,0% ~ 1%,0,0,0,0,0,10,4.5,0.005,0.0225
2026/08/02,„ш±г∆ч,јѕƒк»Ћ„ш±г∆ч“ќ„”єўЈљ∆мљҐµк,0 ~ 20,0,0.73,0,25% ~ 30%,0,1,0,0,0,10,7.3,0.275,2.0075
2026/08/02,„ш±г∆ч,  Їѕјѕƒк»Ћµƒ„ш±г∆ч,0 ~ 20,-0.3,0.76,-0.095,0% ~ 1%,-1.05,0,-1.05,0,0,10,7.6,0.005,0.038
2026/08/02,„ш±г∆ч,ћ’і…¬нЌ∞„ш±г∆ч,0 ~ 20,0,0.65,0,0% ~ 1%,0,0,0,0,0,10,6.5,0.005,0.0325
2026/08/02,„ш±г∆ч, µƒЊ„ш±г∆ч,0 ~ 20,-0.15,0.6,-0.241,20% ~ 25%,0,1,0,0,-1,10,6,0.225,1.35
2026/08/02,„ш±г∆ч,ќ‘ “„ш±г∆ч,0 ~ 20,0,0.45,0,0% ~ 1%,0,0,0,0,0,10,4.5,0.005,0.0225
2026/08/02,„ш±г∆ч,babycare„ш±г∆ч,0 ~ 20,0,0.41,0,0% ~ 1%,0,0,0,0,0,10,4.1,0.005,0.0205
2026/08/02,„ш±г∆ч,µЎ≈≈÷«ƒ№„ш±г∆чЇ√∆ј∞с,0 ~ 20,-0.25,1.21,0.806,100% ~ 105%,0,1,0,0,0,10,12.1,1.025,12.4025
2026/08/02,„ш±г∆ч,–°ƒ–ЇҐ„ш±г∆ч,0 ~ 20,0,0.79,0,0% ~ 1%,0,0,0,0,0,10,7.9,0.005,0.0395
2026/08/02,„ш±г∆ч,њ∆ј’¬нЌ∞„ш±г∆ч,0 ~ 20,0,0.41,0,0% ~ 1%,0,0,0,0,0,10,4.1,0.005,0.0205
2026/08/02,„ш±г∆ч,‘–ЄЊЉ“”√„ш±г∆ч,0 ~ 20,0,1.05,0,0% ~ 1%,0,0,0,0,0,10,10.5,0.005,0.0525
2026/08/02,„ш±г∆ч,¬нЌ∞„ш±г∆чЄ«„”єћґ®≈дЉю,0 ~ 20,-0.5,0.73,-0.189,40% ~ 45%,-0.3,2,-0.7,0,-1,10,7.3,0.425,3.1025
2026/08/02,„ш±г∆ч,јѕ љ„ш±г∆ч,0 ~ 20,0,0.97,0.311,0% ~ 1%,0,0,0,0,0,10,9.7,0.005,0.0485
2026/08/02,„ш±г∆ч,њ∆ј’¬нЌ∞„ш±г∆ч,0 ~ 20,0,0.41,0,0% ~ 1%,0,0,0,0,0,10,4.1,0.005,0.0205
2026/08/02,„ш±г∆ч,‘–∆Џ„ш±г∆ч,0 ~ 20,-0.35,0.19,-0.926,0% ~ 1%,-1.05,0,-1.05,0,-1,10,1.9,0.005,0.0095
2026/08/02,„ш±г∆ч,≈Ѓ±¶„ш±г∆ч,0 ~ 20,0,1.1,0,50% ~ 55%,0,4,0,0,0,10,11,0.525,5.775
2026/08/02,„ш±г∆ч,„ш±г∆ч«еѕі…с∆ч≥эƒтєЄ,0 ~ 20,0.15,0.63,-0.212,60% ~ 65%,0,3,0,0,-1,10,6.3,0.625,3.9375
2026/08/02,„ш±г∆ч,≤–Љ≤»Ћ„ш±г∆ч,0 ~ 20,0,0.46,0,25% ~ 30%,0,1,0,0,0,10,4.6,0.275,1.265
2026/08/02,„ш±г∆ч,ќј‘°¬нЌ∞„ш±г∆ч,0 ~ 20,0,0.96,0.684,0% ~ 1%,0,0,0,0,0,10,9.6,0.005,0.048
2026/08/02,„ш±г∆ч,≤ёЋщ„®”√„ш±г∆ч,0 ~ 20,0,0.83,0,75% ~ 80%,0,3,0,0,0,10,8.3,0.775,6.4325
2026/08/02,„ш±г∆ч,–°≈у”—„ш±г∆ч,0 ~ 20,0,1.09,0.787,60% ~ 65%,2.05,3,2.05,0,-1,10,10.9,0.625,6.8125
2026/08/01,„ш±г∆ч,„ш±г∆чЋ—Ћчі ,2500 ~ 5000,-0.15,0.55,0.1,10% ~ 15%,0.15,100 ~ 250,0.2,0.06,-0.143,3750,2062.5,0.125,257.8125
2026/08/01,„ш±г∆ч,¬нЌ∞„ш±г∆чґщЌѓ,1200 ~ 2500,-0.05,0.91,0.071,20% ~ 25%,-0.05,100 ~ 250,-0.1,0.25,0,1850,1683.5,0.225,378.7875
2026/08/01,„ш±г∆ч,„ш±г∆чјѕ»Ћ“∆ґѓ¬нЌ∞,600 ~ 1200,0.1,0.83,0.012,15% ~ 20%,0.15,100 ~ 250,0.25,0.23,0.045,900,747,0.175,130.725
2026/08/01,„ш±г∆ч,јѕ»Ћ„ш±г∆ч,600 ~ 1200,0.05,0.87,0.048,25% ~ 30%,0.2,100 ~ 250,0.2,0.1,0.111,900,783,0.275,215.325
2026/08/01,„ш±г∆ч,„ш±г∆ч¬нЌ∞,600 ~ 1200,0.05,0.63,0.068,5% ~ 7.5%,-0.2,10 ~ 50,-0.15,0.01,0,900,567,0.062,35.154
2026/08/01,„ш±г∆ч,јѕ»Ћ“∆ґѓ¬нЌ∞„ш±г∆ч,600 ~ 1200,0.2,0.91,0.213,20% ~ 25%,0.15,50 ~ 100,0.4,0.14,0.167,900,819,0.225,184.275
2026/08/01,„ш±г∆ч,ґщЌѓ„ш±г∆ч,600 ~ 1200,0.05,0.97,0.021,20% ~ 25%,0.3,50 ~ 100,0.3,0.09,0,900,873,0.225,196.425
2026/08/01,„ш±г∆ч,¬нЌ∞„ш±г∆ч“∆ґѓјѕ»Ћ,300 ~ 600,0.1,0.89,0.072,10% ~ 15%,-0.25,10 ~ 50,-0.25,0.11,0.1,450,400.5,0.125,50.0625
2026/08/01,„ш±г∆ч,„ш±г∆ч¬нЌ∞Љ“”√,300 ~ 600,0.05,0.64,0.103,2.5% ~ 5%,-0.3,10 ~ 50,-0.3,0.03,0,450,288,0.037,10.656
2026/08/01,„ш±г∆ч,¬нЌ∞ґщЌѓ„ш±г∆ч,300 ~ 600,-0.2,1,0.075,25% ~ 30%,0.15,50 ~ 100,-0.15,0.07,-0.222,450,450,0.275,123.75
2026/08/01,„ш±г∆ч,„ш±г∆ч≈дЉюіу»Ђ,300 ~ 600,0.1,0.79,0.162,25% ~ 30%,-0.1,50 ~ 100,0.05,0.33,0.065,450,355.5,0.275,97.7625
2026/08/01,„ш±г∆ч,¬нЌ∞„ш±г∆чЉ“”√,300 ~ 600,0.35,0.58,-0.134,7.5% ~ 10%,-0.3,10 ~ 50,-0.15,0.02,0,450,261,0.087,22.707
2026/08/01,„ш±г∆ч,ґщЌѓ¬нЌ∞„ш±г∆ч≈Ѓ±¶±¶,300 ~ 600,0.1,1.05,0.221,25% ~ 30%,-0.1,50 ~ 100,0.15,0.23,0.045,450,472.5,0.275,129.9375
2026/08/01,„ш±г∆ч,‘–ЄЊ„ш±г∆ч,300 ~ 600,-0.05,0.79,0.013,20% ~ 25%,-0.25,10 ~ 50,-0.2,0.05,0,450,355.5,0.225,79.9875
2026/08/01,„ш±г∆ч,ґщЌѓ¬нЌ∞„ш±г∆чƒ–Ќѓ,300 ~ 600,0.05,0.84,-0.168,30% ~ 35%,0.15,50 ~ 100,0.1,1.89,0.044,450,378,0.325,122.85
2026/08/01,„ш±г∆ч,јѕƒк»Ћ„ш±г∆ч“ќ„”,300 ~ 600,-0.05,0.76,-0.084,15% ~ 20%,0.25,10 ~ 50,0.15,0.8,-0.012,450,342,0.175,59.85
2026/08/01,„ш±г∆ч,„ш±г∆чґ„њ”…с∆ч,300 ~ 600,0.15,0.89,0.156,20% ~ 25%,0.45,10 ~ 50,0.55,0.09,0.125,450,400.5,0.225,90.1125
2026/08/01,„ш±г∆ч,јѕ»Ћ“∆ґѓ„ш±г∆ч,150 ~ 300,0.05,0.85,-0.045,10% ~ 15%,-0.4,10 ~ 50,-0.4,0.06,0,225,191.25,0.125,23.9062
2026/08/01,„ш±г∆ч,јѕ»Ћ„ш±г∆ч¬нЌ∞“ќ„”Љ“”√,150 ~ 300,0.25,0.82,-0.268,15% ~ 20%,-0.3,10 ~ 50,-0.2,0.49,0.225,225,184.5,0.175,32.2875
2026/08/01,„ш±г∆ч,±¶±¶„ш±г∆ч,150 ~ 300,0.05,0.91,-0.032,30% ~ 35%,0.2,50 ~ 100,0.3,0.05,0,225,204.75,0.325,66.5438
2026/08/01,„ш±г∆ч,÷«ƒ№¬нЌ∞„ш±г∆ч,150 ~ 300,-0.05,0.69,0.302,0% ~ 1%,0.05,1,0,0.03,0,225,155.25,0.005,0.7762
2026/08/01,„ш±г∆ч,јѕ»Ћ„ш±г∆ч“∆ґѓ¬нЌ∞,150 ~ 300,-0.1,0.81,-0.1,15% ~ 20%,-0.15,10 ~ 50,-0.2,0.06,0,225,182.25,0.175,31.8937
2026/08/01,„ш±г∆ч,ґщЌѓ¬нЌ∞„ш±г∆ч,150 ~ 300,0.1,0.91,-0.117,25% ~ 30%,-0.15,10 ~ 50,-0.15,0.04,0,225,204.75,0.275,56.3063
2026/08/01,„ш±г∆ч,¬нЌ∞‘–ЄЊ„ш±г∆ч,150 ~ 300,0.1,0.85,-0.066,25% ~ 30%,0.95,10 ~ 50,0.95,0.04,0,225,191.25,0.275,52.5938
2026/08/01,„ш±г∆ч,“∆ґѓ¬нЌ∞„ш±г∆чјѕ»Ћ,150 ~ 300,-0.15,0.71,-0.066,15% ~ 20%,0.35,10 ~ 50,0.05,0.05,0,225,159.75,0.175,27.9562
2026/08/01,„ш±г∆ч,≈©іеЇµ≤ё„ш±г∆ч,150 ~ 300,-0.05,0.56,-0.282,10% ~ 15%,2,10 ~ 50,1.55,0.16,-0.059,225,126,0.125,15.75
2026/08/01,„ш±г∆ч,јѕƒк»Ћ„ш±г∆ч“∆ґѓ¬нЌ∞,150 ~ 300,-0.1,0.81,-0.09,15% ~ 20%,0.25,10 ~ 50,0.35,0.11,0,225,182.25,0.175,31.8937
2026/08/01,„ш±г∆ч,„ш±г∆чґщЌѓ,150 ~ 300,0.15,0.95,0.067,15% ~ 20%,-0.05,10 ~ 50,0.25,0.03,0.5,225,213.75,0.175,37.4062
2026/08/01,„ш±г∆ч,јѕ»Ћ¬нЌ∞„ш±г∆чњ…“∆ґѓ,150 ~ 300,0.1,0.8,-0.024,15% ~ 20%,-0.25,10 ~ 50,-0.2,0.09,0.125,225,180,0.175,31.5
2026/08/01,„ш±г∆ч,¬нЌ∞ґщЌѓ„ш±г∆ч3Ћк“‘…ѕ,150 ~ 300,0.1,1.11,0.018,25% ~ 30%,-0.05,10 ~ 50,0.05,7.82,0.082,225,249.75,0.275,68.6813
2026/08/01,„ш±г∆ч,„ш±г∆чµж»¶,150 ~ 300,-0.1,0.66,-0.083,40% ~ 45%,0.1,10 ~ 50,0.1,0.06,0,225,148.5,0.425,63.1125
2026/08/01,„ш±г∆ч,Љ“”√ љ„ш±г∆ч,150 ~ 300,0.25,0.62,0.127,10% ~ 15%,-0.4,4,0,0.02,0,225,139.5,0.125,17.4375
2026/08/01,„ш±г∆ч,„ш±г∆чЉ“”√,150 ~ 300,0.2,0.59,0.073,5% ~ 7.5%,-0.05,4,0,0.01,0,225,132.75,0.062,8.2305
2026/08/01,„ш±г∆ч,јѕƒк»Ћ¬нЌ∞„ш±г∆чњ…“∆ґѓ,150 ~ 300,-0.05,0.85,0.076,5% ~ 7.5%,-0.65,7,-0.65,0.19,0,225,191.25,0.062,11.8575
2026/08/01,„ш±г∆ч,±г–ѓ љ„ш±г∆ч,50 ~ 150,-0.1,0.81,0.174,15% ~ 20%,-0.2,10 ~ 50,-0.35,0.05,-0.167,100,81,0.175,14.175
2026/08/01,„ш±г∆ч,≥…»Ћ„ш±г∆чЉ“”√,50 ~ 150,0,0.79,0.097,20% ~ 25%,-0.05,10 ~ 50,0.1,0.08,0,100,79,0.225,17.775
2026/08/01,„ш±г∆ч,јѕ»Ћ±г–ѓ љ„ш±г∆ч,50 ~ 150,2,1.11,0.194,20% ~ 25%,-0.25,10 ~ 50,1.3,0.08,1.667,100,111,0.225,24.975
2026/08/01,„ш±г∆ч,Їµ≤ё„ш±г∆ч≈©іе,50 ~ 150,0.05,0.68,-0.068,5% ~ 7.5%,-0.35,5,-0.3,0.09,0,100,68,0.062,4.216
2026/08/01,„ш±г∆ч,¬нЌ∞„ш±г∆ч,50 ~ 150,0.05,0.64,-0.169,10% ~ 15%,0.7,7,0.45,0,0,100,64,0.125,8
2026/08/01,„ш±г∆ч,„ш±г∆ч‘–ЄЊ„®”√,50 ~ 150,0.1,1.12,0.204,20% ~ 25%,-0.05,10 ~ 50,0.25,0.29,0.115,100,112,0.225,25.2
2026/08/01,„ш±г∆ч,‘–ЄЊ¬нЌ∞„ш±г∆ч,50 ~ 150,-0.05,0.82,0,15% ~ 20%,0.25,10 ~ 50,0.35,0.02,0,100,82,0.175,14.35
2026/08/01,„ш±г∆ч,ґщЌѓ¬нЌ∞„ш±г∆чµж»¶,50 ~ 150,0.25,0.99,0.207,30% ~ 35%,-0.05,10 ~ 50,0.35,0.34,0.214,100,99,0.325,32.175
2026/08/01,„ш±г∆ч,–°ЇҐ¬нЌ∞„ш±г∆ч,50 ~ 150,0.05,0.96,-0.04,25% ~ 30%,-0.1,10 ~ 50,-0.35,0.04,0,100,96,0.275,26.4
2026/08/01,„ш±г∆ч,„ш±г∆чЋЃѕд≈дЉю,50 ~ 150,0.25,0.67,-0.13,30% ~ 35%,1.55,10 ~ 50,1.9,0.02,0,100,67,0.325,21.775
2026/08/01,„ш±г∆ч,Љт“„„ш±г∆ч,50 ~ 150,0.1,0.83,0.186,20% ~ 25%,1.2,10 ~ 50,1.3,0.08,0,100,83,0.225,18.675
2026/08/01,„ш±г∆ч,„ш±г∆ч¬нЌ∞Є«,50 ~ 150,0.3,0.92,0.15,20% ~ 25%,-0.35,10 ~ 50,0.1,0.01,0,100,92,0.225,20.7
2026/08/01,„ш±г∆ч, јЉЌ±¶±і„ш±г∆ч,50 ~ 150,0.15,0.95,0.159,2.5% ~ 5%,-0.1,2,0,0.4,0.111,100,95,0.037,3.515
2026/08/01,„ш±г∆ч,„ш±г∆чЈц ÷Љ№јѕ»ЋЉ“”√,50 ~ 150,0.1,0.83,-0.012,10% ~ 15%,0.15,8,0.35,0.51,0.109,100,83,0.125,10.375
2026/08/01,„ш±г∆ч,≤°»Ћ¬нЌ∞„ш±г∆ч,50 ~ 150,-0.1,0.61,-0.344,10% ~ 15%,-0.65,7,-0.7,0.03,0,100,61,0.125,7.625
2026/08/01,„ш±г∆ч,ґщЌѓ¬нЌ∞„ш±г∆чƒ–±¶±¶„®”√,50 ~ 150,0.2,0.95,0.234,20% ~ 25%,-0.25,10 ~ 50,-0.3,0.06,0.2,100,95,0.225,21.375
2026/08/01,„ш±г∆ч,ґ„њ”„ш±г∆ч,50 ~ 150,-0.2,0.76,-0.116,7.5% ~ 10%,-0.5,4,-0.65,0,-1,100,76,0.087,6.612
2026/08/01,„ш±г∆ч,Їµ≤ё„ш±г∆ч,50 ~ 150,0.1,0.47,-0.277,10% ~ 15%,-0.25,5,-0.3,0,-1,100,47,0.125,5.875
2026/08/01,„ш±г∆ч,њ…“∆ґѓ¬нЌ∞„ш±г∆ч,50 ~ 150,-0.2,1.06,0.342,15% ~ 20%,-0.1,8,-0.25,0,-1,100,106,0.175,18.55
2026/08/01,„ш±г∆ч,÷«ƒ№¬нЌ∞“їће љ»Ђ„‘ґѓ„ш±г∆ч≥еѕіЇжЄ…,50 ~ 150,0.15,0.66,0.158,5% ~ 7.5%,0,2,0,0,-1,100,66,0.062,4.092
2026/08/01,„ш±г∆ч,ќј…ъЉд„ш±г∆ч,50 ~ 150,0.15,0.7,0.077,20% ~ 25%,3.6,8,3.05,0,-1,100,70,0.225,15.75
2026/08/01,„ш±г∆ч,Љ“”√„ш±г∆ч,50 ~ 150,-0.3,0.93,0.081,10% ~ 15%,0.05,6,-0.15,0,-1,100,93,0.125,11.625
2026/08/01,„ш±г∆ч,≥…»Ћ“∆ґѓ¬нЌ∞„ш±г∆ч,50 ~ 150,-0.1,0.81,-0.024,25% ~ 30%,-0.25,10 ~ 50,-0.15,0,-1,100,81,0.275,22.275
2026/08/01,„ш±г∆ч,‘–ЄЊ„ш±г∆чґ„њ”…с∆ч,50 ~ 150,0.1,0.75,-0.292,10% ~ 15%,-0.3,7,-0.25,0,-1,100,75,0.125,9.375
2026/08/01,„ш±г∆ч,±¶±¶¬нЌ∞„ш±г∆ч≈Ѓ±¶,50 ~ 150,-0.25,1.08,-0.027,30% ~ 35%,0.8,10 ~ 50,0.4,0,-1,100,108,0.325,35.1
2026/08/01,„ш±г∆ч,±¶±¶„ш±г∆ч≈Ѓ±¶,50 ~ 150,0.25,1.07,0.176,10% ~ 15%,-0.3,6,-0.3,0,-1,100,107,0.125,13.375
2026/08/01,„ш±г∆ч,„ш±г∆ч±¶±¶,50 ~ 150,-0.15,0.67,-0.287,15% ~ 20%,-0.25,8,-0.3,0,-1,100,67,0.175,11.725
2026/08/01,„ш±г∆ч,Љт“„¬нЌ∞„ш±г∆чјѕ»Ћ,50 ~ 150,-0.2,0.76,-0.095,15% ~ 20%,-0.1,9,-0.15,0,-1,100,76,0.175,13.3
2026/08/01,„ш±г∆ч,јѕ»Ћ„ш±г∆чµЏ“ї√ы,50 ~ 150,-0.1,0.69,-0.4,20% ~ 25%,0.15,9,0.3,0,-1,100,69,0.225,15.525
2026/08/01,„ш±г∆ч,ґщЌѓ„ш±г∆ч≈ЃЇҐ,50 ~ 150,0.05,1.04,-0.141,20% ~ 25%,-0.2,10 ~ 50,-0.2,0,-1,100,104,0.225,23.4
2026/08/01,„ш±г∆ч,Љ“”√¬нЌ∞„ш±г∆ч,50 ~ 150,0.3,0.78,0.56,0% ~ 1%,-1.05,0,-1.05,0,0,100,78,0.005,0.39
2026/08/01,„ш±г∆ч,Љ“”√јѕ»Ћ„ш±г∆чњ…“∆ґѓ¬нЌ∞ “ƒЏ,50 ~ 150,-0.05,1.2,0.071,20% ~ 25%,0.2,8,0,0,-1,100,120,0.225,27
2026/08/01,„ш±г∆ч,±¶±¶„ш±г∆чƒ–±¶,50 ~ 150,-0.15,0.97,-0.11,15% ~ 20%,-0.15,8,-0.35,0,-1,100,97,0.175,16.975
2026/08/01,„ш±г∆ч,ґщЌѓ¬нЌ∞„ш±г∆ч6Ћк“‘…ѕ,50 ~ 150,0.15,1.15,-0.129,20% ~ 25%,0.65,8,0.65,0,-1,100,115,0.225,25.875
2026/08/01,„ш±г∆ч,Њ≈ƒЅіу≥еЅ¶„ш±г∆ч,50 ~ 150,0.45,0,-1,0% ~ 1%,-1.05,0,-1.05,0,-1,100,0,0.005,0
2026/08/01,„ш±г∆ч,≈Ѓ њ„ш±г∆ч,50 ~ 150,0.05,0.71,0.511,30% ~ 35%,0.35,7,0.2,0,-1,100,71,0.325,23.075
2026/08/01,„ш±г∆ч,ґщЌѓ„ш±г∆ч¬нЌ∞»¶,50 ~ 150,0.25,1.06,0.413,20% ~ 25%,0.3,9,0.55,0,-1,100,106,0.225,23.85
2026/08/01,„ш±г∆ч,÷«ƒ№„ш±г∆ч,50 ~ 150,0.15,0.73,0.872,2.5% ~ 5%,0,1,0,0,-1,100,73,0.037,2.701
2026/08/01,„ш±г∆ч,„ш±г∆ч…ѕіҐќпЉ№,50 ~ 150,0.15,0.84,-0.077,15% ~ 20%,0.1,7,0.2,0,-1,100,84,0.175,14.7
2026/08/01,„ш±г∆ч,„ш±г∆чјѕ»Ћ„®”√,50 ~ 150,-0.15,0.61,-0.164,15% ~ 20%,-0.2,5,-0.3,0,-1,100,61,0.175,10.675
2026/08/01,„ш±г∆ч,–°ЇҐ„”¬нЌ∞„ш±г∆ч,50 ~ 150,0.05,0.72,0.108,25% ~ 30%,0.1,10 ~ 50,0.3,0,-1,100,72,0.275,19.8
2026/08/01,„ш±г∆ч,і≤…ѕ„ш±г∆ч,50 ~ 150,0.4,0.65,0.016,15% ~ 20%,-0.3,6,0,0,-1,100,65,0.175,11.375
2026/08/01,„ш±г∆ч,Љ“”√јѕ»Ћ„ш±г∆чњ…“∆ґѓ¬нЌ∞,50 ~ 150,0.45,0.73,-0.24,20% ~ 25%,1.4,9,2.05,0,-1,100,73,0.225,16.425
2026/08/01,„ш±г∆ч,¬нЌ∞„ш±г∆чµ„≤њєћґ®љЇ,50 ~ 150,-0.1,0.96,0.021,35% ~ 40%,0.5,10 ~ 50,0.35,0,-1,100,96,0.375,36
2026/08/01,„ш±г∆ч,±г≈и„ш±г∆ч,50 ~ 150,0.1,0.77,0.116,10% ~ 15%,0.05,3,0.55,0,0,100,77,0.125,9.625
2026/08/01,„ш±г∆ч,„ш±г∆чµ „”,50 ~ 150,-0.25,0.65,-0.369,5% ~ 7.5%,-0.75,2,-0.75,0,-1,100,65,0.062,4.03
2026/08/01,„ш±г∆ч,”§ґщ„ш±г∆ч,50 ~ 150,-0.15,0.85,0.09,15% ~ 20%,-0.3,6,-0.35,0,-1,100,85,0.175,14.875
2026/08/01,„ш±г∆ч,≥…»Ћ“∆ґѓ¬нЌ∞„ш±г∆чіуЇ≈,50 ~ 150,0.7,0.81,-0.289,20% ~ 25%,0.3,8,1.05,0,-1,100,81,0.225,18.225
2026/08/01,„ш±г∆ч,–°ЇҐ„ш±г∆ч,50 ~ 150,0.2,0.82,0.139,10% ~ 15%,-0.65,5,-0.6,0,-1,100,82,0.125,10.25
2026/08/01,„ш±г∆ч,јѕ»Ћ„ш±г∆ч“∆ґѓ¬нЌ∞ѕі‘иЅљ”√,50 ~ 150,0.2,0.95,0.131,5% ~ 7.5%,-0.75,2,-0.7,0,-1,100,95,0.062,5.89
2026/08/01,„ш±г∆ч,Љт“„¬нЌ∞„ш±г∆ч,50 ~ 150,-0.15,0.77,0.262,25% ~ 30%,0.75,9,0.3,0,-1,100,77,0.275,21.175
2026/08/01,„ш±г∆ч,±¶±¶¬нЌ∞„ш±г∆ч¬•ћЁ,50 ~ 150,0.1,0.82,-0.349,25% ~ 30%,0.3,10 ~ 50,0.3,0,-1,100,82,0.275,22.55
2026/08/01,„ш±г∆ч,„ш±г∆чµ„≤њ√№ЈвљЇ,50 ~ 150,0.2,0.85,-0.22,45% ~ 50%,0.05,10 ~ 50,0.1,0,-1,100,85,0.475,40.375
2026/08/01,„ш±г∆ч,„ш±г∆ч Ѓіу∆Ј≈∆,50 ~ 150,-0.15,0.81,-0.069,15% ~ 20%,5.15,5,4.05,0,-1,100,81,0.175,14.175
2026/08/01,„ш±г∆ч,–¬њо„ш±г∆ч,50 ~ 150,-0.25,0.68,0.03,20% ~ 25%,0.4,6,-0.15,0,-1,100,68,0.225,15.3
2026/08/01,„ш±г∆ч,ґщЌѓґ„њ”„ш±г∆ч,50 ~ 150,0.1,0.67,0.175,10% ~ 15%,-0.55,5,-0.3,0,-1,100,67,0.125,8.375
2026/08/01,„ш±г∆ч,ґ„±г…ѕµƒ„ш±г∆ч,50 ~ 150,-0.1,0.93,0.192,15% ~ 20%,-0.25,5,-0.3,0,-1,100,93,0.175,16.275
2026/08/01,„ш±г∆ч,ґщЌѓґ„њ”„ш±г∆ч,50 ~ 150,0.1,0.67,0.175,10% ~ 15%,-0.55,5,-0.3,0,-1,100,67,0.125,8.375
2026/08/01,„ш±г∆ч,Ј≈¬нЌ∞…ѕµƒґщЌѓ„ш±г∆ч,50 ~ 150,0.1,0.86,-0.349,20% ~ 25%,-0.4,8,-0.45,0,-1,100,86,0.225,19.35
2026/08/01,„ш±г∆ч,јѕƒк»Ћ„ш±г∆ч,50 ~ 150,-0.1,0.6,-0.167,7.5% ~ 10%,-0.45,3,-0.45,0,-1,100,60,0.087,5.22
2026/08/01,„ш±г∆ч,„ш±г∆чЉ“”√јѕ»Ћ,50 ~ 150,0.3,0.81,-0.395,5% ~ 7.5%,-0.5,2,-0.35,0,-1,100,81,0.062,5.022
2026/08/01,„ш±г∆ч,±г–ѓ љ„ш±г∆чњ…’џµю,50 ~ 150,0.75,0.91,0.011,25% ~ 30%,-0.2,9,0.55,0,-1,100,91,0.275,25.025
2026/08/01,„ш±г∆ч,¬÷“ќіш„ш±г∆ч,50 ~ 150,-0.1,1.04,0.651,15% ~ 20%,0.15,5,0,0,-1,100,104,0.175,18.2
2026/08/01,„ш±г∆ч,ґ„≤ё„ш±г∆чґщЌѓ,20 ~ 50,0.15,0.74,0,10% ~ 15%,0.9,4,1.05,0,-1,35,25.9,0.125,3.2375
2026/08/01,„ш±г∆ч,јѕ»Ћ„ш±г∆ч¬нЌ∞“ќ„”Љ“”√≈©іејќєћ–Ќ,20 ~ 50,0.25,0.93,0.192,7.5% ~ 10%,-0.3,2,0,0,-1,35,32.55,0.087,2.8319
2026/08/01,„ш±г∆ч,ґщЌѓ≤ёЋщ„ш±г∆ч,20 ~ 50,0.15,0.84,0.077,20% ~ 25%,0.4,6,0.55,0,-1,35,29.4,0.225,6.615
2026/08/01,„ш±г∆ч,¬нЌ∞„ш±г∆чѕі∆®є…,20 ~ 50,0.25,0.68,-0.171,15% ~ 20%,-0.4,5,-0.2,0.21,0.167,35,23.8,0.175,4.165
2026/08/01,„ш±г∆ч,”„ґщ¬нЌ∞„ш±г∆ч≈Ѓ,20 ~ 50,0.3,0.83,-0.435,15% ~ 20%,-0.1,6,0.25,0.03,0.5,35,29.05,0.175,5.0837
2026/08/01,„ш±г∆ч,¬нЌ∞ѕыґЊ…±Њъ≈зќнќј…ъЉд„ш±г∆ч,20 ~ 50,0.05,0.96,-0.05,45% ~ 50%,0.1,10 ~ 50,0.1,0.31,0.033,35,33.6,0.475,15.96
2026/08/01,„ш±г∆ч,ћµ”џ„ш±г∆ч,20 ~ 50,-0.3,0.87,0.208,20% ~ 25%,0.15,8,0,0.01,0,35,30.45,0.225,6.8513
2026/08/01,„ш±г∆ч,Ј≈‘Џ¬нЌ∞…ѕµƒґщЌѓ„ш±г∆ч,20 ~ 50,0,0.8,-0.208,35% ~ 40%,0.2,10 ~ 50,0.15,0.94,0,35,28,0.375,10.5
2026/08/01,„ш±г∆ч,јѕƒк»Ћ„®”√„ш±г∆чЉ”Єя…эЄя∞ж,20 ~ 50,0.3,0.75,0.21,2.5% ~ 5%,-0.55,1,-0.55,0.07,0.4,35,26.25,0.037,0.9712
2026/08/01,„ш±г∆ч,Љ“”√ќј…ъЉд„ш±г∆ч,20 ~ 50,0,0.52,-0.325,2.5% ~ 5%,-0.45,1,-0.55,0.02,0,35,18.2,0.037,0.6734
2026/08/01,„ш±г∆ч,„ш±г∆ч‘х√іЄƒ≥…ґ„±г∆ч,20 ~ 50,0.55,0.62,-0.031,0% ~ 1%,0,0,0,0,0,35,21.7,0.005,0.1085
2026/08/01,„ш±г∆ч,јѕ»Ћ„ш±г∆ч„ш±г“ќ,20 ~ 50,-0.15,0.87,0.261,20% ~ 25%,0.25,5,0,0.01,0,35,30.45,0.225,6.8513
2026/08/01,„ш±г∆ч,±г–ѓ„ш±г∆ч,20 ~ 50,0.7,0.91,0.569,10% ~ 15%,0.35,4,1.05,0.01,0,35,31.85,0.125,3.9813
2026/08/01,„ш±г∆ч,“їіќ–‘¬нЌ∞„ш±г∆ч,20 ~ 50,0.1,0.7,0.522,25% ~ 30%,0,5,0,0.02,0,35,24.5,0.275,6.7375
2026/08/01,„ш±г∆ч,ґщЌѓіу¬нЌ∞„ш±г∆ч,20 ~ 50,0.25,0.81,-0.138,10% ~ 15%,-0.6,4,-0.55,0.04,0.333,35,28.35,0.125,3.5438
2026/08/01,„ш±г∆ч,јѕ»Ћ”√„ш±г∆ч,20 ~ 50,-0.15,0.72,-0.2,30% ~ 35%,0.4,7,0.2,0.01,0,35,25.2,0.325,8.19
2026/08/01,„ш±г∆ч,»Ђ„‘ґѓ÷«ƒ№„ш±г∆ч,20 ~ 50,-0.3,0.38,-0.48,0% ~ 1%,0,0,0,0.01,-0.5,35,13.3,0.005,0.0665
2026/08/01,„ш±г∆ч,≤ёЋщ„ш±г∆ч,20 ~ 50,0.2,0.43,-0.358,15% ~ 20%,1.75,3,2.05,0,0,35,15.05,0.175,2.6337
2026/08/01,„ш±г∆ч,іш„ш±г∆чµƒ¬÷“ќ,20 ~ 50,0.25,0.85,-0.115,10% ~ 15%,2.15,3,2.05,0.04,0,35,29.75,0.125,3.7188
2026/08/01,„ш±г∆ч,њ…’џµю„ш±г∆ч,20 ~ 50,-0.3,0.74,0.51,10% ~ 15%,0.05,3,0,0.02,-0.333,35,25.9,0.125,3.2375
2026/08/01,„ш±г∆ч,±¶±¶ј≠ Ї„ш±г∆ч,20 ~ 50,-0.15,0.8,0.039,30% ~ 35%,0.35,8,0.15,0.13,-0.133,35,28,0.325,9.1
2026/08/01,„ш±г∆ч,„ш±г∆ч иЌ®…с∆ч,20 ~ 50,-0.15,0.72,-0.301,20% ~ 25%,-0.45,6,-0.5,0.23,-0.115,35,25.2,0.225,5.67
2026/08/01,„ш±г∆ч,јѕ»Ћ„ш±г∆ч¬нЌ∞“ќ,20 ~ 50,0.2,0.33,-0.66,10% ~ 15%,-0.55,2,-0.55,0.01,0,35,11.55,0.125,1.4438
2026/08/01,„ш±г∆ч,јѕƒк»Ћ¬нЌ∞„ш±г∆чњ…“∆ґѓ±г–ѓ љ,20 ~ 50,-0.2,0.61,-0.208,20% ~ 25%,1.25,4,0.35,0.12,-0.143,35,21.35,0.225,4.8037
2026/08/01,„ш±г∆ч,‘–ЄЊµ „”„ш±г∆ч,20 ~ 50,-0.05,0.85,-0.28,10% ~ 15%,-0.4,3,-0.55,0.04,0,35,29.75,0.125,3.7188
2026/08/01,„ш±г∆ч,¬нЌ∞„ш±г∆чґщЌѓ¬•ћЁ љ,20 ~ 50,0.25,1.21,-0.09,25% ~ 30%,-0.15,7,0,0.11,0.222,35,42.35,0.275,11.6463
2026/08/01,„ш±г∆ч,–°≈у”—¬нЌ∞„ш±г∆ч,20 ~ 50,0.05,0.86,0.229,25% ~ 30%,-0.3,7,-0.15,0.77,0.027,35,30.1,0.275,8.2775
2026/08/01,„ш±г∆ч,’џµю„ш±г∆ч,20 ~ 50,0.2,0.82,-0.442,5% ~ 7.5%,-0.85,1,-0.9,0.01,0,35,28.7,0.062,1.7794
2026/08/01,„ш±г∆ч,Ћ№Ѕѕ¬нЌ∞„ш±г∆ч≥…»Ћ,20 ~ 50,-0.15,1.05,0.167,30% ~ 35%,-0.1,8,0,0.19,-0.136,35,36.75,0.325,11.9437
2026/08/01,„ш±г∆ч,јѕƒк»Ћ„®”√„ш±г∆ч,20 ~ 50,-0.35,1.17,0.36,7.5% ~ 10%,-0.55,1,-0.85,0.14,-0.3,35,40.95,0.087,3.5626
2026/08/01,„ш±г∆ч,„ш±г∆чЈјЈіЋЃƒж÷єЈІ,20 ~ 50,0.25,0.74,0.088,20% ~ 25%,0,4,0,0.52,0.238,35,25.9,0.225,5.8275
2026/08/01,„ш±г∆ч,”§ґщ¬нЌ∞„ш±г∆ч≈Ѓ±¶±¶,20 ~ 50,0.1,0.81,-0.308,30% ~ 35%,0.4,8,0.35,0.06,0,35,28.35,0.325,9.2138
2026/08/01,„ш±г∆ч,„ш±г∆ч≈дЉю,20 ~ 50,0.25,0.84,0.151,20% ~ 25%,0,6,1.05,0,0,35,29.4,0.225,6.615
2026/08/01,„ш±г∆ч,„ш±г∆чјѕ»ЋЉ“”√љб µ,20 ~ 50,0.25,0.53,-0.303,5% ~ 7.5%,-0.7,1,-0.55,0.06,0.2,35,18.55,0.062,1.1501
2026/08/01,„ш±г∆ч,”„ґщ„ш±г∆ч,20 ~ 50,0.3,0.74,0.014,25% ~ 30%,1.65,6,2.05,0.02,1,35,25.9,0.275,7.1225
2026/08/01,„ш±г∆ч,ґ„≤ёЄƒ„ш±г∆ч,20 ~ 50,-0.1,0.93,0.24,10% ~ 15%,0.55,3,0.55,0.01,0,35,32.55,0.125,4.0688
2026/08/01,„ш±г∆ч,јѕ»Ћґ„њ”„ш±г∆ч,20 ~ 50,0.2,0.67,0.367,7.5% ~ 10%,-0.5,2,-0.35,0.01,0,35,23.45,0.087,2.0402
2026/08/01,„ш±г∆ч,јѕ»Ћ„ш±г∆ч“∆ґѓ¬нЌ∞≤–Љ≤»Ћ„ш±г“ќ,20 ~ 50,0.1,0.72,0.241,10% ~ 15%,0,2,0,0.02,0,35,25.2,0.125,3.15
2026/08/01,„ш±г∆ч,Їу≈≈ љ¬нЌ∞„ш±г∆ч,20 ~ 50,0.5,0.61,-0.047,0% ~ 1%,0,0,0,0.09,0.5,35,21.35,0.005,0.1067
2026/08/01,„ш±г∆ч,±¶±¶≤ёЋщ„ш±г∆ч,20 ~ 50,-0.3,1.25,0.42,25% ~ 30%,0.3,6,0.25,0.02,-0.333,35,43.75,0.275,12.0313
2026/08/01,„ш±г∆ч,„ш±г∆чЈј≥фґ¬≥ф∆ч,20 ~ 50,0.05,0.55,-0.321,10% ~ 15%,-0.3,2,0,0.1,0,35,19.25,0.125,2.4062
2026/08/01,„ш±г∆ч,„ш±г∆чµж„”,20 ~ 50,-0.2,0.63,-0.388,35% ~ 40%,-0.15,9,-0.15,0.02,0,35,22.05,0.375,8.2688
2026/08/01,„ш±г∆ч,ґщЌѓ„ш±г∆чƒ–±¶,20 ~ 50,-0.4,0.79,0.097,30% ~ 35%,0.15,7,-0.25,0.07,-0.417,35,27.65,0.325,8.9863
2026/08/01,„ш±г∆ч,„ш±г∆чЈ®јЉ√№Јв»¶,20 ~ 50,-0.25,0.74,-0.063,20% ~ 25%,0.25,5,0,0,-1,35,25.9,0.225,5.8275
2026/08/01,„ш±г∆ч,„ш±г∆чњ…’џµю,20 ~ 50,0.75,1,0.124,15% ~ 20%,-0.6,4,0,0,-1,35,35,0.175,6.125
2026/08/01,„ш±г∆ч,јѕƒк»Ћі≤±я„ш±г∆ч,20 ~ 50,0.2,0.7,0,20% ~ 25%,-0.15,4,0.35,0,-1,35,24.5,0.225,5.5125
2026/08/01,„ш±г∆ч,„ш±г∆ч¬нЌ∞Љ“”√µжЋƒЉЊ,20 ~ 50,0.25,0.85,-0.248,25% ~ 30%,0,7,0,0,-1,35,29.75,0.275,8.1813
2026/08/01,„ш±г∆ч,¬÷“ќћ±їЊјѕ»Ћ„®”√іш„ш±г∆чњ…ѕі‘и,20 ~ 50,0.25,1.03,-0.304,0% ~ 1%,-1.05,0,-1.05,0,-1,35,36.05,0.005,0.1803
2026/08/01,„ш±г∆ч,јѕ»ЋЉ“”√„ш±г∆ч,20 ~ 50,0.8,1.43,0.505,20% ~ 25%,0.9,5,4.05,0,0,35,50.05,0.225,11.2613
2026/08/01,„ш±г∆ч,„ш±г∆ч≥еЋЃ∞і≈•,20 ~ 50,0.25,0.86,-0.14,35% ~ 40%,-0.05,7,0.2,0,-1,35,30.1,0.375,11.2875
2026/08/01,„ш±г∆ч,≤ёЋщґ„њ”„ш±г∆ч,20 ~ 50,0.6,0.75,0.071,15% ~ 20%,0.55,3,2.05,0,0,35,26.25,0.175,4.5938
2026/08/01,„ш±г∆ч,„ш±г∆ч«еѕі…с∆ч,20 ~ 50,0.05,0.6,0.176,20% ~ 25%,0,2,0,0,-1,35,21,0.225,4.725
2026/08/01,„ш±г∆ч,„ш±г∆чљшЋЃЈІ,20 ~ 50,0.05,0.91,0.071,40% ~ 45%,0.3,8,0.15,0,-1,35,31.85,0.425,13.5363
2026/08/01,„ш±г∆ч,≤ёЋщґ„њ”„ш±г∆ч,20 ~ 50,0.6,0.75,0.071,15% ~ 20%,0.55,3,2.05,0,0,35,26.25,0.175,4.5938
2026/08/01,„ш±г∆ч,ґщЌѓ±г≈и„ш±г∆ч,20 ~ 50,-0.3,0.78,0.068,40% ~ 45%,0.65,9,0.15,0,0,35,27.3,0.425,11.6025
2026/08/01,„ш±г∆ч,њ…“∆ґѓјѕ»Ћ„ш±г∆ч,20 ~ 50,-0.15,0.89,0.06,20% ~ 25%,-0.4,4,-0.25,0,-1,35,31.15,0.225,7.0088
2026/08/01,„ш±г∆ч,ґщЌѓ¬нЌ∞„ш±г∆ч6Ћк“‘…ѕЉ”іуЇ≈,20 ~ 50,0.85,0.86,-0.318,5% ~ 7.5%,-0.85,1,-0.8,0,-1,35,30.1,0.062,1.8662
2026/08/01,„ш±г∆ч,і≤±я„ш±г∆ч,20 ~ 50,-0.15,0.65,-0.525,10% ~ 15%,-0.25,2,-0.35,0,-1,35,22.75,0.125,2.8438
2026/08/01,„ш±г∆ч,–°ЇҐ¬нЌ∞„ш±г∆чƒ–±¶±¶,20 ~ 50,0.05,1.18,-0.008,20% ~ 25%,-0.25,5,-0.2,0,-1,35,41.3,0.225,9.2925
2026/08/01,„ш±г∆ч,Љ“”√јѕ»Ћі≤±я„ш±г∆ч,20 ~ 50,0.25,0.59,-0.263,25% ~ 30%,-0.05,4,-0.25,0,-1,35,20.65,0.275,5.6787
2026/08/01,„ш±г∆ч,јѕ»Ћ„ш±г∆ч“∆ґѓ¬нЌ∞ЈјїђЈј≥ф,20 ~ 50,0.15,0.58,-0.426,20% ~ 25%,-0.1,3,-0.3,0,-1,35,20.3,0.225,4.5675
2026/08/01,„ш±г∆ч,њ…“∆ґѓ¬нЌ∞јѕ»Ћ„ш±г∆ч,20 ~ 50,0.2,0.98,-0.01,30% ~ 35%,0.05,6,0.25,0,-1,35,34.3,0.325,11.1475
2026/08/01,„ш±г∆ч,јѕƒк„ш±г∆чјѕ»ЋЉ“”√,20 ~ 50,0.4,0.97,0.732,35% ~ 40%,0.85,7,2.55,0,-1,35,33.95,0.375,12.7312
2026/08/01,„ш±г∆ч,њ…“∆ґѓ¬нЌ∞јѕ»Ћ„ш±г∆ч,20 ~ 50,0.2,0.98,-0.01,30% ~ 35%,0.05,6,0.25,0,-1,35,34.3,0.325,11.1475
2026/08/01,„ш±г∆ч,”§ґщ„ш±г∆ч≈Ѓ±¶±¶,20 ~ 50,0.15,1.24,0.008,15% ~ 20%,0.25,4,0.35,0,-1,35,43.4,0.175,7.595
2026/08/01,„ш±г∆ч,ґ„њ”Єƒ„ш±г∆ч,20 ~ 50,0.15,0.6,-0.2,0% ~ 1%,-1.05,0,-1.05,0,-1,35,21,0.005,0.105
2026/08/01,„ш±г∆ч,„ш±г∆ч–°їІ–Ќ,20 ~ 50,0.4,0.76,-0.062,5% ~ 7.5%,0,1,0,0,-1,35,26.6,0.062,1.6492
2026/08/01,„ш±г∆ч,јѕ»Ћ„ш±г∆чіу±гµ ,20 ~ 50,0.9,0.69,0.302,20% ~ 25%,0,3,0,0,0,35,24.15,0.225,5.4337
2026/08/01,„ш±г∆ч,„ш±г∆чґ„њ”…с∆чњ…’џµю,20 ~ 50,0.2,0.9,0.216,5% ~ 7.5%,-0.4,1,0,0,-1,35,31.5,0.062,1.953
2026/08/01,„ш±г∆ч,±¶±¶„ш±г∆ч¬нЌ∞»¶,20 ~ 50,-0.1,0.94,-0.021,45% ~ 50%,0.8,8,0.65,0,-1,35,32.9,0.475,15.6275
2026/08/01,„ш±г∆ч,¬нЌ∞„ш±г∆ч≥…»Ћ,20 ~ 50,0.1,1.05,0.207,15% ~ 20%,0.05,3,0.55,0,-1,35,36.75,0.175,6.4312
2026/08/01,„ш±г∆ч,¬÷“ќ„ш±г∆ч,20 ~ 50,0,1,0.786,0% ~ 1%,-1.05,0,-1.05,0,-1,35,35,0.005,0.175
2026/08/01,„ш±г∆ч,јѕ»Ћ„ш±г∆чЈц ÷,20 ~ 50,0.4,0.82,0.206,25% ~ 30%,-0.1,5,0.7,0,-1,35,28.7,0.275,7.8925
2026/08/01,„ш±г∆ч,±¶±¶±г≈и„ш±г∆ч,20 ~ 50,0.35,0.74,-0.098,25% ~ 30%,0.1,5,0.7,0,0,35,25.9,0.275,7.1225
2026/08/01,„ш±г∆ч,„ш±г∆ч„шµж,20 ~ 50,-0.2,0.81,-0.058,55% ~ 60%,1.1,8,0.35,0,-1,35,28.35,0.575,16.3012
2026/08/01,„ш±г∆ч,јѕ»Ћ„ш±г∆ч“∆ґѓ¬нЌ∞¬÷“ќ,20 ~ 50,0,0.76,0.056,10% ~ 15%,-0.55,2,-0.35,0,-1,35,26.6,0.125,3.325
2026/08/01,„ш±г∆ч,Њ≈ƒЅєўЈљ∆мљҐµк„ш±г∆ч,20 ~ 50,-0.2,0.67,0.523,0% ~ 1%,0,0,0,0,-1,35,23.45,0.005,0.1173
2026/08/01,„ш±г∆ч,ќј…ъЉд„ш±г∆ч…ѕµƒ÷√ќпЉ№,20 ~ 50,0.8,0.73,-0.161,15% ~ 20%,0.7,2,1.05,0,-1,35,25.55,0.175,4.4712
2026/08/01,„ш±г∆ч,јѕ»Ћ„ш±г∆ч“∆ґѓ¬нЌ∞љб µ,20 ~ 50,0.95,1.31,1.382,25% ~ 30%,0.95,5,4.05,0,-1,35,45.85,0.275,12.6088
2026/08/01,„ш±г∆ч,„щ“ќ љ„ш±г∆ч,20 ~ 50,0.3,0.6,0.132,20% ~ 25%,0.65,4,3.05,0,-1,35,21,0.225,4.725
2026/08/01,„ш±г∆ч,ј≠ Ї„ш±г∆ч,20 ~ 50,0.05,0.79,0.295,30% ~ 35%,3.05,4,3.05,0,-1,35,27.65,0.325,8.9863
2026/08/01,„ш±г∆ч,Ѕў ±„ш±г∆ч,20 ~ 50,-0.1,0.63,0.37,25% ~ 30%,0.15,3,0.55,0,-1,35,22.05,0.275,6.0638
2026/08/01,„ш±г∆ч,„ш±г∆ч¬нЌ∞≈дЉю,20 ~ 50,0.25,0.57,0.14,30% ~ 35%,0.25,4,1.05,0,0,35,19.95,0.325,6.4837
2026/08/01,„ш±г∆ч,ƒ–±¶±¶„ш±г∆ч,20 ~ 50,0.2,1.19,0.487,35% ~ 40%,0.25,6,0.55,0,-1,35,41.65,0.375,15.6187
2026/08/01,„ш±г∆ч,ґ„Єƒ„ш±г∆ч,20 ~ 50,0.45,0.59,0.788,0% ~ 1%,0,0,0,0,-1,35,20.65,0.005,0.1032
2026/08/01,„ш±г∆ч,¬нЌ∞ љ„ш±г∆ч,20 ~ 50,-0.15,1.05,0.544,5% ~ 7.5%,-0.7,1,-0.7,0,0,35,36.75,0.062,2.2785
2026/08/01,„ш±г∆ч,Ћ№Ѕѕ„ш±г∆ч,20 ~ 50,0.8,0.54,-0.55,10% ~ 15%,-0.45,2,0,0,-1,35,18.9,0.125,2.3625
2026/08/01,„ш±г∆ч,ќёЋЃ„ш±г∆ч,20 ~ 50,-0.7,0.09,0,0% ~ 1%,0,0,0,0,-1,35,3.15,0.005,0.0158
2026/08/01,„ш±г∆ч,–°±¶±¶¬нЌ∞„ш±г∆ч,20 ~ 50,1.05,0.75,-0.265,20% ~ 25%,-0.05,3,0.55,0,0,35,26.25,0.225,5.9062
2026/08/01,„ш±г∆ч,јѕƒк»Ћ¬нЌ∞„ш±г∆чњ…“∆ґѓіуЇ≈,20 ~ 50,0.05,0.92,-0.156,15% ~ 20%,0.2,2,0,0,-1,35,32.2,0.175,5.635
2026/08/01,„ш±г∆ч,„ш±г∆ч¬нЌ∞Љ“”√іу≥еЅ¶,20 ~ 50,1.45,0.81,-0.165,0% ~ 1%,0,0,0,0,0,35,28.35,0.005,0.1418
2026/08/01,„ш±г∆ч,„ш±г∆чµ„≤њ√№Јв»¶,20 ~ 50,0.3,1.04,1.737,35% ~ 40%,1.15,6,2.05,0,-1,35,36.4,0.375,13.65
2026/08/01,„ш±г∆ч,≈©іе≤ёЋщ„ш±г∆ч,20 ~ 50,0.5,0.71,-0.53,7.5% ~ 10%,-0.2,1,0,0,-1,35,24.85,0.087,2.1619
2026/08/01,„ш±г∆ч,≈©іе≤ёЋщ„ш±г∆ч,20 ~ 50,0.5,0.71,-0.53,7.5% ~ 10%,-0.2,1,0,0,-1,35,24.85,0.087,2.1619
2026/08/01,„ш±г∆ч,ґщЌѓј≠ Ї„ш±г∆ч,20 ~ 50,0.7,0.73,-0.49,15% ~ 20%,-0.4,2,0,0,-1,35,25.55,0.175,4.4712
2026/08/01,„ш±г∆ч,„ш±г∆ч“їіќ–‘ћ„,20 ~ 50,-0.1,1.18,0.146,35% ~ 40%,-0.3,6,-0.35,0,-1,35,41.3,0.375,15.4875
2026/08/01,„ш±г∆ч,јѕƒк»Ћ¬нЌ∞„ш±г∆чњ…“∆ґѓіуЇ≈,20 ~ 50,0.05,0.92,-0.156,15% ~ 20%,0.2,2,0,0,-1,35,32.2,0.175,5.635
2026/08/01,„ш±г∆ч, јЉЌ±¶±іЈ¬’ж„ш±г∆ч,20 ~ 50,-0.15,0.86,-0.113,0% ~ 1%,0,0,0,0,-1,35,30.1,0.005,0.1505
2026/08/01,„ш±г∆ч,ґщЌѓ¬нЌ∞„ш±г∆чƒ–ЌѓіуЇ≈,20 ~ 50,0.45,0.9,-0.032,30% ~ 35%,-0.1,4,0.35,0,-1,35,31.5,0.325,10.2375
2026/08/01,„ш±г∆ч,ґ„њ”…ѕµƒ„ш±г∆ч,20 ~ 50,-0.2,0.4,-0.575,10% ~ 15%,0,1,-0.55,0,-1,35,14,0.125,1.75
2026/08/01,„ш±г∆ч,јѕƒк»Ћ”√„ш±г∆ч,20 ~ 50,-0.45,1.06,0.413,10% ~ 15%,-0.5,2,-0.35,0,-1,35,37.1,0.125,4.6375
2026/08/01,„ш±г∆ч,≥…»Ћ„ш±г∆ч,20 ~ 50,0.35,1.1,0.048,25% ~ 30%,0,4,1.05,0,-1,35,38.5,0.275,10.5875
2026/08/01,„ш±г∆ч,≤–Љ≤»Ћ¬нЌ∞„ш±г∆ч,20 ~ 50,0.15,0.77,0.185,0% ~ 1%,-1.05,0,-1.05,0,0,35,26.95,0.005,0.1348
2026/08/01,„ш±г∆ч, јЉЌ±¶±іЈ¬’ж„ш±г∆ч,20 ~ 50,-0.15,0.86,-0.113,0% ~ 1%,0,0,0,0,-1,35,30.1,0.005,0.1505
2026/08/01,„ш±г∆ч,јѕƒк»Ћ”√„ш±г∆ч,20 ~ 50,-0.45,1.06,0.413,10% ~ 15%,-0.5,2,-0.35,0,-1,35,37.1,0.125,4.6375
2026/08/01,„ш±г∆ч,¬нЌ∞‘цЄя„ш±г∆ч,20 ~ 50,0,0.91,0.444,10% ~ 15%,-0.1,2,0,0,-1,35,31.85,0.125,3.9813
2026/08/01,„ш±г∆ч,јѕ»ЋЉ“”√“∆ґѓ„ш±г∆ч,20 ~ 50,-0.05,1.28,0.28,25% ~ 30%,1.5,3,2.05,0,-1,35,44.8,0.275,12.32
2026/08/01,„ш±г∆ч,„ш±г∆чЈц ÷,20 ~ 50,0.1,0.79,0.717,15% ~ 20%,0.7,3,2.05,0,-1,35,27.65,0.175,4.8388
2026/08/01,„ш±г∆ч,≈©іеЇµ≤ё„®”√„ш±г∆ч,20 ~ 50,0,0.46,0.15,25% ~ 30%,1.6,2,1.05,0,-1,35,16.1,0.275,4.4275
2026/08/01,„ш±г∆ч,јѕƒк„ш±г∆ч,20 ~ 50,-0.2,0.93,-0.354,15% ~ 20%,-0.2,2,-0.55,0,-1,35,32.55,0.175,5.6963
2026/08/01,„ш±г∆ч,ґщЌѓљ„ћЁ љ„ш±г∆ч,20 ~ 50,0.7,1.16,1.32,55% ~ 60%,0,8,1.05,0,-1,35,40.6,0.575,23.345
2026/08/01,„ш±г∆ч,„ш±г∆ч‘цЄяµж,20 ~ 50,-0.35,0.94,0.324,30% ~ 35%,2.7,5,1.55,0,-1,35,32.9,0.325,10.6925
2026/08/01,„ш±г∆ч,»Ђ„‘ґѓ„ш±г∆ч,20 ~ 50,0.85,0.32,0.231,0% ~ 1%,0,0,0,0,0,35,11.2,0.005,0.056
2026/08/01,„ш±г∆ч,„ш±г∆ч‘цЄяµж,20 ~ 50,-0.35,0.94,0.324,30% ~ 35%,2.7,5,1.55,0,-1,35,32.9,0.325,10.6925
2026/08/01,„ш±г∆ч,≈©іеЇµ≤ё„®”√„ш±г∆ч,20 ~ 50,0,0.46,0.15,25% ~ 30%,1.6,2,1.05,0,-1,35,16.1,0.275,4.4275
2026/08/01,„ш±г∆ч,ґщЌѓљ„ћЁ љ„ш±г∆ч,20 ~ 50,0.7,1.16,1.32,55% ~ 60%,0,8,1.05,0,-1,35,40.6,0.575,23.345
2026/08/01,„ш±г∆ч,Њ≈ƒЅ“їће÷«ƒ№„ш±г∆ч,20 ~ 50,1.55,1.46,-0.529,0% ~ 1%,0,0,0,0,-1,35,51.1,0.005,0.2555
2026/08/01,„ш±г∆ч,„ш±г∆чµж„”Ќ®”√,0 ~ 20,0.1,0.82,-0.137,50% ~ 55%,4.55,4,3.05,0,-1,10,8.2,0.525,4.305
2026/08/01,„ш±г∆ч,јѕ»Ћ¬нЌ∞„ш±г∆ч,0 ~ 20,0.5,1.2,-0.098,20% ~ 25%,0.05,3,0.55,0,0,10,12,0.225,2.7
2026/08/01,„ш±г∆ч,„ш±г∆чЄ«„”Ќ®”√,0 ~ 20,0.1,0.71,-0.09,25% ~ 30%,0,3,0,0,-1,10,7.1,0.275,1.9525
2026/08/01,„ш±г∆ч,Њ≈ƒЅЌх„ш±г∆ч,0 ~ 20,0.6,0.74,1.242,0% ~ 1%,-1.05,0,-1.05,0,-1,10,7.4,0.005,0.037
2026/08/01,„ш±г∆ч,”§ґщ„ш±г∆чƒ–±¶±¶,0 ~ 20,0.15,1.21,0.423,20% ~ 25%,-0.35,3,-0.45,0,-1,10,12.1,0.225,2.7225
2026/08/01,„ш±г∆ч,„ш±г∆чјѕ»Ћ“∆ґѓ¬нЌ∞њ…≥еЋЃ,0 ~ 20,-0.2,0.53,0.104,15% ~ 20%,0,2,0,0,-1,10,5.3,0.175,0.9275
2026/08/01,„ш±г∆ч,”§ґщ„ш±г∆чƒ–±¶±¶,0 ~ 20,0.15,1.21,0.423,20% ~ 25%,-0.35,3,-0.45,0,-1,10,12.1,0.225,2.7225
2026/08/01,„ш±г∆ч,іу±г„ш±г∆ч,0 ~ 20,-0.3,0.57,0.326,0% ~ 1%,-1.05,0,-1.05,0,0,10,5.7,0.005,0.0285
2026/08/01,„ш±г∆ч,„ш±г∆чјѕ»Ћ“∆ґѓ¬нЌ∞њ…≥еЋЃ,0 ~ 20,-0.2,0.53,0.104,15% ~ 20%,0,2,0,0,-1,10,5.3,0.175,0.9275
2026/08/01,„ш±г∆ч,„ш±г∆чЇу√ж÷√ќпЉ№,0 ~ 20,-0.25,0.64,-0.526,0% ~ 1%,0,0,0,0,-1,10,6.4,0.005,0.032
2026/08/01,„ш±г∆ч,ґщЌѓ„ш±г∆ч¬•ћЁ љ,0 ~ 20,0,0.86,0,15% ~ 20%,0,2,0,0,0,10,8.6,0.175,1.505
2026/08/01,„ш±г∆ч,њ…“∆ґѓ„ш±г∆ч,0 ~ 20,-0.8,0.66,-0.195,0% ~ 1%,-1.05,0,-1.05,0,-1,10,6.6,0.005,0.033
2026/08/01,„ш±г∆ч,ґщЌѓ„ш±г∆чґ„њ”,0 ~ 20,1.05,0.83,0.137,40% ~ 45%,0.3,5,1.55,0,-1,10,8.3,0.425,3.5275
2026/08/01,„ш±г∆ч,Љ”Єя„ш±г∆ч,0 ~ 20,0.3,1.25,0.894,7.5% ~ 10%,-0.7,1,-0.55,0,-1,10,12.5,0.087,1.0875
2026/08/01,„ш±г∆ч,ґщЌѓ¬нЌ∞„ш±г∆ч”§”„ґщ„®”√,0 ~ 20,-0.35,0.64,-0.379,20% ~ 25%,-0.35,2,-0.7,0,-1,10,6.4,0.225,1.44
2026/08/01,„ш±г∆ч,ґщЌѓ¬нЌ∞„ш±г∆ч10Ћк“‘…ѕ,0 ~ 20,0.1,0.67,0.634,20% ~ 25%,0,2,0,0,-1,10,6.7,0.225,1.5075
2026/08/01,„ш±г∆ч,÷«ƒ№¬нЌ∞„ш±г∆ч»Ђєъ Ѓіу∆Ј≈∆,0 ~ 20,0.3,0.53,0.262,0% ~ 1%,0,0,0,0,-1,10,5.3,0.005,0.0265
2026/08/01,„ш±г∆ч,¬нЌ∞ґщЌѓ„ш±г∆ч3Ћк“‘…ѕЉ”іу–ЌЇ≈,0 ~ 20,0.3,0.84,-0.378,0% ~ 1%,-1.05,0,-1.05,0,-1,10,8.4,0.005,0.042
2026/08/01,„ш±г∆ч,„ш±г∆чјѕ»Ћ“∆ґѓ¬нЌ∞≈©іе,0 ~ 20,0.4,1.9,0.407,7.5% ~ 10%,-0.55,1,-0.55,0,-1,10,19,0.087,1.653
2026/08/01,„ш±г∆ч,ґщЌѓ„ш±г∆чґ„њ”,0 ~ 20,1.05,0.83,0.137,40% ~ 45%,0.3,5,1.55,0,-1,10,8.3,0.425,3.5275
2026/08/01,„ш±г∆ч,„ш±г∆ч÷«ƒ№,0 ~ 20,0.15,0.94,1.474,7.5% ~ 10%,0,1,0,0,0,10,9.4,0.087,0.8178
2026/08/01,„ш±г∆ч,µ∞–ќ„ш±г∆ч,0 ~ 20,0,0.27,0,0% ~ 1%,0,0,0,0,0,10,2.7,0.005,0.0135
2026/08/01,„ш±г∆ч,ґ„њ”„ш±г∆чґщЌѓ,0 ~ 20,0.55,0.88,0.375,7.5% ~ 10%,-0.6,1,-0.55,0,-1,10,8.8,0.087,0.7656
2026/08/01,„ш±г∆ч,јѕƒк»Ћі≤…ѕ„ш±г∆ч,0 ~ 20,0.55,0.74,0,10% ~ 15%,0.15,2,1.05,0,-1,10,7.4,0.125,0.925
2026/08/01,„ш±г∆ч,ґщЌѓ¬нЌ∞„ш±г∆ч”§”„ґщ„®”√,0 ~ 20,-0.35,0.64,-0.379,20% ~ 25%,-0.35,2,-0.7,0,-1,10,6.4,0.225,1.44
2026/08/01,„ш±г∆ч,Љ”Єя„ш±г∆ч,0 ~ 20,0.3,1.25,0.894,7.5% ~ 10%,-0.7,1,-0.55,0,-1,10,12.5,0.087,1.0875
2026/08/01,„ш±г∆ч,Љ“”√јѕ»Ћ“∆ґѓ„ш±г∆ч,0 ~ 20,0.9,1.39,0.511,35% ~ 40%,0.35,5,1.55,0,0,10,13.9,0.375,5.2125
2026/08/01,„ш±г∆ч,–°ЇҐґ„њ”„ш±г∆ч,0 ~ 20,0.15,0.6,-0.348,25% ~ 30%,2.3,2,1.05,0,-1,10,6,0.275,1.65
2026/08/01,„ш±г∆ч,Ѕў ±¬нЌ∞„ш±г∆ч,0 ~ 20,0.75,0.74,0.897,10% ~ 15%,0,1,0,0,-1,10,7.4,0.125,0.925
2026/08/01,„ш±г∆ч,јѕƒк»ЋЉ“”√„ш±г∆ч,0 ~ 20,0.15,1.2,1.727,35% ~ 40%,-0.05,4,0.35,0,-1,10,12,0.375,4.5
2026/08/01,„ш±г∆ч,„ш±г∆ч≈Ѓ њ,0 ~ 20,-0.15,0.49,-0.417,0% ~ 1%,-1.05,0,-1.05,0,-1,10,4.9,0.005,0.0245
2026/08/01,„ш±г∆ч,¬ьЅъ„ш±г∆ч,0 ~ 20,0,0.56,-0.233,0% ~ 1%,0,0,0,0,-1,10,5.6,0.005,0.028
2026/08/01,„ш±г∆ч,”§”„ґщ„ш±г∆ч,0 ~ 20,-0.1,0.64,-0.015,20% ~ 25%,2.05,3,2.05,0,-1,10,6.4,0.225,1.44
2026/08/01,„ш±г∆ч,јѕƒк»Ћ¬÷“ќіш„ш±г∆ч,0 ~ 20,-0.2,0.72,0.532,7.5% ~ 10%,-0.5,1,-0.55,0,-1,10,7.2,0.087,0.6264
2026/08/01,„ш±г∆ч,∆’Ќ®„ш±г∆ч,0 ~ 20,-0.4,0.42,-0.364,0% ~ 1%,-1.05,0,-1.05,0,-1,10,4.2,0.005,0.021
2026/08/01,„ш±г∆ч,≤ї–вЄ÷„ш±г∆ч,0 ~ 20,0.55,0.82,0,7.5% ~ 10%,0,1,0,0,-1,10,8.2,0.087,0.7134
2026/08/01,„ш±г∆ч,јѕƒк»ЋЉ“”√„ш±г∆ч,0 ~ 20,0.15,1.2,1.727,35% ~ 40%,-0.05,4,0.35,0,-1,10,12,0.375,4.5
2026/08/01,„ш±г∆ч,–°ЇҐґ„њ”„ш±г∆ч,0 ~ 20,0.15,0.6,-0.348,25% ~ 30%,2.3,2,1.05,0,-1,10,6,0.275,1.65
2026/08/01,„ш±г∆ч,∆’Ќ®„ш±г∆ч,0 ~ 20,-0.4,0.42,-0.364,0% ~ 1%,-1.05,0,-1.05,0,-1,10,4.2,0.005,0.021
2026/08/01,„ш±г∆ч,”§”„ґщ„ш±г∆ч,0 ~ 20,-0.1,0.64,-0.015,20% ~ 25%,2.05,3,2.05,0,-1,10,6.4,0.225,1.44
2026/08/01,„ш±г∆ч,≈©іеЇµ≤ё√в≥е„ш±г∆ч,0 ~ 20,0.25,0.55,0.222,10% ~ 15%,-0.3,1,0,0,-1,10,5.5,0.125,0.6875
2026/08/01,„ш±г∆ч, јЉЌ±¶±іЈ¬’ж„ш±г∆чbh149c,0 ~ 20,0.65,0.92,0.804,0% ~ 1%,0,0,0,0,-1,10,9.2,0.005,0.046
2026/08/01,„ш±г∆ч,Љ“”√ґ„њ”Єƒ„ш±г∆ч,0 ~ 20,0.25,0.62,-0.392,15% ~ 20%,0.35,2,1.05,0,-1,10,6.2,0.175,1.085
2026/08/01,„ш±г∆ч,ґщЌѓ¬нЌ∞„ш±г∆ч–°ЇҐ„®”√≤ёЋщ,0 ~ 20,0,0.61,0.245,10% ~ 15%,-0.8,1,-0.7,0,-1,10,6.1,0.125,0.7625
2026/08/01,„ш±г∆ч,¬нЌ∞„ш±г∆чЉ№„”,0 ~ 20,0.8,0.82,1.158,0% ~ 1%,0,0,0,0,-1,10,8.2,0.005,0.041
2026/08/01,„ш±г∆ч,≈©іеЇµ≤ё„ш±г∆чЈј≥ф∆ч,0 ~ 20,-0.15,1.32,1.75,15% ~ 20%,0,2,0,0,-1,10,13.2,0.175,2.31
2026/08/01,„ш±г∆ч,„ш±г∆чЊ≈ƒЅєўЈљ∆мљҐµк,0 ~ 20,0.1,1.23,4.857,0% ~ 1%,0,0,0,0,-1,10,12.3,0.005,0.0615
2026/08/01,„ш±г∆ч,„ш±г∆ч¬нЌ∞ЋҐ,0 ~ 20,0.65,1.06,-0.078,50% ~ 55%,0.5,6,1.05,0,-1,10,10.6,0.525,5.565
2026/08/01,„ш±г∆ч,ґщЌѓ¬нЌ∞„ш±г∆ч–°ЇҐ„®”√≤ёЋщ,0 ~ 20,0,0.61,0.245,10% ~ 15%,-0.8,1,-0.7,0,-1,10,6.1,0.125,0.7625
2026/08/01,„ш±г∆ч,Ј≈‘Џ¬нЌ∞…ѕµƒ„ш±г∆ч,0 ~ 20,-0.4,0.41,-0.406,15% ~ 20%,-0.3,1,-0.8,0,-1,10,4.1,0.175,0.7175
2026/08/01,„ш±г∆ч,јѕ»Ћ„ш±г∆чЉ”Єя,0 ~ 20,0,0.4,0,20% ~ 25%,0,2,0,0,0,10,4,0.225,0.9
2026/08/01,„ш±г∆ч, јЉЌ±¶±іЈ¬’ж„ш±г∆чbh149c,0 ~ 20,0.65,0.92,0.804,0% ~ 1%,0,0,0,0,-1,10,9.2,0.005,0.046
2026/08/01,„ш±г∆ч,¬нЌ∞„ш±г∆чЉ№„”,0 ~ 20,0.8,0.82,1.158,0% ~ 1%,0,0,0,0,-1,10,8.2,0.005,0.041
2026/08/01,„ш±г∆ч,≈©іеЇµ≤ё√в≥е„ш±г∆ч,0 ~ 20,0.25,0.55,0.222,10% ~ 15%,-0.3,1,0,0,-1,10,5.5,0.125,0.6875
2026/08/01,„ш±г∆ч,Љ“”√ґ„њ”Єƒ„ш±г∆ч,0 ~ 20,0.25,0.62,-0.392,15% ~ 20%,0.35,2,1.05,0,-1,10,6.2,0.175,1.085
2026/08/01,„ш±г∆ч,≈©іеЇµ≤ё„ш±г∆чЈј≥ф∆ч,0 ~ 20,-0.15,1.32,1.75,15% ~ 20%,0,2,0,0,-1,10,13.2,0.175,2.31
2026/08/01,„ш±г∆ч,±г–ѓ љјѕ»Ћ„ш±г∆ч,0 ~ 20,0,0.72,0.241,25% ~ 30%,0.3,3,0.55,0,-1,10,7.2,0.275,1.98
2026/08/01,„ш±г∆ч,¬нЌ∞„ш±г∆чµ„≤њєћґ®√№ЈвљЇ,0 ~ 20,0.7,0.79,-0.177,50% ~ 55%,-0.15,5,0.3,0,-1,10,7.9,0.525,4.1475
2026/08/01,„ш±г∆ч,јѕ»Ћ„®”√“∆ґѓ„ш±г∆ч,0 ~ 20,0.1,1.19,1.052,20% ~ 25%,0,2,0,0,-1,10,11.9,0.225,2.6775
2026/08/01,„ш±г∆ч,¬нЌ∞„ш±г∆чЄ«„”єћґ®≈дЉю,0 ~ 20,1.15,0.9,-0.151,50% ~ 55%,0.65,6,2.05,0,-1,10,9,0.525,4.725
2026/08/01,„ш±г∆ч,≥…»Ћ“∆ґѓ„ш±г∆ч,0 ~ 20,0.1,0.51,-0.5,15% ~ 20%,-0.1,2,0,0,-1,10,5.1,0.175,0.8925
2026/08/01,„ш±г∆ч,÷«ƒ№„ш±г∆ч¬нЌ∞Є«,0 ~ 20,0.4,0.51,0.821,0% ~ 1%,-1.05,0,-1.05,0,0,10,5.1,0.005,0.0255
2026/08/01,„ш±г∆ч,–°≈у”—¬нЌ∞„ш±г∆чґщЌѓ„®”√,0 ~ 20,0,0.76,0,25% ~ 30%,0,3,0,0,0,10,7.6,0.275,2.09
2026/08/01,„ш±г∆ч,јѕ»Ћ„ш±г∆ч¬нЌ∞“∆ґѓ,0 ~ 20,-0.1,0.59,0.513,0% ~ 1%,0,0,0,0,0,10,5.9,0.005,0.0295
2026/08/01,„ш±г∆ч,ґщЌѓ¬нЌ∞„ш±г∆ч¬•ћЁ љ,0 ~ 20,0.9,0.59,-0.665,15% ~ 20%,-0.55,2,0,0,-1,10,5.9,0.175,1.0325
2026/08/01,„ш±г∆ч,Њ≈ƒЅ„ш±г∆ч¬нЌ∞Љ“”√,0 ~ 20,0.2,0.55,-0.052,7.5% ~ 10%,-0.5,1,0,0,-1,10,5.5,0.087,0.4785
2026/08/01,„ш±г∆ч,±г–ѓ љјѕ»Ћ„ш±г∆ч,0 ~ 20,0,0.72,0.241,25% ~ 30%,0.3,3,0.55,0,-1,10,7.2,0.275,1.98
2026/08/01,„ш±г∆ч,–°≈у”—¬нЌ∞„ш±г∆чґщЌѓ„®”√,0 ~ 20,0,0.76,0,25% ~ 30%,0,3,0,0,0,10,7.6,0.275,2.09
2026/08/01,„ш±г∆ч,„ш±г∆ч≈≈ЋЃЈІ,0 ~ 20,0.7,0.74,0.072,30% ~ 35%,0.1,4,1.05,0,0,10,7.4,0.325,2.405
2026/08/01,„ш±г∆ч,–°±¶±¶„ш±г∆ч,0 ~ 20,0.8,0.85,0.308,0% ~ 1%,-1.05,0,-1.05,0,0,10,8.5,0.005,0.0425
2026/08/01,„ш±г∆ч,јѕ»Ћ”√µƒ“∆ґѓ„ш±г∆ч,0 ~ 20,1.05,0.93,1.163,25% ~ 30%,0,2,0,0,0,10,9.3,0.275,2.5575
2026/08/01,„ш±г∆ч,„∞–ёЅў ±„ш±г∆ч,0 ~ 20,-0.3,0.64,-0.247,50% ~ 55%,3.55,5,4.05,0,-1,10,6.4,0.525,3.36
2026/08/01,„ш±г∆ч,Њ≈ƒЅ„ш±г∆ч¬нЌ∞,0 ~ 20,0.8,0.81,1.314,0% ~ 1%,0,0,0,0,0,10,8.1,0.005,0.0405
2026/08/01,„ш±г∆ч,¬нЌ∞„ш±г∆чѕыґЊ…±Њъ ™љн,0 ~ 20,-0.3,0.7,-0.103,7.5% ~ 10%,-0.75,1,-0.8,0,-1,10,7,0.087,0.609
2026/08/01,„ш±г∆ч,„ш±г∆ч√№ЈвљЇ,0 ~ 20,0.3,0.84,-0.323,40% ~ 45%,-0.45,4,-0.25,0,-1,10,8.4,0.425,3.57
2026/08/01,„ш±г∆ч,„ш±г∆ч«ељаЉЅ,0 ~ 20,0.6,0.77,0.069,10% ~ 15%,0,1,0,0,-1,10,7.7,0.125,0.9625
2026/08/01,„ш±г∆ч,¬нЌ∞„ш±г∆чѕыґЊ…±Њъ ™љн,0 ~ 20,-0.3,0.7,-0.103,7.5% ~ 10%,-0.75,1,-0.8,0,-1,10,7,0.087,0.609
2026/08/01,„ш±г∆ч,Њ≈ƒЅ„ш±г∆ч¬нЌ∞,0 ~ 20,0.8,0.81,1.314,0% ~ 1%,0,0,0,0,0,10,8.1,0.005,0.0405
2026/08/01,„ш±г∆ч,„∞–ёЅў ±„ш±г∆ч,0 ~ 20,-0.3,0.64,-0.247,50% ~ 55%,3.55,5,4.05,0,-1,10,6.4,0.525,3.36
2026/08/01,„ш±г∆ч,„ш±г∆чЄ«∞е,0 ~ 20,0.2,3.29,0.179,10% ~ 15%,0,3,0.55,0,0,10,32.9,0.125,4.1125
2026/08/01,„ш±г∆ч,’џµю¬нЌ∞„ш±г∆ч,0 ~ 20,-0.3,0.51,-0.15,10% ~ 15%,-0.4,1,-0.55,0,-1,10,5.1,0.125,0.6375
2026/08/01,„ш±г∆ч,Љэ≈∆„ш±г∆ч,0 ~ 20,-0.1,0.82,1.343,0% ~ 1%,0,0,0,0,-1,10,8.2,0.005,0.041
2026/08/01,„ш±г∆ч,–°±¶±¶„ш±г∆ч,0 ~ 20,0.8,0.85,0.308,0% ~ 1%,-1.05,0,-1.05,0,0,10,8.5,0.005,0.0425
2026/08/01,„ш±г∆ч,ґщЌѓ„ш±г∆чјђїшіь,0 ~ 20,0.35,0.76,-0.106,40% ~ 45%,-0.15,4,-0.25,0,-1,10,7.6,0.425,3.23
2026/08/01,„ш±г∆ч,јѕ»Ћ„ш±г∆ч“∆ґѓ¬нЌ∞Љ”Єя,0 ~ 20,0.45,0.97,-0.205,10% ~ 15%,0,1,0,0,-1,10,9.7,0.125,1.2125
2026/08/01,„ш±г∆ч,јѕƒк “ƒЏ„ш±г∆ч,0 ~ 20,-0.15,0.49,-0.473,30% ~ 35%,0.35,2,0,0,-1,10,4.9,0.325,1.5925
2026/08/01,„ш±г∆ч,”§ґщЌѓ¬нЌ∞„ш±г∆ч,0 ~ 20,0,0.98,0,0% ~ 1%,0,0,0,0,0,10,9.8,0.005,0.049
2026/08/01,„ш±г∆ч,‘–ЄЊ±г–ѓ„ш±г∆ч,0 ~ 20,-0.15,1.62,0.328,35% ~ 40%,0.05,3,-0.3,0,-1,10,16.2,0.375,6.075
2026/08/01,„ш±г∆ч,ћµ”џ„ш±г∆чґщЌѓ,0 ~ 20,0.2,0.9,-0.072,25% ~ 30%,-0.35,3,-0.3,0,0,10,9,0.275,2.475
2026/08/01,„ш±г∆ч,їІЌв’џµю„ш±г∆ч,0 ~ 20,0.2,0.82,0.464,10% ~ 15%,-0.15,1,0,0,-1,10,8.2,0.125,1.025
2026/08/01,„ш±г∆ч,јѕƒк»ЋЉ“Ќ•„ш±г∆чљб µƒЌ”√Јј≥ф,0 ~ 20,0.45,0.89,0.072,10% ~ 15%,-0.65,1,-0.55,0,0,10,8.9,0.125,1.1125
2026/08/01,„ш±г∆ч,ќј…ъЉдґ„њ”Єƒ„ш±г∆ч,0 ~ 20,0.9,0.42,-0.16,0% ~ 1%,0,0,0,0,-1,10,4.2,0.005,0.021
2026/08/01,„ш±г∆ч,ґщЌѓ„ш±г∆чјђїшіь,0 ~ 20,0.35,0.76,-0.106,40% ~ 45%,-0.15,4,-0.25,0,-1,10,7.6,0.425,3.23
2026/08/01,„ш±г∆ч,≈©іеЇµ≤ё„ш±г∆ч¬нЌ∞Є«,0 ~ 20,0.9,1.25,0.202,0% ~ 1%,-1.05,0,-1.05,0,-1,10,12.5,0.005,0.0625
2026/08/01,„ш±г∆ч,јѕƒк “ƒЏ„ш±г∆ч,0 ~ 20,-0.15,0.49,-0.473,30% ~ 35%,0.35,2,0,0,-1,10,4.9,0.325,1.5925
2026/08/01,„ш±г∆ч,„ш±г∆ч–°≥яіз,0 ~ 20,1.2,0.31,-0.244,0% ~ 1%,0,0,0,0,-1,10,3.1,0.005,0.0155
2026/08/01,„ш±г∆ч,„ш±г∆ч≥еѕі∆®є…,0 ~ 20,-0.15,0.7,0.296,20% ~ 25%,1.7,2,1.05,0,-1,10,7,0.225,1.575
2026/08/01,„ш±г∆ч,‘–ЄЊ±г–ѓ„ш±г∆ч,0 ~ 20,-0.15,1.62,0.328,35% ~ 40%,0.05,3,-0.3,0,-1,10,16.2,0.375,6.075
2026/08/01,„ш±г∆ч,≈©іејѕ»ЋЇµ≤ё„ш±г∆ч,0 ~ 20,0.1,0.86,0.755,0% ~ 1%,-1.05,0,-1.05,0,-1,10,8.6,0.005,0.043
2026/08/01,„ш±г∆ч,ґщЌѓ–°¬нЌ∞„ш±г∆ч,0 ~ 20,-0.1,0.4,-0.672,20% ~ 25%,-0.35,1,-0.55,0,0,10,4,0.225,0.9
2026/08/01,„ш±г∆ч,“ќ„”„ш±г∆ч,0 ~ 20,0.2,0.61,-0.43,0% ~ 1%,-1.05,0,-1.05,0,-1,10,6.1,0.005,0.0305
2026/08/01,„ш±г∆ч,ґщЌѓ¬нЌ∞„ш±г∆ч«ељаіь,0 ~ 20,0.2,1.01,0.53,40% ~ 45%,-0.45,5,0,0,-1,10,10.1,0.425,4.2925
2026/08/01,„ш±г∆ч,јѕ»Ћ„ш±г∆ч“∆ґѓ¬нЌ∞Љ”Єя,0 ~ 20,0.45,0.97,-0.205,10% ~ 15%,0,1,0,0,-1,10,9.7,0.125,1.2125
2026/08/01,„ш±г∆ч,„ш±г∆ч–°≥яіз,0 ~ 20,1.2,0.31,-0.244,0% ~ 1%,0,0,0,0,-1,10,3.1,0.005,0.0155
2026/08/01,„ш±г∆ч,“їіќ–‘„ш±г∆чћ„,0 ~ 20,0,0.84,0.333,30% ~ 35%,-0.45,3,-0.3,0,-1,10,8.4,0.325,2.73
2026/08/01,„ш±г∆ч,Ќ®¬нЌ∞…с∆ч“ї≈ЏЌ®„ш±г∆ч„®”√,0 ~ 20,1.05,0.65,0.548,25% ~ 30%,0,2,0,0,-1,10,6.5,0.275,1.7875
2026/08/01,„ш±г∆ч,„ш±г∆чЈјљ¶ƒт,0 ~ 20,1.05,0.52,0.926,25% ~ 30%,0,2,0,0,-1,10,5.2,0.275,1.43
2026/08/01,„ш±г∆ч,„ш±г∆чЉ”Єяµж,0 ~ 20,0.55,0.63,1.1,0% ~ 1%,0,0,0,0,-1,10,6.3,0.005,0.0315
2026/08/01,„ш±г∆ч,ґщЌѓ¬нЌ∞„ш±г∆ч≈Ѓ±¶±¶2Ћк,0 ~ 20,-0.45,0.83,-0.314,25% ~ 30%,-0.3,2,-0.55,0,-1,10,8.3,0.275,2.2825
2026/08/01,„ш±г∆ч,‘–∆Џ„ш±г∆ч,0 ~ 20,0,2.58,1.804,10% ~ 15%,0,1,0,0,-1,10,25.8,0.125,3.225
2026/08/01,„ш±г∆ч,¬нЌ∞„ш±г∆чґщЌѓ±г–ѓ,0 ~ 20,-0.35,0.96,0.055,25% ~ 30%,-0.2,3,-0.3,0,-1,10,9.6,0.275,2.64
2026/08/01,„ш±г∆ч,ґщЌѓ¬нЌ∞„ш±г∆ч»эЇѕ“ї,0 ~ 20,0.35,0.68,-0.029,0% ~ 1%,-1.05,0,-1.05,0,-1,10,6.8,0.005,0.034
2026/08/01,„ш±г∆ч,„ш±г∆ч√№Јв»¶,0 ~ 20,-0.25,0.69,-0.104,0% ~ 1%,-1.05,0,-1.05,0,-1,10,6.9,0.005,0.0345
2026/08/01,„ш±г∆ч,¬÷“ќћ±їЊјѕ»Ћ„®”√іш„ш±г∆ч,0 ~ 20,-0.3,0.71,-0.053,10% ~ 15%,0,1,0,0,-1,10,7.1,0.125,0.8875
2026/08/01,„ш±г∆ч,Љ“”√„ш±г∆чњ…“∆ґѓ¬нЌ∞,0 ~ 20,0.35,0.65,1.167,0% ~ 1%,0,0,0,0,0,10,6.5,0.005,0.0325
2026/08/01,„ш±г∆ч,ґ„ љ„ш±г∆ч,0 ~ 20,-0.15,1.34,1,25% ~ 30%,0,2,0,0,-1,10,13.4,0.275,3.685
2026/08/01,„ш±г∆ч,≈©іеЇµ≤ё„ш±г∆ч¬нЌ∞,0 ~ 20,0.55,1.48,2.442,0% ~ 1%,0,0,0,0,-1,10,14.8,0.005,0.074
2026/08/01,„ш±г∆ч,„ш±г∆чЄ«„”,0 ~ 20,0.25,0.76,-0.038,15% ~ 20%,-0.7,1,-0.8,0,0,10,7.6,0.175,1.33
2026/08/01,„ш±г∆ч,„ш±г∆чЉ”Єяµж,0 ~ 20,0.55,0.63,1.1,0% ~ 1%,0,0,0,0,-1,10,6.3,0.005,0.0315
2026/08/01,„ш±г∆ч,„ш±г∆ч√№Јв»¶,0 ~ 20,-0.25,0.69,-0.104,0% ~ 1%,-1.05,0,-1.05,0,-1,10,6.9,0.005,0.0345
2026/08/01,„ш±г∆ч,¬÷“ќћ±їЊјѕ»Ћ„®”√іш„ш±г∆ч,0 ~ 20,-0.3,0.71,-0.053,10% ~ 15%,0,1,0,0,-1,10,7.1,0.125,0.8875
2026/08/01,„ш±г∆ч,њ…“∆ґѓјѕƒк„ш±г∆ч,0 ~ 20,-0.5,0.73,0.106,0% ~ 1%,-1.05,0,-1.05,0,-1,10,7.3,0.005,0.0365
2026/08/01,„ш±г∆ч,ґщЌѓ”√„ш±г∆ч,0 ~ 20,-0.4,1.12,1.113,25% ~ 30%,0.75,2,0,0,-1,10,11.2,0.275,3.08
2026/08/01,„ш±г∆ч,÷ъ––∆ч„ш±г∆ч,0 ~ 20,-0.55,0.64,-0.169,10% ~ 15%,-0.5,1,-0.7,0,-1,10,6.4,0.125,0.8
2026/08/01,„ш±г∆ч,≤ї–вЄ÷¬нЌ∞„ш±г∆ч,0 ~ 20,-0.25,0.66,0.404,15% ~ 20%,0,1,0,0,-1,10,6.6,0.175,1.155
2026/08/01,„ш±г∆ч,±¶±¶ґ„њ”„ш±г∆ч,0 ~ 20,-0.2,0.74,-0.383,10% ~ 15%,-0.6,1,-0.7,0,-1,10,7.4,0.125,0.925
2026/08/01,„ш±г∆ч,ґщЌѓ¬нЌ∞„ш±г∆ч¬•ћЁ љњ…’џµю,0 ~ 20,0,0.96,0,20% ~ 25%,0,2,0,0,0,10,9.6,0.225,2.16
2026/08/01,„ш±г∆ч,ґщЌѓ”√„ш±г∆ч,0 ~ 20,-0.4,1.12,1.113,25% ~ 30%,0.75,2,0,0,-1,10,11.2,0.275,3.08
2026/08/01,„ш±г∆ч,јѕ»Ћ„®”√„ш±г∆ч,0 ~ 20,0,0.56,-0.176,20% ~ 25%,0,2,0,0,-1,10,5.6,0.225,1.26
2026/08/01,„ш±г∆ч,Љ“”√јѕ»Ћ„ш±г∆чњ…“∆ґѓ¬нЌ∞ “ƒЏ±г–ѓ љ,0 ~ 20,0.15,0.56,-0.472,0% ~ 1%,-1.05,0,-1.05,0,-1,10,5.6,0.005,0.028
2026/08/01,„ш±г∆ч,іу–°±г„ш±г∆ч,0 ~ 20,0,1.11,1.362,25% ~ 30%,0,2,0,0,-1,10,11.1,0.275,3.0525
2026/08/01,„ш±г∆ч,  Їѕјѕƒк»Ћµƒ„ш±г∆ч,0 ~ 20,0.15,0.84,1.4,25% ~ 30%,0,2,1.05,0,0,10,8.4,0.275,2.31
2026/08/01,„ш±г∆ч,„ш±г∆ч∞≤»ЂЈц ÷,0 ~ 20,0.85,1.06,1.304,0% ~ 1%,0,0,0,0,-1,10,10.6,0.005,0.053
2026/08/01,„ш±г∆ч,ґщЌѓ„ш±г∆ч«ељаіь,0 ~ 20,-0.25,0.67,-0.302,55% ~ 60%,0.05,5,-0.3,0,-1,10,6.7,0.575,3.8525
2026/08/01,„ш±г∆ч,≤ї–вЄ÷¬нЌ∞„ш±г∆ч,0 ~ 20,-0.25,0.66,0.404,15% ~ 20%,0,1,0,0,-1,10,6.6,0.175,1.155
2026/08/01,„ш±г∆ч,≤°»Ћ”√µƒ„ш±г∆ч,0 ~ 20,-0.45,0.69,-0.042,0% ~ 1%,0,0,0,0,-1,10,6.9,0.005,0.0345
2026/08/01,„ш±г∆ч,µзґѓ¬÷“ќіш„ш±г∆ч,0 ~ 20,-0.4,0.71,0.044,0% ~ 1%,0,0,0,0,-1,10,7.1,0.005,0.0355
2026/08/01,„ш±г∆ч,Љ“”√јѕ»Ћ„ш±г∆чњ…“∆ґѓ¬нЌ∞ “ƒЏ±г–ѓ љ,0 ~ 20,0.15,0.56,-0.472,0% ~ 1%,-1.05,0,-1.05,0,-1,10,5.6,0.005,0.028
2026/08/01,„ш±г∆ч,„ш±г∆ч∞≤»ЂЈц ÷,0 ~ 20,0.85,1.06,1.304,0% ~ 1%,0,0,0,0,-1,10,10.6,0.005,0.053
2026/08/01,„ш±г∆ч,јѕƒк»Ћњ…“∆ґѓ„ш±г∆ч,0 ~ 20,-0.25,0.67,-0.082,20% ~ 25%,0,1,0,0,-1,10,6.7,0.225,1.5075
2026/08/01,„ш±г∆ч,јѕƒк»Ћ¬нЌ∞„ш±г∆чњ…“∆ґѓ∆мљҐµк,0 ~ 20,-0.25,1.07,-0.093,10% ~ 15%,-0.3,1,-0.55,0,-1,10,10.7,0.125,1.3375
2026/08/01,„ш±г∆ч,ґ„±г¬нЌ∞„ш±г∆ч,0 ~ 20,0,0.5,-0.107,0% ~ 1%,0,0,0,0,0,10,5,0.005,0.025
2026/08/01,„ш±г∆ч,јѕƒк»Ћґ„њ”„ш±г∆ч,0 ~ 20,-0.35,0.97,-0.353,10% ~ 15%,-0.7,1,-0.8,0,-1,10,9.7,0.125,1.2125
2026/08/01,„ш±г∆ч,  Їѕјѕƒк»Ћµƒ„ш±г∆ч,0 ~ 20,0.15,0.84,1.4,25% ~ 30%,0,2,1.05,0,0,10,8.4,0.275,2.31
2026/08/01,„ш±г∆ч,„ш±г∆чјѕ»Ћ“∆ґѓ¬нЌ∞≈дЉю,0 ~ 20,0.85,0.68,0.03,20% ~ 25%,0.35,2,1.05,0,-1,10,6.8,0.225,1.53
2026/08/01,„ш±г∆ч,ґщЌѓ”√„ш±г∆ч,0 ~ 20,-0.4,1.12,1.113,25% ~ 30%,0.75,2,0,0,-1,10,11.2,0.275,3.08
2026/08/01,„ш±г∆ч,іу–°±г„ш±г∆ч,0 ~ 20,0,1.11,1.362,25% ~ 30%,0,2,0,0,-1,10,11.1,0.275,3.0525
2026/08/01,„ш±г∆ч,јѕƒк»Ћњ…“∆ґѓ„ш±г∆ч,0 ~ 20,-0.25,0.67,-0.082,20% ~ 25%,0,1,0,0,-1,10,6.7,0.225,1.5075
2026/08/01,„ш±г∆ч,–°ЇҐ¬нЌ∞„ш±г∆ч≈Ѓ±¶±¶,0 ~ 20,-0.3,0.96,-0.01,30% ~ 35%,2.35,2,1.05,0,-1,10,9.6,0.325,3.12
2026/08/01,„ш±г∆ч,„ш±г∆ч¬нЌ∞»¶,0 ~ 20,-0.1,0.13,-0.822,50% ~ 55%,2.05,1,0,0,0,10,1.3,0.525,0.6825
2026/08/01,„ш±г∆ч,µЎ≈≈÷«ƒ№„ш±г∆чЇ√∆ј∞с,0 ~ 20,0.3,0.67,0.047,0% ~ 1%,0,0,0,0,0,10,6.7,0.005,0.0335
2026/08/01,„ш±г∆ч,¬нњ…≤®¬ё„ш±г∆ч,0 ~ 20,0,1.11,0,0% ~ 1%,0,0,0,0,0,10,11.1,0.005,0.0555
2026/08/01,„ш±г∆ч,ґщЌѓ„®”√„ш±г∆ч,0 ~ 20,-0.1,1.13,-0.034,25% ~ 30%,0.55,1,0,0,-1,10,11.3,0.275,3.1075
2026/08/01,„ш±г∆ч,±¶±¶ґ„≤ё„ш±г∆ч,0 ~ 20,-0.2,1.18,0.934,25% ~ 30%,1.05,2,1.05,0,-1,10,11.8,0.275,3.245
2026/08/01,„ш±г∆ч,јѕƒк»Ћіш„ш±г∆ч¬÷“ќ,0 ~ 20,-0.25,0.59,-0.224,25% ~ 30%,0.55,1,0,0,-1,10,5.9,0.275,1.6225
2026/08/01,„ш±г∆ч,√®¬нЌ∞„ш±г∆ч,0 ~ 20,0.15,1.15,0.691,0% ~ 1%,-1.05,0,-1.05,0,-1,10,11.5,0.005,0.0575
2026/08/01,„ш±г∆ч,–°ЇҐ¬нЌ∞„ш±г∆ч≈Ѓ±¶±¶,0 ~ 20,-0.3,0.96,-0.01,30% ~ 35%,2.35,2,1.05,0,-1,10,9.6,0.325,3.12
2026/08/01,„ш±г∆ч,Їзќь љ„ш±г∆ч,0 ~ 20,-0.2,0.27,-0.654,0% ~ 1%,-1.05,0,-1.05,0,0,10,2.7,0.005,0.0135
2026/08/01,„ш±г∆ч,„ш±г∆ч¬нЌ∞ЋҐќёЋјљ«,0 ~ 20,-0.1,0.59,-0.352,30% ~ 35%,-0.55,3,-0.6,0,-1,10,5.9,0.325,1.9175
2026/08/01,„ш±г∆ч,„ш±г∆ч„ш‘°≈и,0 ~ 20,-0.1,0.61,-0.39,15% ~ 20%,-0.35,1,-0.55,0,-1,10,6.1,0.175,1.0675
2026/08/01,„ш±г∆ч,јѕ»Ћ„ш±г∆ч»нµж,0 ~ 20,-0.55,0.86,-0.122,50% ~ 55%,0.65,2,-0.55,0,-1,10,8.6,0.525,4.515
2026/08/01,„ш±г∆ч,„ш±г∆ч≈≈ЋЃЈІ√№Јв»¶,0 ~ 20,-0.35,0.81,-0.229,0% ~ 1%,-1.05,0,-1.05,0,-1,10,8.1,0.005,0.0405
2026/08/01,„ш±г∆ч,„ш±г∆чјђїшіь,0 ~ 20,-0.2,0.83,1.128,50% ~ 55%,1.05,3,0.55,0,-1,10,8.3,0.525,4.3575
2026/08/01,„ш±г∆ч,„ш±г∆ч≥еѕі∆ч,0 ~ 20,-0.45,1.7,1.698,20% ~ 25%,0.45,1,0,0,-1,10,17,0.225,3.825
2026/08/01,„ш±г∆ч,„ш±г∆ч√јЈмћщ,0 ~ 20,0.15,2.12,0.782,15% ~ 20%,-0.6,1,-0.55,0,-1,10,21.2,0.175,3.71
2026/08/01,„ш±г∆ч,јѕ»Ћ„ш±г∆чјђїшіь,0 ~ 20,0,0.85,0,60% ~ 65%,0,5,0,0,0,10,8.5,0.625,5.3125
2026/08/01,„ш±г∆ч,ґ„њ”Єƒ¬нЌ∞„ш±г∆ч,0 ~ 20,-0.1,2.36,2.278,10% ~ 15%,0,1,0,0,0,10,23.6,0.125,2.95
2026/08/01,„ш±г∆ч,√®¬нЌ∞„ш±г∆ч,0 ~ 20,0.15,1.15,0.691,0% ~ 1%,-1.05,0,-1.05,0,-1,10,11.5,0.005,0.0575
2026/08/01,„ш±г∆ч,„ш±г∆ч¬нЌ∞ЋҐќёЋјљ«,0 ~ 20,-0.1,0.59,-0.352,30% ~ 35%,-0.55,3,-0.6,0,-1,10,5.9,0.325,1.9175
2026/08/01,„ш±г∆ч,„ш±г∆чЋЃѕд’ыћ„,0 ~ 20,-0.35,0.5,0.316,20% ~ 25%,0,1,0,0,-1,10,5,0.225,1.125
2026/08/01,„ш±г∆ч,„ш±г∆чјђїшіь,0 ~ 20,-0.2,0.83,1.128,50% ~ 55%,1.05,3,0.55,0,-1,10,8.3,0.525,4.3575
2026/08/01,„ш±г∆ч,±¶±¶„ш±г∆чјђїшіь,0 ~ 20,0.45,0.84,0.68,65% ~ 70%,-0.15,4,0.35,0,-1,10,8.4,0.675,5.67
2026/08/01,„ш±г∆ч,„ш±г∆ч≥еѕі∆ч,0 ~ 20,-0.45,1.7,1.698,20% ~ 25%,0.45,1,0,0,-1,10,17,0.225,3.825
2026/08/01,„ш±г∆ч, Іƒ№јѕ»Ћ„ш±г∆ч,0 ~ 20,0,0.32,-0.22,0% ~ 1%,-1.05,0,-1.05,0,-1,10,3.2,0.005,0.016
2026/08/01,„ш±г∆ч,іш„ш±г∆ч¬÷“ќ,0 ~ 20,0.45,0.81,0.266,15% ~ 20%,-0.8,1,-0.8,0,-1,10,8.1,0.175,1.4175
2026/08/01,„ш±г∆ч,toto„ш±г∆ч,0 ~ 20,0.45,0.38,0.52,0% ~ 1%,0,0,0,0,0,10,3.8,0.005,0.019
2026/08/01,„ш±г∆ч,–°√„„ш±г∆ч,0 ~ 20,0.3,0.39,-0.304,0% ~ 1%,0,0,0,0,-1,10,3.9,0.005,0.0195
2026/08/01,„ш±г∆ч,¬нЌ∞„ш±г∆чµ „”,0 ~ 20,0,1.19,0,50% ~ 55%,0,3,0,0,0,10,11.9,0.525,6.2475
2026/08/01,„ш±г∆ч,ґщЌѓ„®”√„ш±г∆ч,0 ~ 20,-0.1,1.13,-0.034,25% ~ 30%,0.55,1,0,0,-1,10,11.3,0.275,3.1075
2026/08/01,„ш±г∆ч,≤ёЋщ”√„ш±г∆ч,0 ~ 20,0.7,1.15,1.212,25% ~ 30%,-0.45,2,0,0,0,10,11.5,0.275,3.1625
2026/08/01,„ш±г∆ч,„ш±г∆чЋЃѕд’ыћ„,0 ~ 20,-0.35,0.5,0.316,20% ~ 25%,0,1,0,0,-1,10,5,0.225,1.125
2026/08/01,„ш±г∆ч,їоґѓ¬нЌ∞Љ“”√„ш±г∆ч,0 ~ 20,0,1.3,0,20% ~ 25%,0,1,0,0,0,10,13,0.225,2.925
2026/08/01,„ш±г∆ч, Іƒ№јѕ»Ћ„ш±г∆ч,0 ~ 20,0,0.32,-0.22,0% ~ 1%,-1.05,0,-1.05,0,-1,10,3.2,0.005,0.016
2026/08/01,„ш±г∆ч,јѕ»Ћ„ш±г∆чјђїшіь,0 ~ 20,0,0.85,0,60% ~ 65%,0,5,0,0,0,10,8.5,0.625,5.3125
2026/08/01,„ш±г∆ч,¬нЌ∞„ш±г∆чµж»¶,0 ~ 20,0.45,0.54,1,0% ~ 1%,0,0,0,0,0,10,5.4,0.005,0.027
2026/08/01,„ш±г∆ч,±¶±¶ґ„≤ё„ш±г∆ч,0 ~ 20,-0.2,1.18,0.934,25% ~ 30%,1.05,2,1.05,0,-1,10,11.8,0.275,3.245
2026/08/01,„ш±г∆ч,¬нЌ∞„ш±г∆чµ „”,0 ~ 20,0,1.19,0,50% ~ 55%,0,3,0,0,0,10,11.9,0.525,6.2475
2026/08/01,„ш±г∆ч,„ш±г∆чјђїшіь,0 ~ 20,-0.2,0.83,1.128,50% ~ 55%,1.05,3,0.55,0,-1,10,8.3,0.525,4.3575
2026/08/01,„ш±г∆ч,–°ЇҐ¬нЌ∞„ш±г∆ч≈Ѓ±¶±¶,0 ~ 20,-0.3,0.96,-0.01,30% ~ 35%,2.35,2,1.05,0,-1,10,9.6,0.325,3.12
2026/08/01,„ш±г∆ч,„ш±г∆ч≥еѕі∆ч,0 ~ 20,-0.45,1.7,1.698,20% ~ 25%,0.45,1,0,0,-1,10,17,0.225,3.825
2026/08/01,„ш±г∆ч,„ш±г∆ч≥…»Ћ,0 ~ 20,-0.45,0.32,-0.706,40% ~ 45%,-0.25,2,-0.65,0,-1,10,3.2,0.425,1.36
2026/08/01,„ш±г∆ч, µƒЊ„ш±г∆ч,0 ~ 20,-0.5,0.79,0.04,20% ~ 25%,0,1,0,0,-1,10,7.9,0.225,1.7775
2026/08/01,„ш±г∆ч,”§”„ґщ„ш±г∆ч≈ЃЇҐ,0 ~ 20,0,1.21,0,25% ~ 30%,0,2,0,0,0,10,12.1,0.275,3.3275
2026/08/01,„ш±г∆ч,≥…»Ћ„ш±г∆чµ „”,0 ~ 20,0.55,0.52,-0.358,25% ~ 30%,-0.55,1,0,0,-1,10,5.2,0.275,1.43
2026/08/01,„ш±г∆ч,јѕ љ„ш±г∆чЋЃѕд≈дЉю,0 ~ 20,-0.35,0.65,0.016,0% ~ 1%,-1.05,0,-1.05,0,-1,10,6.5,0.005,0.0325
2026/08/01,„ш±г∆ч,–°ЇҐ≤ёЋщ„ш±г∆ч,0 ~ 20,-0.2,1.12,0.349,0% ~ 1%,-1.05,0,-1.05,0,-1,10,11.2,0.005,0.056
2026/08/01,„ш±г∆ч,јѕ љ„ш±г∆ч≈дЉюіу»Ђ,0 ~ 20,-0.3,0.44,0.257,30% ~ 35%,0.7,1,0,0,-1,10,4.4,0.325,1.43
2026/08/01,„ш±г∆ч,„ш±г∆ч≥…»Ћ,0 ~ 20,-0.45,0.32,-0.706,40% ~ 45%,-0.25,2,-0.65,0,-1,10,3.2,0.425,1.36
2026/08/01,„ш±г∆ч,≈ЃЇҐ„ш±г∆ч,0 ~ 20,0,0.85,0,25% ~ 30%,0,1,0,0,0,10,8.5,0.275,2.3375
2026/08/01,„ш±г∆ч,„ш±г∆чјѕ»Ћ,0 ~ 20,-0.3,0.71,-0.52,20% ~ 25%,-0.65,1,-0.8,0,0,10,7.1,0.225,1.5975
2026/08/01,„ш±г∆ч,–¬њоЉ“”√÷«ƒ№¬нЌ∞»Ђ„‘ґѓЉі»»“їће љќёЋЃ—єѕё÷∆ЋЂЋЃ¬Ј„ш±г∆чіу≥яіз,0 ~ 20,0,0.27,0,30% ~ 35%,0,1,0,0,0,10,2.7,0.325,0.8775
2026/08/01,„ш±г∆ч,јѕ»Ћ„ш±г∆ч¬нЌ∞“ќ„”Љ“”√Єяґ»‘х√і—°,0 ~ 20,0,0.56,0,20% ~ 25%,0,1,0,0,0,10,5.6,0.225,1.26
2026/08/01,„ш±г∆ч,„ш±г∆ч≤»љ≈µ ,0 ~ 20,0,0.62,0,40% ~ 45%,0,2,0,0,0,10,6.2,0.425,2.635
2026/08/01,„ш±г∆ч, µƒЊ„ш±г∆ч,0 ~ 20,-0.5,0.79,0.04,20% ~ 25%,0,1,0,0,-1,10,7.9,0.225,1.7775
2026/08/01,„ш±г∆ч,‘–ЄЊ„ш±г∆чњ…’џµю,0 ~ 20,0.3,0.68,0.015,0% ~ 1%,-1.05,0,-1.05,0,-1,10,6.8,0.005,0.034
2026/08/01,„ш±г∆ч,‘–ЄЊ”√„ш±г∆ч,0 ~ 20,0,1.06,1.585,30% ~ 35%,0,1,0,0,0,10,10.6,0.325,3.445
2026/08/01,„ш±г∆ч,–°ЇҐ≤ёЋщ„ш±г∆ч,0 ~ 20,-0.2,1.12,0.349,0% ~ 1%,-1.05,0,-1.05,0,-1,10,11.2,0.005,0.056
2026/08/01,„ш±г∆ч,Љў¬нЌ∞„ш±г∆ч,0 ~ 20,0,0.95,0,0% ~ 1%,0,0,0,0,0,10,9.5,0.005,0.0475
2026/08/01,„ш±г∆ч,–°їІ–Ќ–°≥яіз„ш±г∆ч,0 ~ 20,0,0.69,0,10% ~ 15%,0,1,0,0,0,10,6.9,0.125,0.8625
2026/08/01,„ш±г∆ч,„ш±г∆ч≤»љ≈µ ,0 ~ 20,0,0.62,0,40% ~ 45%,0,2,0,0,0,10,6.2,0.425,2.635
2026/08/01,„ш±г∆ч,‘–ЄЊ„ш±г∆чњ…’џµю,0 ~ 20,0.3,0.68,0.015,0% ~ 1%,-1.05,0,-1.05,0,-1,10,6.8,0.005,0.034
2026/08/01,„ш±г∆ч, µƒЊ„ш±г∆ч,0 ~ 20,-0.5,0.79,0.04,20% ~ 25%,0,1,0,0,-1,10,7.9,0.225,1.7775
2026/08/01,„ш±г∆ч,јѕ»Ћ„ш±г∆ч¬нЌ∞“ќ„”Љ“”√Єяґ»‘х√і—°,0 ~ 20,0,0.56,0,20% ~ 25%,0,1,0,0,0,10,5.6,0.225,1.26
2026/08/01,„ш±г∆ч,≥…»Ћ„ш±г∆чµ „”,0 ~ 20,0.55,0.52,-0.358,25% ~ 30%,-0.55,1,0,0,-1,10,5.2,0.275,1.43
2026/08/01,„ш±г∆ч,‘–ЄЊґ„њ”„ш±г∆ч,0 ~ 20,-0.15,0.63,-0.212,15% ~ 20%,0,1,0,0,0,10,6.3,0.175,1.1025
2026/08/01,„ш±г∆ч,Ќ»љ≈≤ї±г„ш±г∆ч,0 ~ 20,0,0.47,0,0% ~ 1%,0,0,0,0,0,10,4.7,0.005,0.0235
2026/08/01,„ш±г∆ч,„ш±г∆ч≤»љ≈µ ,0 ~ 20,0,0.62,0,40% ~ 45%,0,2,0,0,0,10,6.2,0.425,2.635
2026/08/01,„ш±г∆ч,Љў¬нЌ∞„ш±г∆ч,0 ~ 20,0,0.95,0,0% ~ 1%,0,0,0,0,0,10,9.5,0.005,0.0475
2026/08/01,„ш±г∆ч,“∆ґѓ љ„ш±г∆ч,0 ~ 20,0,0.58,-0.275,50% ~ 55%,3.05,2,1.05,0,-1,10,5.8,0.525,3.045
2026/08/01,„ш±г∆ч,Ј≈÷«ƒ№¬нЌ∞…ѕµƒґщЌѓ„ш±г∆ч,0 ~ 20,0,0.96,-0.172,10% ~ 15%,0,1,0,0,-1,10,9.6,0.125,1.2
2026/08/01,„ш±г∆ч,–°ЇҐ≤ёЋщ„ш±г∆ч,0 ~ 20,-0.2,1.12,0.349,0% ~ 1%,-1.05,0,-1.05,0,-1,10,11.2,0.005,0.056
2026/08/01,„ш±г∆ч,±г–ѓ љ“∆ґѓ„ш±г∆ч,0 ~ 20,-0.3,0.2,-0.73,0% ~ 1%,-1.05,0,-1.05,0,-1,10,2,0.005,0.01
2026/08/01,„ш±г∆ч,≥…»Ћ„ш±г∆чµ „”,0 ~ 20,0.55,0.52,-0.358,25% ~ 30%,-0.55,1,0,0,-1,10,5.2,0.275,1.43
2026/08/01,„ш±г∆ч,±¶±¶„ш±г∆ч≈Ѓ±¶”„ґщ„®”√,0 ~ 20,0.3,0.86,-0.339,25% ~ 30%,0.8,2,1.05,0,-1,10,8.6,0.275,2.365
2026/08/01,„ш±г∆ч,„ш±г∆ч¬нЌ∞Є«ЅгЉю≈дЉю,0 ~ 20,-0.15,0.86,0.365,10% ~ 15%,-0.4,1,0,0,-1,10,8.6,0.125,1.075
2026/08/01,„ш±г∆ч,јѕ»Ћ„ш±г∆ч¬нЌ∞“ќ„”Љ“”√Єяґ»‘х√і—°,0 ~ 20,0,0.56,0,20% ~ 25%,0,1,0,0,0,10,5.6,0.225,1.26
2026/08/01,„ш±г∆ч,≥µ‘Ў„ш±г∆ч,0 ~ 20,0,0.33,0,0% ~ 1%,0,0,0,0,0,10,3.3,0.005,0.0165
2026/08/01,„ш±г∆ч,„ш±г∆чµж»¶єиљЇ,0 ~ 20,0,1.09,0.225,20% ~ 25%,0.25,1,0,0,-1,10,10.9,0.225,2.4525
2026/08/01,„ш±г∆ч,„ш±г∆ч«ељаЋҐ,0 ~ 20,-0.45,2.65,1.849,60% ~ 65%,-0.15,3,-0.55,0,-1,10,26.5,0.625,16.5625
2026/08/01,„ш±г∆ч,„ш±г∆ч‘цЄяЉ№,0 ~ 20,0,0.7,0,20% ~ 25%,0,1,0,0,0,10,7,0.225,1.575
2026/08/01,„ш±г∆ч,є…є«ЌЈ хЇу„ш±г∆ч,0 ~ 20,0.15,0.6,0.667,0% ~ 1%,0,0,0,0,-1,10,6,0.005,0.03
2026/08/01,„ш±г∆ч,±¶±¶¬нЌ∞„ш±г∆ч,0 ~ 20,-0.35,0.79,1.194,60% ~ 65%,2.05,3,2.05,0,0,10,7.9,0.625,4.9375
2026/08/01,„ш±г∆ч,ќј‘°¬нЌ∞„ш±г∆ч,0 ~ 20,-0.4,0.57,-0.24,0% ~ 1%,-1.05,0,-1.05,0,0,10,5.7,0.005,0.0285
2026/08/01,„ш±г∆ч,јѕƒк»Ћ “ƒЏ„ш±г∆ч,0 ~ 20,0,0.65,0,25% ~ 30%,0,1,0,0,0,10,6.5,0.275,1.7875
2026/08/01,„ш±г∆ч,„ш±г∆чЈјљ¶ƒтµ≤∞е,0 ~ 20,0,0.23,0,0% ~ 1%,0,0,0,0,0,10,2.3,0.005,0.0115
2026/08/01,„ш±г∆ч,„ш±г∆ч…ѕ√жµƒ÷√ќпЉ№,0 ~ 20,-0.35,0.81,1.077,10% ~ 15%,0,1,0,0,-1,10,8.1,0.125,1.0125
2026/08/01,„ш±г∆ч,Љ“Њ”ґщЌѓ„ш±г∆ч,0 ~ 20,0,1.44,0,25% ~ 30%,0,2,0,0,0,10,14.4,0.275,3.96
2026/08/01,„ш±г∆ч,“їіќ–‘„ш±г∆чћ„ґјЅҐ∞ь„∞,0 ~ 20,-0.15,1,-0.438,50% ~ 55%,0.35,3,0,0,-1,10,10,0.525,5.25
2026/08/01,„ш±г∆ч,ґ„≈и„ш±г∆ч,0 ~ 20,-0.7,0.04,-0.909,0% ~ 1%,-1.05,0,-1.05,0,-1,10,0.4,0.005,0.002
2026/08/01,„ш±г∆ч,„ш±г∆ч∞і≈•,0 ~ 20,0,0.97,0,60% ~ 65%,0,3,0,0,0,10,9.7,0.625,6.0625
2026/08/01,„ш±г∆ч,є…є«ЌЈ хЇу„ш±г∆ч,0 ~ 20,0.15,0.6,0.667,0% ~ 1%,0,0,0,0,-1,10,6,0.005,0.03
2026/08/01,„ш±г∆ч,√…ƒ»јц…ѓ¬нЌ∞„ш±г∆ч,0 ~ 20,-0.3,0.76,-0.29,0% ~ 1%,-1.05,0,-1.05,0,-1,10,7.6,0.005,0.038
2026/08/01,„ш±г∆ч,ґ„±г„ш±г∆ч,0 ~ 20,0,0.88,0,20% ~ 25%,0,1,0,0,0,10,8.8,0.225,1.98
2026/08/01,„ш±г∆ч, “ƒЏ„ш±г∆ч,0 ~ 20,0.15,0.59,-0.734,20% ~ 25%,-0.55,1,-0.55,0,-1,10,5.9,0.225,1.3275
2026/08/01,„ш±г∆ч,ґ„±гЄƒ„ш±г∆ч¬нЌ∞Љ“”√,0 ~ 20,-0.35,0.5,-0.565,0% ~ 1%,-1.05,0,-1.05,0,0,10,5,0.005,0.025
2026/08/01,„ш±г∆ч,„ш±г∆ч“їіќ–‘„шµж,0 ~ 20,-0.35,1.1,0.1,50% ~ 55%,0.55,2,-0.35,0,-1,10,11,0.525,5.775
2026/08/01,„ш±г∆ч, “ƒЏ„ш±г∆ч,0 ~ 20,0.15,0.59,-0.734,20% ~ 25%,-0.55,1,-0.55,0,-1,10,5.9,0.225,1.3275
2026/08/01,„ш±г∆ч,Љ“”√≤ёЋщ„ш±г∆ч,0 ~ 20,0,0.42,-0.263,50% ~ 55%,0,1,0,0,0,10,4.2,0.525,2.205
2026/08/01,„ш±г∆ч,≥µ‘Ў„ш±г∆ч,0 ~ 20,0,0.33,0,0% ~ 1%,0,0,0,0,0,10,3.3,0.005,0.0165
2026/08/01,„ш±г∆ч,√…ƒ»јц…ѓ¬нЌ∞„ш±г∆ч,0 ~ 20,-0.3,0.76,-0.29,0% ~ 1%,-1.05,0,-1.05,0,-1,10,7.6,0.005,0.038
2026/08/01,„ш±г∆ч,є…є«ЌЈ хЇу„ш±г∆ч,0 ~ 20,0.15,0.6,0.667,0% ~ 1%,0,0,0,0,-1,10,6,0.005,0.03
2026/08/01,„ш±г∆ч,„ш±г∆ч…ѕіҐќпєс,0 ~ 20,-0.15,1.08,0.48,0% ~ 1%,-1.05,0,-1.05,0,-1,10,10.8,0.005,0.054
2026/08/01,„ш±г∆ч,„ш±г∆чЈјљ¶ƒтµ≤∞е,0 ~ 20,0,0.23,0,0% ~ 1%,0,0,0,0,0,10,2.3,0.005,0.0115
2026/08/01,„ш±г∆ч,≈©іеЇµ≤ё„ш±г∆ч≤ї≥еЋЃ,0 ~ 20,-0.15,0.69,0.062,25% ~ 30%,0.15,2,1.05,0,-1,10,6.9,0.275,1.8975
2026/08/01,„ш±г∆ч,±г≈и„ш±г∆ч‘х√і”√,0 ~ 20,-0.15,0.29,-0.509,0% ~ 1%,-1.05,0,-1.05,0,0,10,2.9,0.005,0.0145
2026/08/01,„ш±г∆ч,÷ ЅњЇ√µƒјѕ»Ћ„ш±г∆ч,0 ~ 20,-0.4,0.88,-0.12,15% ~ 20%,-0.65,1,-0.7,0,0,10,8.8,0.175,1.54
2026/08/01,„ш±г∆ч,±¶±¶¬нЌ∞„ш±г∆ч,0 ~ 20,-0.35,0.79,1.194,60% ~ 65%,2.05,3,2.05,0,0,10,7.9,0.625,4.9375
2026/08/01,„ш±г∆ч,іуЇ≈јѕ»Ћ„ш±г∆ч,0 ~ 20,0,0.71,0,0% ~ 1%,0,0,0,0,0,10,7.1,0.005,0.0355
2026/08/01,„ш±г∆ч,„ш±г∆ч‘цЄяЉ№,0 ~ 20,0,0.7,0,20% ~ 25%,0,1,0,0,0,10,7,0.225,1.575
2026/08/01,„ш±г∆ч,„ш±г∆чЋЃѕдЄ«,0 ~ 20,-0.15,0.52,-0.288,75% ~ 80%,2.8,3,2.05,0,-1,10,5.2,0.775,4.03
2026/08/01,„ш±г∆ч,±г≈и„ш±г∆ч‘х√і”√,0 ~ 20,-0.15,0.29,-0.509,0% ~ 1%,-1.05,0,-1.05,0,0,10,2.9,0.005,0.0145
2026/08/01,„ш±г∆ч,Љ“Њ”ґщЌѓ„ш±г∆ч,0 ~ 20,0,1.44,0,25% ~ 30%,0,2,0,0,0,10,14.4,0.275,3.96
2026/08/01,„ш±г∆ч, “ƒЏ¬нЌ∞„ш±г∆ч,0 ~ 20,0,1,0,0% ~ 1%,0,0,0,0,0,10,10,0.005,0.05
2026/08/01,„ш±г∆ч,”Ґ ѕ„ш±г∆ч,0 ~ 20,-0.15,0.55,-0.276,0% ~ 1%,-1.05,0,-1.05,0,-1,10,5.5,0.005,0.0275
2026/08/01,„ш±г∆ч,≥…»Ћ“∆ґѓ¬нЌ∞„ш±г∆чњ…’џµю,0 ~ 20,0,0.41,0,30% ~ 35%,0,1,0,0,0,10,4.1,0.325,1.3325
2026/08/01,„ш±г∆ч,„ш±г∆чµж»¶єиљЇ,0 ~ 20,0,1.09,0.225,20% ~ 25%,0.25,1,0,0,-1,10,10.9,0.225,2.4525
2026/08/01,„ш±г∆ч,÷ ЅњЇ√µƒјѕ»Ћ„ш±г∆ч,0 ~ 20,-0.4,0.88,-0.12,15% ~ 20%,-0.65,1,-0.7,0,0,10,8.8,0.175,1.54
2026/08/01,„ш±г∆ч,јѕ»Ћі≤…ѕ„ш±г∆ч,0 ~ 20,-0.35,0,-1,0% ~ 1%,-1.05,0,-1.05,0,-1,10,0,0.005,0
2026/08/01,„ш±г∆ч,¬ьЅъґщЌѓ¬нЌ∞„ш±г∆ч,0 ~ 20,0.35,0.24,-0.442,0% ~ 1%,-1.05,0,-1.05,0,-1,10,2.4,0.005,0.012
2026/08/01,„ш±г∆ч,¬нЌ∞„ш±г∆чґщЌѓ»эЇѕ“ї,0 ~ 20,0,0.13,-0.884,0% ~ 1%,-1.05,0,-1.05,0,-1,10,1.3,0.005,0.0065
2026/08/01,„ш±г∆ч,”§”„ґщ¬нЌ∞„ш±г∆ч,0 ~ 20,-0.35,1.1,0.196,0% ~ 1%,-1.05,0,-1.05,0,-1,10,11,0.005,0.055
2026/08/01,„ш±г∆ч,„ш±г∆ч“їіќ–‘„шµж,0 ~ 20,-0.35,1.1,0.1,50% ~ 55%,0.55,2,-0.35,0,-1,10,11,0.525,5.775
2026/08/01,„ш±г∆ч,¬нЌ∞ґщЌѓ„ш±г∆ч¬•ћЁ љ,0 ~ 20,0.15,0.67,-0.589,0% ~ 1%,-1.05,0,-1.05,0,-1,10,6.7,0.005,0.0335
2026/08/01,„ш±г∆ч,‘–ЄЊ’џµю„ш±г∆ч,0 ~ 20,-0.3,0.47,-0.161,50% ~ 55%,0,2,0,0,-1,10,4.7,0.525,2.4675
2026/08/01,„ш±г∆ч,јѕ љ„ш±г∆ч,0 ~ 20,0,0.74,0,0% ~ 1%,0,0,0,0,0,10,7.4,0.005,0.037
2026/08/01,„ш±г∆ч,“љ‘ЇЌђњо„ш±г∆ч,0 ~ 20,0,0.19,0,0% ~ 1%,0,0,0,0,0,10,1.9,0.005,0.0095
2026/08/01,„ш±г∆ч,„ш±г∆чЋҐ„”,0 ~ 20,-0.4,1,0.37,30% ~ 35%,-0.5,2,-0.65,0,-1,10,10,0.325,3.25
2026/08/01,„ш±г∆ч, “ƒЏ¬нЌ∞„ш±г∆ч,0 ~ 20,0,1,0,0% ~ 1%,0,0,0,0,0,10,10,0.005,0.05
2026/08/01,„ш±г∆ч,≈©іеЇµ≤ёЄƒ„ш±г∆ч,0 ~ 20,0,1.16,0,20% ~ 25%,0,1,0,0,0,10,11.6,0.225,2.61
2026/08/01,„ш±г∆ч,‘–ЄЊ’џµю„ш±г∆ч,0 ~ 20,-0.3,0.47,-0.161,50% ~ 55%,0,2,0,0,-1,10,4.7,0.525,2.4675
2026/08/01,„ш±г∆ч,¬ьЅъґщЌѓ¬нЌ∞„ш±г∆ч,0 ~ 20,0.35,0.24,-0.442,0% ~ 1%,-1.05,0,-1.05,0,-1,10,2.4,0.005,0.012
2026/08/01,„ш±г∆ч,≈©іеЇµ≤ё„ш±г∆ч≤ї≥еЋЃ,0 ~ 20,-0.15,0.69,0.062,25% ~ 30%,0.15,2,1.05,0,-1,10,6.9,0.275,1.8975
2026/08/01,„ш±г∆ч,ґщЌѓ„ш±г∆ч3Ћк“‘…ѕ,0 ~ 20,0,0.63,0,0% ~ 1%,0,0,0,0,0,10,6.3,0.005,0.0315
2026/08/01,„ш±г∆ч,“љ‘ЇЌђњо„ш±г∆ч,0 ~ 20,0,0.19,0,0% ~ 1%,0,0,0,0,0,10,1.9,0.005,0.0095
2026/08/01,„ш±г∆ч,Јјїђ„ш±г∆ч,0 ~ 20,0,1.9,0,75% ~ 80%,0,3,0,0,0,10,19,0.775,14.725
2026/08/01,„ш±г∆ч,јѕ»Ћ„ш±г∆ч‘цЄя,0 ~ 20,0,0.41,0,0% ~ 1%,0,0,0,0,0,10,4.1,0.005,0.0205
